ISO-10303-21;
HEADER;
FILE_DESCRIPTION (( 'STEP AP214' ),
    '1' );
FILE_NAME ('Kuppel.STEP',
    '2026-03-05T14:43:52',
    ( '' ),
    ( '' ),
    'SwSTEP 2.0',
    'SolidWorks 2023',
    '' );
FILE_SCHEMA (( 'AUTOMOTIVE_DESIGN' ));
ENDSEC;

DATA;
#1 = EDGE_CURVE ( 'NONE', #719, #1569, #1202, .T. ) ;
#2 = DIRECTION ( 'NONE',  ( -0.000000000000000000, -0.000000000000000000, -1.000000000000000000 ) ) ;
#3 = LINE ( 'NONE', #529, #1546 ) ;
#4 = CARTESIAN_POINT ( 'NONE',  ( -34.44984884206949260, -0.1049732852253997123, 42.00000000000000000 ) ) ;
#5 =( LENGTH_UNIT ( ) NAMED_UNIT ( * ) SI_UNIT ( .MILLI., .METRE. ) );
#6 = ORIENTED_EDGE ( 'NONE', *, *, #1198, .T. ) ;
#7 = ORIENTED_EDGE ( 'NONE', *, *, #291, .F. ) ;
#8 = DIRECTION ( 'NONE',  ( -1.000000000000000000, 0.000000000000000000, 0.000000000000000000 ) ) ;
#9 = EDGE_CURVE ( 'NONE', #1629, #1056, #440, .T. ) ;
#10 = DIRECTION ( 'NONE',  ( -0.000000000000000000, -0.000000000000000000, -1.000000000000000000 ) ) ;
#11 = PLANE ( 'NONE',  #728 ) ;
#12 = VECTOR ( 'NONE', #453, 1000.000000000000000 ) ;
#13 = EDGE_LOOP ( 'NONE', ( #895, #898, #1640, #337 ) ) ;
#14 = LINE ( 'NONE', #169, #1269 ) ;
#15 = ADVANCED_FACE ( 'NONE', ( #1033 ), #357, .F. ) ;
#16 = FACE_OUTER_BOUND ( 'NONE', #1025, .T. ) ;
#17 = CIRCLE ( 'NONE', #1708, 2.000000000000001776 ) ;
#18 = CARTESIAN_POINT ( 'NONE',  ( -1.750000000000000444, 47.50000000000000711, 3.999999999999996447 ) ) ;
#19 = CARTESIAN_POINT ( 'NONE',  ( 1.895026714772817256, 36.44984884206245113, 0.000000000000000000 ) ) ;
#20 = CIRCLE ( 'NONE', #1436, 1.750000000000000444 ) ;
#21 = FACE_OUTER_BOUND ( 'NONE', #63, .T. ) ;
#22 = CIRCLE ( 'NONE', #927, 1.750000000000001554 ) ;
#23 = EDGE_LOOP ( 'NONE', ( #485, #1654, #95, #1120 ) ) ;
#24 = ORIENTED_EDGE ( 'NONE', *, *, #232, .F. ) ;
#25 = DIRECTION ( 'NONE',  ( -0.000000000000000000, -0.000000000000000000, -1.000000000000000000 ) ) ;
#26 = EDGE_LOOP ( 'NONE', ( #119, #386 ) ) ;
#27 = LINE ( 'NONE', #1246, #235 ) ;
#28 = FACE_OUTER_BOUND ( 'NONE', #1019, .T. ) ;
#29 = CYLINDRICAL_SURFACE ( 'NONE', #444, 25.39999999999999858 ) ;
#30 = DIRECTION ( 'NONE',  ( -0.000000000000000000, -0.000000000000000000, -1.000000000000000000 ) ) ;
#31 = EDGE_CURVE ( 'NONE', #72, #379, #1479, .T. ) ;
#32 = DIRECTION ( 'NONE',  ( 1.000000000000000000, 0.000000000000000000, 0.000000000000000000 ) ) ;
#33 = VERTEX_POINT ( 'NONE', #1020 ) ;
#34 = EDGE_LOOP ( 'NONE', ( #1383, #374, #990, #458 ) ) ;
#35 = FACE_OUTER_BOUND ( 'NONE', #804, .T. ) ;
#36 = ORIENTED_EDGE ( 'NONE', *, *, #438, .F. ) ;
#37 = DIRECTION ( 'NONE',  ( -1.000000000000000000, 0.000000000000000000, 0.000000000000000000 ) ) ;
#38 = CYLINDRICAL_SURFACE ( 'NONE', #1577, 2.000000000000001776 ) ;
#39 = DIRECTION ( 'NONE',  ( -1.000000000000000000, 0.000000000000000000, 0.000000000000000000 ) ) ;
#40 = EDGE_CURVE ( 'NONE', #55, #304, #1551, .T. ) ;
#41 = CARTESIAN_POINT ( 'NONE',  ( 0.000000000000000000, 0.000000000000000000, 3.999999999999996447 ) ) ;
#42 = VERTEX_POINT ( 'NONE', #365 ) ;
#43 = ORIENTED_EDGE ( 'NONE', *, *, #89, .F. ) ;
#44 = DIRECTION ( 'NONE',  ( -0.000000000000000000, -0.000000000000000000, -1.000000000000000000 ) ) ;
#45 = EDGE_LOOP ( 'NONE', ( #839, #452, #1727, #1464 ) ) ;
#46 = CARTESIAN_POINT ( 'NONE',  ( 31.61898170393812180, -18.13401488931353356, 0.000000000000000000 ) ) ;
#47 = AXIS2_PLACEMENT_3D ( 'NONE', #331, #766, #1045 ) ;
#48 = AXIS2_PLACEMENT_3D ( 'NONE', #565, #1108, #1719 ) ;
#49 = LINE ( 'NONE', #1107, #1735 ) ;
#50 = FACE_BOUND ( 'NONE', #464, .T. ) ;
#51 = VECTOR ( 'NONE', #229, 1000.000000000000000 ) ;
#52 = CIRCLE ( 'NONE', #1626, 1.999999999999998224 ) ;
#53 = VERTEX_POINT ( 'NONE', #882 ) ;
#54 = AXIS2_PLACEMENT_3D ( 'NONE', #368, #222, #1583 ) ;
#55 = VERTEX_POINT ( 'NONE', #82 ) ;
#56 = ADVANCED_FACE ( 'NONE', ( #201 ), #1696, .F. ) ;
#57 = CARTESIAN_POINT ( 'NONE',  ( 62.50000000000000000, 7.654042494670956226E-15, 40.00000000000063238 ) ) ;
#58 = DIRECTION ( 'NONE',  ( 0.000000000000000000, 0.000000000000000000, 1.000000000000000000 ) ) ;
#59 = DIRECTION ( 'NONE',  ( 0.000000000000000000, 0.000000000000000000, 1.000000000000000000 ) ) ;
#60 = UNCERTAINTY_MEASURE_WITH_UNIT (LENGTH_MEASURE( 1.000000000000000082E-05 ), #5, 'distance_accuracy_value', 'NONE');
#61 = DIRECTION ( 'NONE',  ( 1.000000000000000000, 0.000000000000000000, 0.000000000000000000 ) ) ;
#62 = EDGE_LOOP ( 'NONE', ( #681, #1416 ) ) ;
#63 = EDGE_LOOP ( 'NONE', ( #1443, #546, #772, #1216 ) ) ;
#64 = LINE ( 'NONE', #1385, #12 ) ;
#65 = EDGE_CURVE ( 'NONE', #1092, #1574, #582, .T. ) ;
#66 = DIRECTION ( 'NONE',  ( -0.000000000000000000, -0.000000000000000000, -1.000000000000000000 ) ) ;
#67 = FACE_BOUND ( 'NONE', #1072, .T. ) ;
#68 = FACE_BOUND ( 'NONE', #508, .T. ) ;
#69 = CARTESIAN_POINT ( 'NONE',  ( -5.382673574888913610E-12, -47.50000000000000000, 42.00000000000000000 ) ) ;
#70 = ORIENTED_EDGE ( 'NONE', *, *, #771, .T. ) ;
#71 = EDGE_LOOP ( 'NONE', ( #341, #1689 ) ) ;
#72 = VERTEX_POINT ( 'NONE', #1377 ) ;
#73 = AXIS2_PLACEMENT_3D ( 'NONE', #1580, #767, #75 ) ;
#74 = EDGE_CURVE ( 'NONE', #1585, #969, #810, .T. ) ;
#75 = DIRECTION ( 'NONE',  ( -1.000000000000000000, 0.000000000000000000, 0.000000000000000000 ) ) ;
#76 = ORIENTED_EDGE ( 'NONE', *, *, #564, .F. ) ;
#77 = CARTESIAN_POINT ( 'NONE',  ( -0.1049732852271832440, 36.44984884206245113, 0.000000000000000000 ) ) ;
#78 = LINE ( 'NONE', #1692, #470 ) ;
#79 = CIRCLE ( 'NONE', #757, 2.000000000000001776 ) ;
#80 = VECTOR ( 'NONE', #479, 1000.000000000000000 ) ;
#81 = VERTEX_POINT ( 'NONE', #838 ) ;
#82 = CARTESIAN_POINT ( 'NONE',  ( -60.50000000000019895, 0.000000000000000000, 47.00000000000000000 ) ) ;
#83 = DIRECTION ( 'NONE',  ( -1.000000000000000000, 0.000000000000000000, 0.000000000000000000 ) ) ;
#84 = FACE_BOUND ( 'NONE', #1220, .T. ) ;
#85 = VERTEX_POINT ( 'NONE', #234 ) ;
#86 = CARTESIAN_POINT ( 'NONE',  ( 41.13620667975951051, 23.74999999999764100, 42.00000000000000000 ) ) ;
#87 = LINE ( 'NONE', #1439, #670 ) ;
#88 = DIRECTION ( 'NONE',  ( -1.000000000000000000, 0.000000000000000000, 0.000000000000000000 ) ) ;
#89 = EDGE_CURVE ( 'NONE', #705, #1091, #1051, .T. ) ;
#90 = ORIENTED_EDGE ( 'NONE', *, *, #543, .F. ) ;
#91 = ORIENTED_EDGE ( 'NONE', *, *, #1328, .T. ) ;
#92 = VERTEX_POINT ( 'NONE', #920 ) ;
#93 = DIRECTION ( 'NONE',  ( 1.000000000000000000, 0.000000000000000000, 0.000000000000000000 ) ) ;
#94 = EDGE_CURVE ( 'NONE', #1392, #1670, #1342, .T. ) ;
#95 = ORIENTED_EDGE ( 'NONE', *, *, #1217, .T. ) ;
#96 = ORIENTED_EDGE ( 'NONE', *, *, #1, .F. ) ;
#97 = CIRCLE ( 'NONE', #661, 1.999999999999998224 ) ;
#98 = DIRECTION ( 'NONE',  ( 1.000000000000000000, 0.000000000000000000, -0.000000000000000000 ) ) ;
#99 = EDGE_LOOP ( 'NONE', ( #765, #1537 ) ) ;
#100 = CARTESIAN_POINT ( 'NONE',  ( 0.1049732852183500320, -36.44984884206770914, 0.000000000000000000 ) ) ;
#101 = CIRCLE ( 'NONE', #1122, 2.000000000000001776 ) ;
#102 = EDGE_LOOP ( 'NONE', ( #768, #425 ) ) ;
#103 = AXIS2_PLACEMENT_3D ( 'NONE', #841, #822, #302 ) ;
#104 = ORIENTED_EDGE ( 'NONE', *, *, #1165, .F. ) ;
#105 = AXIS2_PLACEMENT_3D ( 'NONE', #688, #435, #287 ) ;
#106 = EDGE_CURVE ( 'NONE', #128, #598, #1707, .T. ) ;
#107 = DIRECTION ( 'NONE',  ( 1.000000000000000000, 0.000000000000000000, 0.000000000000000000 ) ) ;
#108 = FACE_OUTER_BOUND ( 'NONE', #301, .T. ) ;
#109 = CARTESIAN_POINT ( 'NONE',  ( 29.61898170393811824, -18.13401488931353356, 0.000000000000000000 ) ) ;
#110 = ORIENTED_EDGE ( 'NONE', *, *, #1508, .T. ) ;
#111 = ORIENTED_EDGE ( 'NONE', *, *, #847, .F. ) ;
#112 = DIRECTION ( 'NONE',  ( 0.000000000000000000, 0.000000000000000000, 1.000000000000000000 ) ) ;
#113 = AXIS2_PLACEMENT_3D ( 'NONE', #1085, #1610, #1720 ) ;
#114 = EDGE_CURVE ( 'NONE', #1690, #828, #1406, .T. ) ;
#115 = CYLINDRICAL_SURFACE ( 'NONE', #641, 66.49999999999998579 ) ;
#116 = ORIENTED_EDGE ( 'NONE', *, *, #94, .F. ) ;
#117 = DIRECTION ( 'NONE',  ( 0.000000000000000000, 0.000000000000000000, -1.000000000000000000 ) ) ;
#118 = DIRECTION ( 'NONE',  ( 0.000000000000000000, 0.000000000000000000, 1.000000000000000000 ) ) ;
#119 = ORIENTED_EDGE ( 'NONE', *, *, #1142, .F. ) ;
#120 = DIRECTION ( 'NONE',  ( -1.000000000000000000, 0.000000000000000000, 0.000000000000000000 ) ) ;
#121 = CYLINDRICAL_SURFACE ( 'NONE', #785, 1.750000000000001554 ) ;
#122 = EDGE_CURVE ( 'NONE', #1147, #466, #1637, .T. ) ;
#123 = DIRECTION ( 'NONE',  ( -0.000000000000000000, -0.000000000000000000, -1.000000000000000000 ) ) ;
#124 = CYLINDRICAL_SURFACE ( 'NONE', #185, 66.49999999999998579 ) ;
#125 = AXIS2_PLACEMENT_3D ( 'NONE', #1666, #149, #962 ) ;
#126 = EDGE_CURVE ( 'NONE', #894, #746, #258, .T. ) ;
#127 = ORIENTED_EDGE ( 'NONE', *, *, #338, .F. ) ;
#128 = VERTEX_POINT ( 'NONE', #1229 ) ;
#129 = AXIS2_PLACEMENT_3D ( 'NONE', #1203, #678, #781 ) ;
#130 = DIRECTION ( 'NONE',  ( -0.000000000000000000, -0.000000000000000000, -1.000000000000000000 ) ) ;
#131 = DIRECTION ( 'NONE',  ( 0.000000000000000000, 0.000000000000000000, -1.000000000000000000 ) ) ;
#132 = AXIS2_PLACEMENT_3D ( 'NONE', #219, #1310, #635 ) ;
#133 = ADVANCED_FACE ( 'NONE', ( #142 ), #965, .F. ) ;
#134 = ORIENTED_EDGE ( 'NONE', *, *, #1625, .T. ) ;
#135 = CARTESIAN_POINT ( 'NONE',  ( 39.38620667975950340, 23.74999999999764100, 0.000000000000000000 ) ) ;
#136 = DIRECTION ( 'NONE',  ( -1.000000000000000000, 0.000000000000000000, 0.000000000000000000 ) ) ;
#137 = ORIENTED_EDGE ( 'NONE', *, *, #1036, .T. ) ;
#138 = ADVANCED_FACE ( 'NONE', ( #21 ), #1318, .T. ) ;
#139 = LINE ( 'NONE', #694, #875 ) ;
#140 = DIRECTION ( 'NONE',  ( 0.000000000000000000, 0.000000000000000000, -1.000000000000000000 ) ) ;
#141 = CARTESIAN_POINT ( 'NONE',  ( -16.13401488931532413, -31.61898170394517038, 42.00000000000000000 ) ) ;
#142 = FACE_OUTER_BOUND ( 'NONE', #1021, .T. ) ;
#143 = DIRECTION ( 'NONE',  ( -1.000000000000000000, 0.000000000000000000, 0.000000000000000000 ) ) ;
#144 = ORIENTED_EDGE ( 'NONE', *, *, #204, .T. ) ;
#145 = ORIENTED_EDGE ( 'NONE', *, *, #596, .T. ) ;
#146 = CARTESIAN_POINT ( 'NONE',  ( -16.31583395275860227, 31.51400841871716096, 3.999999999999996447 ) ) ;
#147 = DIRECTION ( 'NONE',  ( -0.000000000000000000, -0.000000000000000000, -1.000000000000000000 ) ) ;
#148 = CARTESIAN_POINT ( 'NONE',  ( -20.13401488931532768, -31.61898170394517038, 0.000000000000000000 ) ) ;
#149 = DIRECTION ( 'NONE',  ( 0.000000000000000000, 0.000000000000000000, 1.000000000000000000 ) ) ;
#150 = CARTESIAN_POINT ( 'NONE',  ( 33.61898170393812535, -18.13401488931353356, 3.999999999999996447 ) ) ;
#151 = VECTOR ( 'NONE', #963, 1000.000000000000000 ) ;
#152 = CYLINDRICAL_SURFACE ( 'NONE', #1409, 1.999999999999998224 ) ;
#153 = VECTOR ( 'NONE', #1255, 1000.000000000000000 ) ;
#154 = CARTESIAN_POINT ( 'NONE',  ( -41.13620667976217504, 23.75000000000234124, 0.000000000000000000 ) ) ;
#155 = CIRCLE ( 'NONE', #1381, 2.000000000000000444 ) ;
#156 = DIRECTION ( 'NONE',  ( -0.000000000000000000, -0.000000000000000000, -1.000000000000000000 ) ) ;
#157 = EDGE_LOOP ( 'NONE', ( #1047, #1530, #590, #775 ) ) ;
#158 = VERTEX_POINT ( 'NONE', #1362 ) ;
#159 = EDGE_LOOP ( 'NONE', ( #488, #778, #436, #110 ) ) ;
#160 = CARTESIAN_POINT ( 'NONE',  ( -18.13401488931532768, -31.61898170394517038, 42.00000000000000000 ) ) ;
#161 = DIRECTION ( 'NONE',  ( -0.000000000000000000, -0.000000000000000000, -1.000000000000000000 ) ) ;
#162 = CYLINDRICAL_SURFACE ( 'NONE', #446, 2.000000000000001776 ) ;
#163 = ADVANCED_FACE ( 'NONE', ( #714 ), #1286, .T. ) ;
#164 = DIRECTION ( 'NONE',  ( -0.000000000000000000, -0.000000000000000000, -1.000000000000000000 ) ) ;
#165 = DIRECTION ( 'NONE',  ( 1.000000000000000000, 0.000000000000000000, 0.000000000000000000 ) ) ;
#166 = ORIENTED_EDGE ( 'NONE', *, *, #1066, .T. ) ;
#167 = EDGE_LOOP ( 'NONE', ( #76, #269, #803, #891 ) ) ;
#168 = CARTESIAN_POINT ( 'NONE',  ( -66.49999999999998579, 0.000000000000000000, 5.000000000000000000 ) ) ;
#169 = CARTESIAN_POINT ( 'NONE',  ( 2.104973285218350476, -36.44984884206770914, 42.00000000000000000 ) ) ;
#170 = ORIENTED_EDGE ( 'NONE', *, *, #1533, .T. ) ;
#171 = CARTESIAN_POINT ( 'NONE',  ( 0.000000000000000000, 0.000000000000000000, 42.00000000000000000 ) ) ;
#172 = CARTESIAN_POINT ( 'NONE',  ( 18.31583395274975246, -31.51400841872239411, 0.000000000000000000 ) ) ;
#173 = DIRECTION ( 'NONE',  ( 0.000000000000000000, 0.000000000000000000, 1.000000000000000000 ) ) ;
#174 = ORIENTED_EDGE ( 'NONE', *, *, #1386, .T. ) ;
#175 = AXIS2_PLACEMENT_3D ( 'NONE', #282, #58, #985 ) ;
#176 = EDGE_LOOP ( 'NONE', ( #1380, #626, #1102, #370 ) ) ;
#177 = LINE ( 'NONE', #593, #919 ) ;
#178 = AXIS2_PLACEMENT_3D ( 'NONE', #912, #483, #1302 ) ;
#179 = CARTESIAN_POINT ( 'NONE',  ( -62.50000000000000000, 0.000000000000000000, 47.00000000000000000 ) ) ;
#180 = FACE_BOUND ( 'NONE', #853, .T. ) ;
#181 = CIRCLE ( 'NONE', #1230, 2.000000000000001776 ) ;
#182 = CARTESIAN_POINT ( 'NONE',  ( -36.44984884206949971, -0.1049732852253999482, 0.000000000000000000 ) ) ;
#183 = AXIS2_PLACEMENT_3D ( 'NONE', #899, #760, #342 ) ;
#184 = ORIENTED_EDGE ( 'NONE', *, *, #957, .F. ) ;
#185 = AXIS2_PLACEMENT_3D ( 'NONE', #1181, #784, #239 ) ;
#186 = EDGE_CURVE ( 'NONE', #1147, #1159, #726, .T. ) ;
#187 = ORIENTED_EDGE ( 'NONE', *, *, #1636, .T. ) ;
#188 = DIRECTION ( 'NONE',  ( -1.000000000000000000, 0.000000000000000000, 0.000000000000000000 ) ) ;
#189 = FACE_OUTER_BOUND ( 'NONE', #780, .T. ) ;
#190 = DIRECTION ( 'NONE',  ( -0.000000000000000000, -0.000000000000000000, -1.000000000000000000 ) ) ;
#191 = VERTEX_POINT ( 'NONE', #1609 ) ;
#192 = AXIS2_PLACEMENT_3D ( 'NONE', #385, #818, #107 ) ;
#193 = EDGE_CURVE ( 'NONE', #1587, #53, #1260, .T. ) ;
#194 = EDGE_LOOP ( 'NONE', ( #506, #91, #605, #989 ) ) ;
#195 = ORIENTED_EDGE ( 'NONE', *, *, #790, .F. ) ;
#196 = FACE_OUTER_BOUND ( 'NONE', #727, .T. ) ;
#197 = VERTEX_POINT ( 'NONE', #423 ) ;
#198 = CARTESIAN_POINT ( 'NONE',  ( -31.51400841872419178, -18.31583395275679749, 42.00000000000000000 ) ) ;
#199 = DIRECTION ( 'NONE',  ( -0.000000000000000000, -0.000000000000000000, -1.000000000000000000 ) ) ;
#200 = EDGE_LOOP ( 'NONE', ( #43, #1243, #355, #607 ) ) ;
#201 = FACE_OUTER_BOUND ( 'NONE', #23, .T. ) ;
#202 = CIRCLE ( 'NONE', #806, 66.49999999999998579 ) ;
#203 = PRODUCT_DEFINITION_SHAPE ( 'NONE', 'NONE',  #273 ) ;
#204 = EDGE_CURVE ( 'NONE', #92, #197, #1653, .T. ) ;
#205 = PRESENTATION_STYLE_ASSIGNMENT (( #1303 ) ) ;
#206 = ORIENTED_EDGE ( 'NONE', *, *, #1367, .T. ) ;
#207 = CARTESIAN_POINT ( 'NONE',  ( -5.382673574888913610E-12, -47.50000000000000000, 3.999999999999996447 ) ) ;
#208 = DIRECTION ( 'NONE',  ( -0.000000000000000000, -0.000000000000000000, -1.000000000000000000 ) ) ;
#209 = AXIS2_PLACEMENT_3D ( 'NONE', #1511, #551, #272 ) ;
#210 = VERTEX_POINT ( 'NONE', #1201 ) ;
#211 = ORIENTED_EDGE ( 'NONE', *, *, #1195, .F. ) ;
#212 = DIRECTION ( 'NONE',  ( -0.000000000000000000, -0.000000000000000000, -1.000000000000000000 ) ) ;
#213 = ORIENTED_EDGE ( 'NONE', *, *, #291, .T. ) ;
#214 = EDGE_CURVE ( 'NONE', #821, #942, #286, .T. ) ;
#215 = DIRECTION ( 'NONE',  ( 1.000000000000000000, 0.000000000000000000, 0.000000000000000000 ) ) ;
#216 = CARTESIAN_POINT ( 'NONE',  ( -16.31583395275860227, 31.51400841871716096, 42.00000000000000000 ) ) ;
#217 = EDGE_LOOP ( 'NONE', ( #1428, #1329 ) ) ;
#218 = DIRECTION ( 'NONE',  ( 1.000000000000000000, 0.000000000000000000, 0.000000000000000000 ) ) ;
#219 = CARTESIAN_POINT ( 'NONE',  ( -31.51400841872419178, -18.31583395275679749, 3.999999999999996447 ) ) ;
#220 = DIRECTION ( 'NONE',  ( 1.000000000000000000, 0.000000000000000000, 0.000000000000000000 ) ) ;
#221 = EDGE_LOOP ( 'NONE', ( #1529, #206, #1050, #534 ) ) ;
#222 = DIRECTION ( 'NONE',  ( 0.000000000000000000, 0.000000000000000000, -1.000000000000000000 ) ) ;
#223 = ADVANCED_FACE ( 'NONE', ( #1517 ), #515, .T. ) ;
#224 = EDGE_LOOP ( 'NONE', ( #1581, #1495, #1161, #184 ) ) ;
#225 = DIRECTION ( 'NONE',  ( -1.000000000000000000, 0.000000000000000000, 0.000000000000000000 ) ) ;
#226 = AXIS2_PLACEMENT_3D ( 'NONE', #154, #321, #39 ) ;
#227 = CYLINDRICAL_SURFACE ( 'NONE', #949, 1.750000000000001554 ) ;
#228 = VERTEX_POINT ( 'NONE', #1733 ) ;
#229 = DIRECTION ( 'NONE',  ( -0.000000000000000000, -0.000000000000000000, -1.000000000000000000 ) ) ;
#230 = DIRECTION ( 'NONE',  ( 0.000000000000000000, 0.000000000000000000, -1.000000000000000000 ) ) ;
#231 = VERTEX_POINT ( 'NONE', #525 ) ;
#232 = EDGE_CURVE ( 'NONE', #1150, #1721, #202, .T. ) ;
#233 = VECTOR ( 'NONE', #208, 1000.000000000000000 ) ;
#234 = CARTESIAN_POINT ( 'NONE',  ( 60.50000000000019895, 7.531577814756235277E-15, 47.00000000000000000 ) ) ;
#235 = VECTOR ( 'NONE', #979, 1000.000000000000000 ) ;
#236 = CARTESIAN_POINT ( 'NONE',  ( -16.13401488931532413, -31.61898170394517038, 3.999999999999996447 ) ) ;
#237 = EDGE_LOOP ( 'NONE', ( #1253, #1295 ) ) ;
#238 = DIRECTION ( 'NONE',  ( 0.000000000000000000, 0.000000000000000000, -1.000000000000000000 ) ) ;
#239 = DIRECTION ( 'NONE',  ( -1.000000000000000000, 0.000000000000000000, 0.000000000000000000 ) ) ;
#240 = ORIENTED_EDGE ( 'NONE', *, *, #1358, .F. ) ;
#241 = CARTESIAN_POINT ( 'NONE',  ( -0.1049732852271832440, 36.44984884206245113, 3.999999999999996447 ) ) ;
#242 = EDGE_CURVE ( 'NONE', #249, #246, #1083, .T. ) ;
#243 = DIRECTION ( 'NONE',  ( -1.000000000000000000, 0.000000000000000000, 0.000000000000000000 ) ) ;
#244 = DIRECTION ( 'NONE',  ( 1.000000000000000000, 0.000000000000000000, 0.000000000000000000 ) ) ;
#245 = EDGE_CURVE ( 'NONE', #53, #416, #802, .T. ) ;
#246 = VERTEX_POINT ( 'NONE', #572 ) ;
#247 = LINE ( 'NONE', #4, #377 ) ;
#248 = LINE ( 'NONE', #1337, #1582 ) ;
#249 = VERTEX_POINT ( 'NONE', #1397 ) ;
#250 = ORIENTED_EDGE ( 'NONE', *, *, #1730, .F. ) ;
#251 = CARTESIAN_POINT ( 'NONE',  ( 62.50000000000000000, 7.654042494670956226E-15, 5.000000000000000000 ) ) ;
#252 = LINE ( 'NONE', #1600, #352 ) ;
#253 = CARTESIAN_POINT ( 'NONE',  ( 18.13401488930650274, 31.61898170393991592, 42.00000000000000000 ) ) ;
#254 = CARTESIAN_POINT ( 'NONE',  ( 0.000000000000000000, 0.000000000000000000, 0.000000000000000000 ) ) ;
#255 = DIRECTION ( 'NONE',  ( 0.000000000000000000, 0.000000000000000000, 1.000000000000000000 ) ) ;
#256 = EDGE_CURVE ( 'NONE', #1721, #1150, #1680, .T. ) ;
#257 = CIRCLE ( 'NONE', #317, 1.999999999999998224 ) ;
#258 = CIRCLE ( 'NONE', #869, 1.999999999999998224 ) ;
#259 = ORIENTED_EDGE ( 'NONE', *, *, #1225, .T. ) ;
#260 = CARTESIAN_POINT ( 'NONE',  ( 39.38620667975950340, 23.74999999999764100, 42.00000000000000000 ) ) ;
#261 = CIRCLE ( 'NONE', #209, 1.750000000000001554 ) ;
#262 = CIRCLE ( 'NONE', #923, 1.999999999999998224 ) ;
#263 = CYLINDRICAL_SURFACE ( 'NONE', #1013, 2.000000000000001776 ) ;
#264 = CIRCLE ( 'NONE', #1378, 1.750000000000001554 ) ;
#265 = DIRECTION ( 'NONE',  ( 0.000000000000000000, 0.000000000000000000, 1.000000000000000000 ) ) ;
#266 = AXIS2_PLACEMENT_3D ( 'NONE', #271, #1524, #1222 ) ;
#267 =( GEOMETRIC_REPRESENTATION_CONTEXT ( 3 ) GLOBAL_UNCERTAINTY_ASSIGNED_CONTEXT ( ( #60 ) ) GLOBAL_UNIT_ASSIGNED_CONTEXT ( ( #5, #809, #1513 ) ) REPRESENTATION_CONTEXT ( 'NONE', 'WORKASPACE' ) );
#268 = ADVANCED_FACE ( 'NONE', ( #584 ), #1236, .F. ) ;
#269 = ORIENTED_EDGE ( 'NONE', *, *, #1638, .T. ) ;
#270 = DIRECTION ( 'NONE',  ( 0.000000000000000000, 0.000000000000000000, -1.000000000000000000 ) ) ;
#271 = CARTESIAN_POINT ( 'NONE',  ( -31.61898170394698226, 18.13401488930826844, 0.000000000000000000 ) ) ;
#272 = DIRECTION ( 'NONE',  ( 1.000000000000000000, 0.000000000000000000, 0.000000000000000000 ) ) ;
#273 = PRODUCT_DEFINITION ( 'UNKNOWN', '', #448, #462 ) ;
#274 = AXIS2_PLACEMENT_3D ( 'NONE', #1160, #467, #220 ) ;
#275 = CARTESIAN_POINT ( 'NONE',  ( 41.13620667975679623, -23.75000000000234834, 0.000000000000000000 ) ) ;
#276 = CYLINDRICAL_SURFACE ( 'NONE', #526, 2.000000000000000444 ) ;
#277 = DIRECTION ( 'NONE',  ( 1.000000000000000000, 0.000000000000000000, 0.000000000000000000 ) ) ;
#278 = ORIENTED_EDGE ( 'NONE', *, *, #627, .F. ) ;
#279 = EDGE_LOOP ( 'NONE', ( #1068, #842 ) ) ;
#280 = EDGE_CURVE ( 'NONE', #977, #1454, #257, .T. ) ;
#281 = CARTESIAN_POINT ( 'NONE',  ( -66.49999999999998579, 0.000000000000000000, 5.000000000000000000 ) ) ;
#282 = CARTESIAN_POINT ( 'NONE',  ( 0.1049732852183500320, -36.44984884206770914, 3.999999999999996447 ) ) ;
#283 = DIRECTION ( 'NONE',  ( -1.000000000000000000, 0.000000000000000000, 0.000000000000000000 ) ) ;
#284 = DIRECTION ( 'NONE',  ( -0.000000000000000000, -0.000000000000000000, -1.000000000000000000 ) ) ;
#285 = DIRECTION ( 'NONE',  ( 1.000000000000000000, 0.000000000000000000, 0.000000000000000000 ) ) ;
#286 = CIRCLE ( 'NONE', #945, 1.750000000000000444 ) ;
#287 = DIRECTION ( 'NONE',  ( 1.000000000000000000, 0.000000000000000000, 0.000000000000000000 ) ) ;
#288 = ORIENTED_EDGE ( 'NONE', *, *, #847, .T. ) ;
#289 = ORIENTED_EDGE ( 'NONE', *, *, #438, .T. ) ;
#290 = DIRECTION ( 'NONE',  ( -1.000000000000000000, 0.000000000000000000, 0.000000000000000000 ) ) ;
#291 = EDGE_CURVE ( 'NONE', #746, #1340, #177, .T. ) ;
#292 = ORIENTED_EDGE ( 'NONE', *, *, #106, .T. ) ;
#293 = CARTESIAN_POINT ( 'NONE',  ( 41.13620667975679623, -23.75000000000234834, 42.00000000000000000 ) ) ;
#294 = FACE_OUTER_BOUND ( 'NONE', #221, .T. ) ;
#295 = AXIS2_PLACEMENT_3D ( 'NONE', #663, #117, #421 ) ;
#296 = CARTESIAN_POINT ( 'NONE',  ( -36.44984884206949971, -0.1049732852253999482, 42.00000000000000000 ) ) ;
#297 = AXIS2_PLACEMENT_3D ( 'NONE', #1300, #335, #1004 ) ;
#298 = AXIS2_PLACEMENT_3D ( 'NONE', #490, #1034, #83 ) ;
#299 = DIRECTION ( 'NONE',  ( 0.000000000000000000, 0.000000000000000000, 1.000000000000000000 ) ) ;
#300 = ORIENTED_EDGE ( 'NONE', *, *, #1129, .F. ) ;
#301 = EDGE_LOOP ( 'NONE', ( #144, #426, #689, #1154 ) ) ;
#302 = DIRECTION ( 'NONE',  ( -1.000000000000000000, 0.000000000000000000, 0.000000000000000000 ) ) ;
#303 = FACE_OUTER_BOUND ( 'NONE', #200, .T. ) ;
#304 = VERTEX_POINT ( 'NONE', #970 ) ;
#305 = CARTESIAN_POINT ( 'NONE',  ( 33.51400841871534908, 18.31583395275154658, 0.000000000000000000 ) ) ;
#306 = EDGE_CURVE ( 'NONE', #943, #1324, #1258, .T. ) ;
#307 = DIRECTION ( 'NONE',  ( -0.000000000000000000, -0.000000000000000000, -1.000000000000000000 ) ) ;
#308 = EDGE_LOOP ( 'NONE', ( #7, #1179, #960, #1476 ) ) ;
#309 = ORIENTED_EDGE ( 'NONE', *, *, #1307, .T. ) ;
#310 = ORIENTED_EDGE ( 'NONE', *, *, #1579, .F. ) ;
#311 = DIRECTION ( 'NONE',  ( -0.000000000000000000, -0.000000000000000000, -1.000000000000000000 ) ) ;
#312 = LINE ( 'NONE', #179, #1009 ) ;
#313 = EDGE_CURVE ( 'NONE', #1584, #1091, #491, .T. ) ;
#314 = DIRECTION ( 'NONE',  ( -1.000000000000000000, 0.000000000000000000, 0.000000000000000000 ) ) ;
#315 = CARTESIAN_POINT ( 'NONE',  ( -31.51400841872419178, -18.31583395275679749, 0.000000000000000000 ) ) ;
#316 = ORIENTED_EDGE ( 'NONE', *, *, #512, .F. ) ;
#317 = AXIS2_PLACEMENT_3D ( 'NONE', #443, #720, #844 ) ;
#318 = ORIENTED_EDGE ( 'NONE', *, *, #242, .T. ) ;
#319 = DIRECTION ( 'NONE',  ( 0.000000000000000000, 0.000000000000000000, 1.000000000000000000 ) ) ;
#320 = CARTESIAN_POINT ( 'NONE',  ( 18.31583395274975246, -31.51400841872239411, 3.999999999999996447 ) ) ;
#321 = DIRECTION ( 'NONE',  ( 0.000000000000000000, 0.000000000000000000, -1.000000000000000000 ) ) ;
#322 = AXIS2_PLACEMENT_3D ( 'NONE', #697, #971, #1237 ) ;
#323 = CYLINDRICAL_SURFACE ( 'NONE', #1152, 2.000000000000001776 ) ;
#324 = AXIS2_PLACEMENT_3D ( 'NONE', #315, #1441, #471 ) ;
#325 = DIRECTION ( 'NONE',  ( -0.000000000000000000, -0.000000000000000000, -1.000000000000000000 ) ) ;
#326 = VECTOR ( 'NONE', #10, 1000.000000000000000 ) ;
#327 = ADVANCED_FACE ( 'NONE', ( #28 ), #834, .F. ) ;
#328 = AXIS2_PLACEMENT_3D ( 'NONE', #41, #975, #1519 ) ;
#329 = ORIENTED_EDGE ( 'NONE', *, *, #193, .F. ) ;
#330 = EDGE_LOOP ( 'NONE', ( #437, #1183 ) ) ;
#331 = CARTESIAN_POINT ( 'NONE',  ( -18.13401488931532768, -31.61898170394517038, 42.00000000000000000 ) ) ;
#332 = EDGE_CURVE ( 'NONE', #349, #559, #1506, .T. ) ;
#333 = FACE_BOUND ( 'NONE', #1053, .T. ) ;
#334 = DIRECTION ( 'NONE',  ( 0.000000000000000000, 0.000000000000000000, 1.000000000000000000 ) ) ;
#335 = DIRECTION ( 'NONE',  ( 0.000000000000000000, 0.000000000000000000, 1.000000000000000000 ) ) ;
#336 = VERTEX_POINT ( 'NONE', #1105 ) ;
#337 = ORIENTED_EDGE ( 'NONE', *, *, #1209, .F. ) ;
#338 = EDGE_CURVE ( 'NONE', #228, #1701, #1144, .T. ) ;
#339 = DIRECTION ( 'NONE',  ( 0.000000000000000000, 0.000000000000000000, 1.000000000000000000 ) ) ;
#340 = DIRECTION ( 'NONE',  ( 0.000000000000000000, 0.000000000000000000, 1.000000000000000000 ) ) ;
#341 = ORIENTED_EDGE ( 'NONE', *, *, #1002, .F. ) ;
#342 = DIRECTION ( 'NONE',  ( 1.000000000000000000, 0.000000000000000000, -0.000000000000000000 ) ) ;
#343 = CARTESIAN_POINT ( 'NONE',  ( 33.61898170393812535, -18.13401488931353356, 0.000000000000000000 ) ) ;
#344 = EDGE_LOOP ( 'NONE', ( #1188, #1419 ) ) ;
#345 = EDGE_LOOP ( 'NONE', ( #887, #1448, #1232, #1520 ) ) ;
#346 = EDGE_CURVE ( 'NONE', #55, #85, #752, .T. ) ;
#347 = AXIS2_PLACEMENT_3D ( 'NONE', #1275, #740, #37 ) ;
#348 = FACE_BOUND ( 'NONE', #860, .T. ) ;
#349 = VERTEX_POINT ( 'NONE', #863 ) ;
#350 = LINE ( 'NONE', #1535, #846 ) ;
#351 = DIRECTION ( 'NONE',  ( 1.000000000000000000, 0.000000000000000000, 0.000000000000000000 ) ) ;
#352 = VECTOR ( 'NONE', #1621, 1000.000000000000000 ) ;
#353 = EDGE_CURVE ( 'NONE', #959, #1103, #779, .T. ) ;
#354 = AXIS2_PLACEMENT_3D ( 'NONE', #1496, #568, #451 ) ;
#355 = ORIENTED_EDGE ( 'NONE', *, *, #1723, .T. ) ;
#356 = VECTOR ( 'NONE', #709, 1000.000000000000000 ) ;
#357 = CYLINDRICAL_SURFACE ( 'NONE', #47, 2.000000000000001776 ) ;
#358 = CARTESIAN_POINT ( 'NONE',  ( 1.749999999994617861, -47.50000000000000000, 3.999999999999996447 ) ) ;
#359 = FACE_OUTER_BOUND ( 'NONE', #653, .T. ) ;
#360 = CARTESIAN_POINT ( 'NONE',  ( 34.44984884206066056, 0.1049732852201437361, 3.999999999999996447 ) ) ;
#361 = ORIENTED_EDGE ( 'NONE', *, *, #1712, .T. ) ;
#362 = CARTESIAN_POINT ( 'NONE',  ( -39.38620667976487510, -23.74999999999766587, 3.999999999999996447 ) ) ;
#363 = DIRECTION ( 'NONE',  ( -0.000000000000000000, -0.000000000000000000, -1.000000000000000000 ) ) ;
#364 = ORIENTED_EDGE ( 'NONE', *, *, #859, .T. ) ;
#365 = CARTESIAN_POINT ( 'NONE',  ( -34.44984884206949260, -0.1049732852253997123, 0.000000000000000000 ) ) ;
#366 = CYLINDRICAL_SURFACE ( 'NONE', #986, 1.750000000000000444 ) ;
#367 = SURFACE_STYLE_FILL_AREA ( #1586 ) ;
#368 = CARTESIAN_POINT ( 'NONE',  ( 0.000000000000000000, 47.50000000000000711, 0.000000000000000000 ) ) ;
#369 = EDGE_CURVE ( 'NONE', #1392, #753, #64, .T. ) ;
#370 = ORIENTED_EDGE ( 'NONE', *, *, #460, .T. ) ;
#371 = CARTESIAN_POINT ( 'NONE',  ( 0.000000000000000000, 0.000000000000000000, 47.00000000000000000 ) ) ;
#372 = AXIS2_PLACEMENT_3D ( 'NONE', #1284, #212, #1038 ) ;
#373 = DIRECTION ( 'NONE',  ( -0.000000000000000000, -0.000000000000000000, -1.000000000000000000 ) ) ;
#374 = ORIENTED_EDGE ( 'NONE', *, *, #1694, .T. ) ;
#375 = CARTESIAN_POINT ( 'NONE',  ( 0.1049732852183500320, -36.44984884206770914, 3.999999999999996447 ) ) ;
#376 = ADVANCED_FACE ( 'NONE', ( #729 ), #1134, .F. ) ;
#377 = VECTOR ( 'NONE', #537, 1000.000000000000000 ) ;
#378 = ORIENTED_EDGE ( 'NONE', *, *, #820, .T. ) ;
#379 = VERTEX_POINT ( 'NONE', #305 ) ;
#380 = CIRCLE ( 'NONE', #354, 58.50000000000000000 ) ;
#381 = EDGE_CURVE ( 'NONE', #746, #894, #97, .T. ) ;
#382 = DIRECTION ( 'NONE',  ( -1.000000000000000000, 0.000000000000000000, 0.000000000000000000 ) ) ;
#383 = AXIS2_PLACEMENT_3D ( 'NONE', #1138, #826, #143 ) ;
#384 = AXIS2_PLACEMENT_3D ( 'NONE', #100, #655, #496 ) ;
#385 = CARTESIAN_POINT ( 'NONE',  ( 0.000000000000000000, 0.000000000000000000, 47.00000000000000000 ) ) ;
#386 = ORIENTED_EDGE ( 'NONE', *, *, #968, .F. ) ;
#387 = DIRECTION ( 'NONE',  ( 0.000000000000000000, 0.000000000000000000, 1.000000000000000000 ) ) ;
#388 = DIRECTION ( 'NONE',  ( -0.000000000000000000, -0.000000000000000000, -1.000000000000000000 ) ) ;
#389 = EDGE_LOOP ( 'NONE', ( #428, #782 ) ) ;
#390 = ADVANCED_FACE ( 'NONE', ( #1510 ), #994, .F. ) ;
#391 = CARTESIAN_POINT ( 'NONE',  ( 42.88620667975951051, 23.74999999999764100, 0.000000000000000000 ) ) ;
#392 = DIRECTION ( 'NONE',  ( -1.000000000000000000, 0.000000000000000000, 0.000000000000000000 ) ) ;
#393 = LINE ( 'NONE', #1040, #1211 ) ;
#394 = ORIENTED_EDGE ( 'NONE', *, *, #1503, .T. ) ;
#395 = ADVANCED_FACE ( 'NONE', ( #459 ), #1540, .F. ) ;
#396 = DIRECTION ( 'NONE',  ( -0.000000000000000000, -0.000000000000000000, -1.000000000000000000 ) ) ;
#397 = DIRECTION ( 'NONE',  ( -0.000000000000000000, -0.000000000000000000, -1.000000000000000000 ) ) ;
#398 = CARTESIAN_POINT ( 'NONE',  ( -31.61898170394698226, 18.13401488930826844, 42.00000000000000000 ) ) ;
#399 = SHAPE_DEFINITION_REPRESENTATION ( #203, #480 ) ;
#400 = AXIS2_PLACEMENT_3D ( 'NONE', #1514, #1227, #1542 ) ;
#401 = CARTESIAN_POINT ( 'NONE',  ( -36.44984884206949971, -0.1049732852253999482, 42.00000000000000000 ) ) ;
#402 = AXIS2_PLACEMENT_3D ( 'NONE', #1592, #164, #285 ) ;
#403 = ORIENTED_EDGE ( 'NONE', *, *, #755, .F. ) ;
#404 = EDGE_LOOP ( 'NONE', ( #1044, #879 ) ) ;
#405 = CARTESIAN_POINT ( 'NONE',  ( -38.44984884206949971, -0.1049732852253999482, 3.999999999999996447 ) ) ;
#406 = CYLINDRICAL_SURFACE ( 'NONE', #552, 2.000000000000001776 ) ;
#407 = CIRCLE ( 'NONE', #295, 25.39999999999999858 ) ;
#408 = ORIENTED_EDGE ( 'NONE', *, *, #1673, .F. ) ;
#409 = AXIS2_PLACEMENT_3D ( 'NONE', #604, #1137, #1676 ) ;
#410 = CARTESIAN_POINT ( 'NONE',  ( 1.750000000000000444, 47.50000000000000711, 0.000000000000000000 ) ) ;
#411 = CARTESIAN_POINT ( 'NONE',  ( 29.61898170393811824, -18.13401488931353356, 3.999999999999996447 ) ) ;
#412 = CARTESIAN_POINT ( 'NONE',  ( 0.000000000000000000, 0.000000000000000000, 0.000000000000000000 ) ) ;
#413 = EDGE_CURVE ( 'NONE', #518, #1732, #1341, .T. ) ;
#414 = CARTESIAN_POINT ( 'NONE',  ( 0.000000000000000000, 0.000000000000000000, 5.000000000000000000 ) ) ;
#415 = ORIENTED_EDGE ( 'NONE', *, *, #666, .T. ) ;
#416 = VERTEX_POINT ( 'NONE', #19 ) ;
#417 = CARTESIAN_POINT ( 'NONE',  ( -33.61898170394698582, 18.13401488930826844, 3.999999999999996447 ) ) ;
#418 = DIRECTION ( 'NONE',  ( -0.000000000000000000, -0.000000000000000000, -1.000000000000000000 ) ) ;
#419 = DIRECTION ( 'NONE',  ( -1.000000000000000000, 0.000000000000000000, 0.000000000000000000 ) ) ;
#420 = CIRCLE ( 'NONE', #1413, 60.50000000000019895 ) ;
#421 = DIRECTION ( 'NONE',  ( -1.000000000000000000, 0.000000000000000000, 0.000000000000000000 ) ) ;
#422 = DIRECTION ( 'NONE',  ( -1.000000000000000000, 0.000000000000000000, 0.000000000000000000 ) ) ;
#423 = CARTESIAN_POINT ( 'NONE',  ( 42.88620667975951051, 23.74999999999764100, 3.999999999999996447 ) ) ;
#424 = EDGE_CURVE ( 'NONE', #753, #674, #973, .T. ) ;
#425 = ORIENTED_EDGE ( 'NONE', *, *, #424, .F. ) ;
#426 = ORIENTED_EDGE ( 'NONE', *, *, #512, .T. ) ;
#427 = CARTESIAN_POINT ( 'NONE',  ( 36.44984884206066766, 0.1049732852201437361, 42.00000000000000000 ) ) ;
#428 = ORIENTED_EDGE ( 'NONE', *, *, #214, .F. ) ;
#429 = DIRECTION ( 'NONE',  ( 0.000000000000000000, 0.000000000000000000, 1.000000000000000000 ) ) ;
#430 = DIRECTION ( 'NONE',  ( -1.000000000000000000, 0.000000000000000000, 0.000000000000000000 ) ) ;
#431 = DIRECTION ( 'NONE',  ( -1.000000000000000000, 0.000000000000000000, 0.000000000000000000 ) ) ;
#432 = CYLINDRICAL_SURFACE ( 'NONE', #730, 62.50000000000000000 ) ;
#433 = DIRECTION ( 'NONE',  ( 1.000000000000000000, 0.000000000000000000, 0.000000000000000000 ) ) ;
#434 = VECTOR ( 'NONE', #1206, 1000.000000000000000 ) ;
#435 = DIRECTION ( 'NONE',  ( 0.000000000000000000, 0.000000000000000000, 1.000000000000000000 ) ) ;
#436 = ORIENTED_EDGE ( 'NONE', *, *, #1565, .T. ) ;
#437 = ORIENTED_EDGE ( 'NONE', *, *, #535, .F. ) ;
#438 = EDGE_CURVE ( 'NONE', #638, #450, #576, .T. ) ;
#439 = DIRECTION ( 'NONE',  ( -0.000000000000000000, -0.000000000000000000, -1.000000000000000000 ) ) ;
#440 = CIRCLE ( 'NONE', #1656, 2.000000000000001776 ) ;
#441 = ORIENTED_EDGE ( 'NONE', *, *, #1533, .F. ) ;
#442 = EDGE_CURVE ( 'NONE', #1732, #518, #837, .T. ) ;
#443 = CARTESIAN_POINT ( 'NONE',  ( 18.13401488930650274, 31.61898170393991592, 3.999999999999996447 ) ) ;
#444 = AXIS2_PLACEMENT_3D ( 'NONE', #562, #1645, #430 ) ;
#445 = DIRECTION ( 'NONE',  ( -0.000000000000000000, -0.000000000000000000, -1.000000000000000000 ) ) ;
#446 = AXIS2_PLACEMENT_3D ( 'NONE', #296, #1372, #712 ) ;
#447 = AXIS2_PLACEMENT_3D ( 'NONE', #556, #532, #422 ) ;
#448 = PRODUCT_DEFINITION_FORMATION_WITH_SPECIFIED_SOURCE ( 'ANY', '', #1289, .NOT_KNOWN. ) ;
#449 = EDGE_LOOP ( 'NONE', ( #1169, #1602 ) ) ;
#450 = VERTEX_POINT ( 'NONE', #1099 ) ;
#451 = DIRECTION ( 'NONE',  ( 1.000000000000000000, 0.000000000000000000, 0.000000000000000000 ) ) ;
#452 = ORIENTED_EDGE ( 'NONE', *, *, #1338, .T. ) ;
#453 = DIRECTION ( 'NONE',  ( -0.000000000000000000, -0.000000000000000000, -1.000000000000000000 ) ) ;
#454 = ADVANCED_FACE ( 'NONE', ( #1240, #333, #914, #1560, #505, #494, #84, #348, #1568, #1311, #628, #609, #67, #756, #602, #897, #1437, #890, #1026, #189 ), #748, .T. ) ;
#455 = FACE_BOUND ( 'NONE', #1501, .T. ) ;
#456 = DIRECTION ( 'NONE',  ( 0.000000000000000000, 0.000000000000000000, -1.000000000000000000 ) ) ;
#457 = EDGE_LOOP ( 'NONE', ( #1312, #558 ) ) ;
#458 = ORIENTED_EDGE ( 'NONE', *, *, #996, .T. ) ;
#459 = FACE_OUTER_BOUND ( 'NONE', #1194, .T. ) ;
#460 = EDGE_CURVE ( 'NONE', #1281, #191, #545, .T. ) ;
#461 = DIRECTION ( 'NONE',  ( 1.000000000000000000, 0.000000000000000000, 0.000000000000000000 ) ) ;
#462 = PRODUCT_DEFINITION_CONTEXT ( 'detailed design', #527, 'design' ) ;
#463 = CARTESIAN_POINT ( 'NONE',  ( 29.51400841871534908, 18.31583395275154658, 3.999999999999996447 ) ) ;
#464 = EDGE_LOOP ( 'NONE', ( #1304, #111 ) ) ;
#465 = AXIS2_PLACEMENT_3D ( 'NONE', #1126, #1001, #1370 ) ;
#466 = VERTEX_POINT ( 'NONE', #1697 ) ;
#467 = DIRECTION ( 'NONE',  ( 0.000000000000000000, 0.000000000000000000, 1.000000000000000000 ) ) ;
#468 = AXIS2_PLACEMENT_3D ( 'NONE', #819, #238, #680 ) ;
#469 = FACE_BOUND ( 'NONE', #648, .T. ) ;
#470 = VECTOR ( 'NONE', #595, 1000.000000000000000 ) ;
#471 = DIRECTION ( 'NONE',  ( -1.000000000000000000, 0.000000000000000000, 0.000000000000000000 ) ) ;
#472 = VECTOR ( 'NONE', #1256, 1000.000000000000000 ) ;
#473 = ORIENTED_EDGE ( 'NONE', *, *, #1036, .F. ) ;
#474 = EDGE_LOOP ( 'NONE', ( #415, #1487, #378, #966 ) ) ;
#475 = ORIENTED_EDGE ( 'NONE', *, *, #1651, .T. ) ;
#476 = ORIENTED_EDGE ( 'NONE', *, *, #256, .T. ) ;
#477 = CARTESIAN_POINT ( 'NONE',  ( 0.000000000000000000, 0.000000000000000000, 0.000000000000000000 ) ) ;
#478 = CARTESIAN_POINT ( 'NONE',  ( 66.49999999999998579, 8.143901214329898396E-15, 0.000000000000000000 ) ) ;
#479 = DIRECTION ( 'NONE',  ( -0.000000000000000000, -0.000000000000000000, -1.000000000000000000 ) ) ;
#480 = ADVANCED_BREP_SHAPE_REPRESENTATION ( 'Kuppel', ( #503, #617 ), #267 ) ;
#481 = ADVANCED_FACE ( 'NONE', ( #1153 ), #636, .F. ) ;
#482 = ORIENTED_EDGE ( 'NONE', *, *, #886, .F. ) ;
#483 = DIRECTION ( 'NONE',  ( -0.000000000000000000, -0.000000000000000000, -1.000000000000000000 ) ) ;
#484 = CARTESIAN_POINT ( 'NONE',  ( 42.88620667975951051, 23.74999999999764100, 42.00000000000000000 ) ) ;
#485 = ORIENTED_EDGE ( 'NONE', *, *, #1055, .F. ) ;
#486 = FACE_BOUND ( 'NONE', #911, .T. ) ;
#487 = LINE ( 'NONE', #216, #80 ) ;
#488 = ORIENTED_EDGE ( 'NONE', *, *, #1486, .F. ) ;
#489 = ORIENTED_EDGE ( 'NONE', *, *, #880, .F. ) ;
#490 = CARTESIAN_POINT ( 'NONE',  ( 0.000000000000000000, 0.000000000000000000, 47.00000000000000000 ) ) ;
#491 = CIRCLE ( 'NONE', #944, 2.000000000000001776 ) ;
#492 = ADVANCED_FACE ( 'NONE', ( #196 ), #1178, .F. ) ;
#493 = CLOSED_SHELL ( 'NONE', ( #481, #1125, #1346, #1545, #623, #938, #1447, #739, #390, #1077, #624, #896, #376, #676, #521, #268, #1407, #573, #731, #163, #133, #889, #1664, #612, #829, #1466, #223, #777, #454, #1389, #138, #395, #1024, #701, #706, #1418, #909, #15, #1239, #327, #1702, #56, #797, #1693, #1252, #492, #554, #580, #762, #928 ) ) ;
#494 = FACE_BOUND ( 'NONE', #668, .T. ) ;
#495 = EDGE_LOOP ( 'NONE', ( #855, #1244, #827, #475 ) ) ;
#496 = DIRECTION ( 'NONE',  ( -1.000000000000000000, 0.000000000000000000, 0.000000000000000000 ) ) ;
#497 = AXIS2_PLACEMENT_3D ( 'NONE', #519, #1213, #1611 ) ;
#498 = AXIS2_PLACEMENT_3D ( 'NONE', #427, #25, #8 ) ;
#499 = ORIENTED_EDGE ( 'NONE', *, *, #1016, .F. ) ;
#500 = AXIS2_PLACEMENT_3D ( 'NONE', #1563, #59, #587 ) ;
#501 = EDGE_LOOP ( 'NONE', ( #1591, #1715 ) ) ;
#502 = AXIS2_PLACEMENT_3D ( 'NONE', #1098, #255, #1373 ) ;
#503 = MANIFOLD_SOLID_BREP ( 'Schnitt-Linear austragen1', #493 ) ;
#504 = EDGE_CURVE ( 'NONE', #942, #821, #1539, .T. ) ;
#505 = FACE_BOUND ( 'NONE', #99, .T. ) ;
#506 = ORIENTED_EDGE ( 'NONE', *, *, #1579, .T. ) ;
#507 = DIRECTION ( 'NONE',  ( 0.000000000000000000, 0.000000000000000000, 1.000000000000000000 ) ) ;
#508 = EDGE_LOOP ( 'NONE', ( #1709, #441 ) ) ;
#509 = CARTESIAN_POINT ( 'NONE',  ( 33.61898170393812535, -18.13401488931353356, 42.00000000000000000 ) ) ;
#510 = CARTESIAN_POINT ( 'NONE',  ( -2.104973285227183855, 36.44984884206245113, 0.000000000000000000 ) ) ;
#511 = EDGE_LOOP ( 'NONE', ( #650, #1695, #1400, #1566 ) ) ;
#512 = EDGE_CURVE ( 'NONE', #197, #625, #1168, .T. ) ;
#513 = DIRECTION ( 'NONE',  ( 1.000000000000000000, 0.000000000000000000, 0.000000000000000000 ) ) ;
#514 = VERTEX_POINT ( 'NONE', #360 ) ;
#515 = CYLINDRICAL_SURFACE ( 'NONE', #723, 62.50000000000000000 ) ;
#516 = AXIS2_PLACEMENT_3D ( 'NONE', #1559, #665, #1647 ) ;
#517 = CARTESIAN_POINT ( 'NONE',  ( -18.31583395275860582, 31.51400841871716096, 42.00000000000000000 ) ) ;
#518 = VERTEX_POINT ( 'NONE', #907 ) ;
#519 = CARTESIAN_POINT ( 'NONE',  ( 36.44984884206066766, 0.1049732852201437361, 42.00000000000000000 ) ) ;
#520 = DIRECTION ( 'NONE',  ( -0.000000000000000000, -0.000000000000000000, -1.000000000000000000 ) ) ;
#521 = ADVANCED_FACE ( 'NONE', ( #774 ), #536, .F. ) ;
#522 = VECTOR ( 'NONE', #445, 1000.000000000000000 ) ;
#523 = EDGE_LOOP ( 'NONE', ( #250, #96 ) ) ;
#524 = AXIS2_PLACEMENT_3D ( 'NONE', #864, #66, #1128 ) ;
#525 = CARTESIAN_POINT ( 'NONE',  ( -25.39999999999999858, 0.000000000000000000, 0.000000000000000000 ) ) ;
#526 = AXIS2_PLACEMENT_3D ( 'NONE', #1267, #418, #571 ) ;
#527 = APPLICATION_CONTEXT ( 'automotive_design' ) ;
#528 = CIRCLE ( 'NONE', #1043, 2.000000000000001776 ) ;
#529 = CARTESIAN_POINT ( 'NONE',  ( -39.38620667976216794, 23.75000000000234124, 42.00000000000000000 ) ) ;
#530 = CARTESIAN_POINT ( 'NONE',  ( 20.31583395274975246, -31.51400841872239411, 3.999999999999996447 ) ) ;
#531 = DIRECTION ( 'NONE',  ( 0.000000000000000000, 0.000000000000000000, -1.000000000000000000 ) ) ;
#532 = DIRECTION ( 'NONE',  ( 0.000000000000000000, 0.000000000000000000, -1.000000000000000000 ) ) ;
#533 = ORIENTED_EDGE ( 'NONE', *, *, #632, .F. ) ;
#534 = ORIENTED_EDGE ( 'NONE', *, *, #816, .T. ) ;
#535 = EDGE_CURVE ( 'NONE', #81, #336, #995, .T. ) ;
#536 = CYLINDRICAL_SURFACE ( 'NONE', #113, 2.000000000000001776 ) ;
#537 = DIRECTION ( 'NONE',  ( -0.000000000000000000, -0.000000000000000000, -1.000000000000000000 ) ) ;
#538 = APPLICATION_PROTOCOL_DEFINITION ( 'draft international standard', 'automotive_design', 1998, #1164 ) ;
#539 = ORIENTED_EDGE ( 'NONE', *, *, #968, .T. ) ;
#540 = VERTEX_POINT ( 'NONE', #510 ) ;
#541 = CARTESIAN_POINT ( 'NONE',  ( -41.13620667976487510, -23.74999999999766587, 0.000000000000000000 ) ) ;
#542 = DIRECTION ( 'NONE',  ( -1.000000000000000000, 0.000000000000000000, 0.000000000000000000 ) ) ;
#543 = EDGE_CURVE ( 'NONE', #85, #55, #420, .T. ) ;
#544 = DIRECTION ( 'NONE',  ( -1.000000000000000000, 0.000000000000000000, 0.000000000000000000 ) ) ;
#545 = CIRCLE ( 'NONE', #1541, 2.000000000000001776 ) ;
#546 = ORIENTED_EDGE ( 'NONE', *, *, #346, .F. ) ;
#547 = DIRECTION ( 'NONE',  ( -0.000000000000000000, -0.000000000000000000, -1.000000000000000000 ) ) ;
#548 = DIRECTION ( 'NONE',  ( -1.000000000000000000, 0.000000000000000000, 0.000000000000000000 ) ) ;
#549 = AXIS2_PLACEMENT_3D ( 'NONE', #275, #1074, #136 ) ;
#550 = CIRCLE ( 'NONE', #297, 25.39999999999999858 ) ;
#551 = DIRECTION ( 'NONE',  ( 0.000000000000000000, 0.000000000000000000, 1.000000000000000000 ) ) ;
#552 = AXIS2_PLACEMENT_3D ( 'NONE', #682, #1223, #548 ) ;
#553 = FACE_OUTER_BOUND ( 'NONE', #1320, .T. ) ;
#554 = ADVANCED_FACE ( 'NONE', ( #791 ), #263, .F. ) ;
#555 = DIRECTION ( 'NONE',  ( 1.000000000000000000, 0.000000000000000000, 0.000000000000000000 ) ) ;
#556 = CARTESIAN_POINT ( 'NONE',  ( 41.13620667975951051, 23.74999999999764100, 0.000000000000000000 ) ) ;
#557 = DIRECTION ( 'NONE',  ( -1.000000000000000000, 0.000000000000000000, 0.000000000000000000 ) ) ;
#558 = ORIENTED_EDGE ( 'NONE', *, *, #1157, .F. ) ;
#559 = VERTEX_POINT ( 'NONE', #410 ) ;
#560 = CARTESIAN_POINT ( 'NONE',  ( -29.51400841872418823, -18.31583395275679749, 42.00000000000000000 ) ) ;
#561 = DIRECTION ( 'NONE',  ( 0.000000000000000000, 0.000000000000000000, -1.000000000000000000 ) ) ;
#562 = CARTESIAN_POINT ( 'NONE',  ( 0.000000000000000000, 0.000000000000000000, 42.00000000000000000 ) ) ;
#563 = CARTESIAN_POINT ( 'NONE',  ( 31.51400841871534908, 18.31583395275154658, 42.00000000000000000 ) ) ;
#564 = EDGE_CURVE ( 'NONE', #1274, #1424, #1343, .T. ) ;
#565 = CARTESIAN_POINT ( 'NONE',  ( 36.44984884206066766, 0.1049732852201437361, 0.000000000000000000 ) ) ;
#566 = ORIENTED_EDGE ( 'NONE', *, *, #1681, .F. ) ;
#567 = ORIENTED_EDGE ( 'NONE', *, *, #114, .F. ) ;
#568 = DIRECTION ( 'NONE',  ( -0.000000000000000000, -0.000000000000000000, -1.000000000000000000 ) ) ;
#569 = DIRECTION ( 'NONE',  ( -1.000000000000000000, 0.000000000000000000, 0.000000000000000000 ) ) ;
#570 = ORIENTED_EDGE ( 'NONE', *, *, #1297, .F. ) ;
#571 = DIRECTION ( 'NONE',  ( -1.000000000000000000, 0.000000000000000000, 0.000000000000000000 ) ) ;
#572 = CARTESIAN_POINT ( 'NONE',  ( -33.51400841872419534, -18.31583395275679749, 3.999999999999996447 ) ) ;
#573 = ADVANCED_FACE ( 'NONE', ( #930 ), #227, .F. ) ;
#574 = DIRECTION ( 'NONE',  ( -1.000000000000000000, 0.000000000000000000, 0.000000000000000000 ) ) ;
#575 =( GEOMETRIC_REPRESENTATION_CONTEXT ( 3 ) GLOBAL_UNCERTAINTY_ASSIGNED_CONTEXT ( ( #1029 ) ) GLOBAL_UNIT_ASSIGNED_CONTEXT ( ( #1553, #1294, #1143 ) ) REPRESENTATION_CONTEXT ( 'NONE', 'WORKASPACE' ) );
#576 = CIRCLE ( 'NONE', #226, 1.750000000000001554 ) ;
#577 = CYLINDRICAL_SURFACE ( 'NONE', #298, 58.50000000000000000 ) ;
#578 = EDGE_LOOP ( 'NONE', ( #1308, #745 ) ) ;
#579 = VERTEX_POINT ( 'NONE', #135 ) ;
#580 = ADVANCED_FACE ( 'NONE', ( #1073 ), #1052, .F. ) ;
#581 = LINE ( 'NONE', #260, #900 ) ;
#582 = CIRCLE ( 'NONE', #1573, 2.000000000000001776 ) ;
#583 = ORIENTED_EDGE ( 'NONE', *, *, #683, .F. ) ;
#584 = FACE_OUTER_BOUND ( 'NONE', #1081, .T. ) ;
#585 = AXIS2_PLACEMENT_3D ( 'NONE', #69, #325, #622 ) ;
#586 = CYLINDRICAL_SURFACE ( 'NONE', #524, 2.000000000000000444 ) ;
#587 = DIRECTION ( 'NONE',  ( 1.000000000000000000, 0.000000000000000000, 0.000000000000000000 ) ) ;
#588 = CARTESIAN_POINT ( 'NONE',  ( 31.51400841871534908, 18.31583395275154658, 3.999999999999996447 ) ) ;
#589 = VECTOR ( 'NONE', #388, 1000.000000000000000 ) ;
#590 = ORIENTED_EDGE ( 'NONE', *, *, #1018, .T. ) ;
#591 = EDGE_CURVE ( 'NONE', #379, #72, #101, .T. ) ;
#592 = ORIENTED_EDGE ( 'NONE', *, *, #1493, .F. ) ;
#593 = CARTESIAN_POINT ( 'NONE',  ( 20.31583395274975246, -31.51400841872239411, 42.00000000000000000 ) ) ;
#594 = CARTESIAN_POINT ( 'NONE',  ( -42.88620667976488221, -23.74999999999766587, 42.00000000000000000 ) ) ;
#595 = DIRECTION ( 'NONE',  ( -0.000000000000000000, -0.000000000000000000, -1.000000000000000000 ) ) ;
#596 = EDGE_CURVE ( 'NONE', #1210, #1585, #252, .T. ) ;
#597 = ORIENTED_EDGE ( 'NONE', *, *, #1093, .T. ) ;
#598 = VERTEX_POINT ( 'NONE', #236 ) ;
#599 = DIRECTION ( 'NONE',  ( -1.000000000000000000, 0.000000000000000000, 0.000000000000000000 ) ) ;
#600 = EDGE_CURVE ( 'NONE', #85, #1274, #1078, .T. ) ;
#601 = CARTESIAN_POINT ( 'NONE',  ( 41.13620667975679623, -23.75000000000234834, 3.999999999999996447 ) ) ;
#602 = FACE_BOUND ( 'NONE', #237, .T. ) ;
#603 = FACE_BOUND ( 'NONE', #935, .T. ) ;
#604 = CARTESIAN_POINT ( 'NONE',  ( -41.13620667976217504, 23.75000000000234124, 0.000000000000000000 ) ) ;
#605 = ORIENTED_EDGE ( 'NONE', *, *, #696, .T. ) ;
#606 = VECTOR ( 'NONE', #1141, 1000.000000000000000 ) ;
#607 = ORIENTED_EDGE ( 'NONE', *, *, #313, .T. ) ;
#608 = ORIENTED_EDGE ( 'NONE', *, *, #1135, .F. ) ;
#609 = FACE_BOUND ( 'NONE', #501, .T. ) ;
#610 = AXIS2_PLACEMENT_3D ( 'NONE', #517, #1218, #1726 ) ;
#611 = ORIENTED_EDGE ( 'NONE', *, *, #1326, .F. ) ;
#612 = ADVANCED_FACE ( 'NONE', ( #1615 ), #115, .T. ) ;
#613 = LINE ( 'NONE', #1155, #616 ) ;
#614 = VECTOR ( 'NONE', #439, 1000.000000000000000 ) ;
#615 = DIRECTION ( 'NONE',  ( 0.000000000000000000, 0.000000000000000000, 1.000000000000000000 ) ) ;
#616 = VECTOR ( 'NONE', #1691, 1000.000000000000000 ) ;
#617 = AXIS2_PLACEMENT_3D ( 'NONE', #412, #1624, #1658 ) ;
#618 = ORIENTED_EDGE ( 'NONE', *, *, #1316, .T. ) ;
#619 = SURFACE_SIDE_STYLE ('',( #367 ) ) ;
#620 = ORIENTED_EDGE ( 'NONE', *, *, #747, .T. ) ;
#621 = FACE_BOUND ( 'NONE', #1531, .T. ) ;
#622 = DIRECTION ( 'NONE',  ( -1.000000000000000000, 0.000000000000000000, 0.000000000000000000 ) ) ;
#623 = ADVANCED_FACE ( 'NONE', ( #1193 ), #807, .F. ) ;
#624 = ADVANCED_FACE ( 'NONE', ( #798 ), #121, .F. ) ;
#625 = VERTEX_POINT ( 'NONE', #391 ) ;
#626 = ORIENTED_EDGE ( 'NONE', *, *, #790, .T. ) ;
#627 = EDGE_CURVE ( 'NONE', #518, #638, #3, .T. ) ;
#628 = FACE_BOUND ( 'NONE', #523, .T. ) ;
#629 = VERTEX_POINT ( 'NONE', #946 ) ;
#630 = CARTESIAN_POINT ( 'NONE',  ( 33.51400841871534908, 18.31583395275154658, 3.999999999999996447 ) ) ;
#631 = EDGE_LOOP ( 'NONE', ( #90, #1332, #1538, #1556 ) ) ;
#632 = EDGE_CURVE ( 'NONE', #931, #1363, #262, .T. ) ;
#633 = AXIS2_PLACEMENT_3D ( 'NONE', #857, #429, #1268 ) ;
#634 = ORIENTED_EDGE ( 'NONE', *, *, #1018, .F. ) ;
#635 = DIRECTION ( 'NONE',  ( 1.000000000000000000, 0.000000000000000000, 0.000000000000000000 ) ) ;
#636 = CYLINDRICAL_SURFACE ( 'NONE', #372, 2.000000000000001776 ) ;
#637 = VECTOR ( 'NONE', #850, 1000.000000000000000 ) ;
#638 = VERTEX_POINT ( 'NONE', #1250 ) ;
#639 = DIRECTION ( 'NONE',  ( 0.000000000000000000, 0.000000000000000000, 1.000000000000000000 ) ) ;
#640 = FACE_OUTER_BOUND ( 'NONE', #13, .T. ) ;
#641 = AXIS2_PLACEMENT_3D ( 'NONE', #1319, #130, #1187 ) ;
#642 = CIRCLE ( 'NONE', #1737, 2.000000000000001776 ) ;
#643 = VECTOR ( 'NONE', #2, 1000.000000000000000 ) ;
#644 = ORIENTED_EDGE ( 'NONE', *, *, #1681, .T. ) ;
#645 = VERTEX_POINT ( 'NONE', #1633 ) ;
#646 = EDGE_CURVE ( 'NONE', #717, #1438, #980, .T. ) ;
#647 = DIRECTION ( 'NONE',  ( 0.2747211278973756832, 3.364363499376717464E-17, -0.9615239476408238284 ) ) ;
#648 = EDGE_LOOP ( 'NONE', ( #870, #608 ) ) ;
#649 = CARTESIAN_POINT ( 'NONE',  ( 58.50000000000000000, 7.164183775012014056E-15, 4.000000000000003553 ) ) ;
#650 = ORIENTED_EDGE ( 'NONE', *, *, #65, .T. ) ;
#651 = CARTESIAN_POINT ( 'NONE',  ( -31.61898170394698226, 18.13401488930826844, 3.999999999999996447 ) ) ;
#652 = DIRECTION ( 'NONE',  ( 0.000000000000000000, 0.000000000000000000, 1.000000000000000000 ) ) ;
#653 = EDGE_LOOP ( 'NONE', ( #1309, #1703, #861, #1741 ) ) ;
#654 = DIRECTION ( 'NONE',  ( 1.000000000000000000, 0.000000000000000000, 0.000000000000000000 ) ) ;
#655 = DIRECTION ( 'NONE',  ( 0.000000000000000000, 0.000000000000000000, -1.000000000000000000 ) ) ;
#656 = EDGE_CURVE ( 'NONE', #246, #1687, #684, .T. ) ;
#657 = LINE ( 'NONE', #1590, #734 ) ;
#658 = ORIENTED_EDGE ( 'NONE', *, *, #1109, .T. ) ;
#659 = ORIENTED_EDGE ( 'NONE', *, *, #816, .F. ) ;
#660 = DIRECTION ( 'NONE',  ( -0.000000000000000000, -0.000000000000000000, -1.000000000000000000 ) ) ;
#661 = AXIS2_PLACEMENT_3D ( 'NONE', #320, #710, #1644 ) ;
#662 = CARTESIAN_POINT ( 'NONE',  ( -41.13620667976487510, -23.74999999999766587, 42.00000000000000000 ) ) ;
#663 = CARTESIAN_POINT ( 'NONE',  ( 0.000000000000000000, 0.000000000000000000, 0.000000000000000000 ) ) ;
#664 = DIRECTION ( 'NONE',  ( 1.000000000000000000, 0.000000000000000000, 0.000000000000000000 ) ) ;
#665 = DIRECTION ( 'NONE',  ( 0.000000000000000000, 0.000000000000000000, 1.000000000000000000 ) ) ;
#666 = EDGE_CURVE ( 'NONE', #1231, #33, #261, .T. ) ;
#667 = AXIS2_PLACEMENT_3D ( 'NONE', #1224, #1489, #419 ) ;
#668 = EDGE_LOOP ( 'NONE', ( #329, #300 ) ) ;
#669 = AXIS2_PLACEMENT_3D ( 'NONE', #707, #1504, #1641 ) ;
#670 = VECTOR ( 'NONE', #884, 1000.000000000000000 ) ;
#671 = CARTESIAN_POINT ( 'NONE',  ( 18.13401488930650274, 31.61898170393991592, 0.000000000000000000 ) ) ;
#672 = FACE_OUTER_BOUND ( 'NONE', #34, .T. ) ;
#673 = CARTESIAN_POINT ( 'NONE',  ( -25.39999999999999858, 0.000000000000000000, 3.999999999999996447 ) ) ;
#674 = VERTEX_POINT ( 'NONE', #711 ) ;
#675 = ORIENTED_EDGE ( 'NONE', *, *, #186, .F. ) ;
#676 = ADVANCED_FACE ( 'NONE', ( #1360 ), #955, .F. ) ;
#677 = DIRECTION ( 'NONE',  ( -1.000000000000000000, 0.000000000000000000, 0.000000000000000000 ) ) ;
#678 = DIRECTION ( 'NONE',  ( -0.000000000000000000, -0.000000000000000000, -1.000000000000000000 ) ) ;
#679 = CYLINDRICAL_SURFACE ( 'NONE', #732, 1.999999999999998224 ) ;
#680 = DIRECTION ( 'NONE',  ( -1.000000000000000000, 0.000000000000000000, 0.000000000000000000 ) ) ;
#681 = ORIENTED_EDGE ( 'NONE', *, *, #204, .F. ) ;
#682 = CARTESIAN_POINT ( 'NONE',  ( 31.61898170393812180, -18.13401488931353356, 42.00000000000000000 ) ) ;
#683 = EDGE_CURVE ( 'NONE', #1340, #1005, #1684, .T. ) ;
#684 = LINE ( 'NONE', #835, #151 ) ;
#685 = DIRECTION ( 'NONE',  ( 0.000000000000000000, 0.000000000000000000, 1.000000000000000000 ) ) ;
#686 = AXIS2_PLACEMENT_3D ( 'NONE', #293, #1532, #1672 ) ;
#687 = CARTESIAN_POINT ( 'NONE',  ( 0.000000000000000000, 0.000000000000000000, 47.00000000000000000 ) ) ;
#688 = CARTESIAN_POINT ( 'NONE',  ( 0.000000000000000000, 0.000000000000000000, 5.000000000000000000 ) ) ;
#689 = ORIENTED_EDGE ( 'NONE', *, *, #755, .T. ) ;
#690 = ORIENTED_EDGE ( 'NONE', *, *, #1209, .T. ) ;
#691 = CARTESIAN_POINT ( 'NONE',  ( -31.61898170394698226, 18.13401488930826844, 0.000000000000000000 ) ) ;
#692 = LINE ( 'NONE', #560, #472 ) ;
#693 = CIRCLE ( 'NONE', #669, 2.000000000000000444 ) ;
#694 = CARTESIAN_POINT ( 'NONE',  ( -1.750000000000000444, 47.50000000000000711, 42.00000000000000000 ) ) ;
#695 = DIRECTION ( 'NONE',  ( -0.000000000000000000, -0.000000000000000000, -1.000000000000000000 ) ) ;
#696 = EDGE_CURVE ( 'NONE', #934, #629, #1575, .T. ) ;
#697 = CARTESIAN_POINT ( 'NONE',  ( 0.1049732852183500320, -36.44984884206770914, 0.000000000000000000 ) ) ;
#698 = VECTOR ( 'NONE', #1130, 1000.000000000000000 ) ;
#699 = LINE ( 'NONE', #1238, #1151 ) ;
#700 = CIRCLE ( 'NONE', #1095, 2.000000000000001776 ) ;
#701 = ADVANCED_FACE ( 'NONE', ( #16 ), #1371, .F. ) ;
#702 = DIRECTION ( 'NONE',  ( 0.000000000000000000, 0.000000000000000000, 1.000000000000000000 ) ) ;
#703 = CARTESIAN_POINT ( 'NONE',  ( 0.000000000000000000, 0.000000000000000000, 47.00000000000000000 ) ) ;
#704 = EDGE_LOOP ( 'NONE', ( #1561, #1290, #1199, #1594 ) ) ;
#705 = VERTEX_POINT ( 'NONE', #150 ) ;
#706 = ADVANCED_FACE ( 'NONE', ( #294 ), #29, .F. ) ;
#707 = CARTESIAN_POINT ( 'NONE',  ( -0.1049732852271832440, 36.44984884206245113, 3.999999999999996447 ) ) ;
#708 = ORIENTED_EDGE ( 'NONE', *, *, #1338, .F. ) ;
#709 = DIRECTION ( 'NONE',  ( -0.000000000000000000, -0.000000000000000000, -1.000000000000000000 ) ) ;
#710 = DIRECTION ( 'NONE',  ( 0.000000000000000000, 0.000000000000000000, 1.000000000000000000 ) ) ;
#711 = CARTESIAN_POINT ( 'NONE',  ( -1.750000000005383027, -47.50000000000000000, 0.000000000000000000 ) ) ;
#712 = DIRECTION ( 'NONE',  ( -1.000000000000000000, 0.000000000000000000, 0.000000000000000000 ) ) ;
#713 = EDGE_CURVE ( 'NONE', #1547, #158, #1433, .T. ) ;
#714 = FACE_OUTER_BOUND ( 'NONE', #631, .T. ) ;
#715 = FACE_OUTER_BOUND ( 'NONE', #792, .T. ) ;
#716 = ORIENTED_EDGE ( 'NONE', *, *, #9, .T. ) ;
#717 = VERTEX_POINT ( 'NONE', #759 ) ;
#718 = CARTESIAN_POINT ( 'NONE',  ( 33.51400841871534908, 18.31583395275154658, 42.00000000000000000 ) ) ;
#719 = VERTEX_POINT ( 'NONE', #362 ) ;
#720 = DIRECTION ( 'NONE',  ( 0.000000000000000000, 0.000000000000000000, 1.000000000000000000 ) ) ;
#721 = DIRECTION ( 'NONE',  ( 0.000000000000000000, 0.000000000000000000, -1.000000000000000000 ) ) ;
#722 = EDGE_CURVE ( 'NONE', #1092, #72, #783, .T. ) ;
#723 = AXIS2_PLACEMENT_3D ( 'NONE', #929, #1465, #120 ) ;
#724 = ORIENTED_EDGE ( 'NONE', *, *, #193, .T. ) ;
#725 = VECTOR ( 'NONE', #1711, 1000.000000000000114 ) ;
#726 = CIRCLE ( 'NONE', #1570, 2.000000000000001776 ) ;
#727 = EDGE_LOOP ( 'NONE', ( #473, #597, #361, #716 ) ) ;
#728 = AXIS2_PLACEMENT_3D ( 'NONE', #1330, #685, #1336 ) ;
#729 = FACE_OUTER_BOUND ( 'NONE', #1649, .T. ) ;
#730 = AXIS2_PLACEMENT_3D ( 'NONE', #1259, #307, #987 ) ;
#731 = ADVANCED_FACE ( 'NONE', ( #108 ), #1298, .F. ) ;
#732 = AXIS2_PLACEMENT_3D ( 'NONE', #253, #397, #431 ) ;
#733 = DIRECTION ( 'NONE',  ( -0.000000000000000000, -0.000000000000000000, -1.000000000000000000 ) ) ;
#734 = VECTOR ( 'NONE', #1014, 1000.000000000000000 ) ;
#735 = FACE_BOUND ( 'NONE', #26, .T. ) ;
#736 = LINE ( 'NONE', #878, #1518 ) ;
#737 = ORIENTED_EDGE ( 'NONE', *, *, #74, .F. ) ;
#738 = EDGE_LOOP ( 'NONE', ( #1200, #1292 ) ) ;
#739 = ADVANCED_FACE ( 'NONE', ( #553 ), #947, .F. ) ;
#740 = DIRECTION ( 'NONE',  ( 0.000000000000000000, 0.000000000000000000, -1.000000000000000000 ) ) ;
#741 = VECTOR ( 'NONE', #1704, 1000.000000000000000 ) ;
#742 = CARTESIAN_POINT ( 'NONE',  ( -20.31583395275860582, 31.51400841871716096, 3.999999999999996447 ) ) ;
#743 = DIRECTION ( 'NONE',  ( -1.000000000000000000, 0.000000000000000000, 0.000000000000000000 ) ) ;
#744 = EDGE_LOOP ( 'NONE', ( #310, #127 ) ) ;
#745 = ORIENTED_EDGE ( 'NONE', *, *, #1588, .F. ) ;
#746 = VERTEX_POINT ( 'NONE', #530 ) ;
#747 = EDGE_CURVE ( 'NONE', #598, #191, #1474, .T. ) ;
#748 = PLANE ( 'NONE',  #1314 ) ;
#749 = ORIENTED_EDGE ( 'NONE', *, *, #880, .T. ) ;
#750 = CARTESIAN_POINT ( 'NONE',  ( 18.13401488930650274, 31.61898170393991592, 0.000000000000000000 ) ) ;
#751 = CARTESIAN_POINT ( 'NONE',  ( 16.31583395274975601, -31.51400841872239411, 0.000000000000000000 ) ) ;
#752 = CIRCLE ( 'NONE', #125, 60.50000000000019895 ) ;
#753 = VERTEX_POINT ( 'NONE', #1623 ) ;
#754 = DIRECTION ( 'NONE',  ( 1.000000000000000000, 0.000000000000000000, 0.000000000000000000 ) ) ;
#755 = EDGE_CURVE ( 'NONE', #625, #579, #1037, .T. ) ;
#756 = FACE_BOUND ( 'NONE', #279, .T. ) ;
#757 = AXIS2_PLACEMENT_3D ( 'NONE', #956, #1490, #654 ) ;
#758 = ORIENTED_EDGE ( 'NONE', *, *, #280, .F. ) ;
#759 = CARTESIAN_POINT ( 'NONE',  ( -42.88620667976488221, -23.74999999999766587, 0.000000000000000000 ) ) ;
#760 = DIRECTION ( 'NONE',  ( 0.000000000000000000, 0.000000000000000000, 1.000000000000000000 ) ) ;
#761 = CIRCLE ( 'NONE', #324, 2.000000000000001776 ) ;
#762 = ADVANCED_FACE ( 'NONE', ( #672 ), #1196, .F. ) ;
#763 = CARTESIAN_POINT ( 'NONE',  ( 18.13401488930650274, 31.61898170393991592, 3.999999999999996447 ) ) ;
#764 = AXIS2_PLACEMENT_3D ( 'NONE', #1613, #913, #243 ) ;
#765 = ORIENTED_EDGE ( 'NONE', *, *, #1386, .F. ) ;
#766 = DIRECTION ( 'NONE',  ( -0.000000000000000000, -0.000000000000000000, -1.000000000000000000 ) ) ;
#767 = DIRECTION ( 'NONE',  ( -0.000000000000000000, -0.000000000000000000, -1.000000000000000000 ) ) ;
#768 = ORIENTED_EDGE ( 'NONE', *, *, #1273, .F. ) ;
#769 = CARTESIAN_POINT ( 'NONE',  ( -20.31583395275860582, 31.51400841871716096, 0.000000000000000000 ) ) ;
#770 = DIRECTION ( 'NONE',  ( 0.000000000000000000, 0.000000000000000000, -1.000000000000000000 ) ) ;
#771 = EDGE_CURVE ( 'NONE', #1324, #231, #1482, .T. ) ;
#772 = ORIENTED_EDGE ( 'NONE', *, *, #40, .T. ) ;
#773 = ORIENTED_EDGE ( 'NONE', *, *, #1472, .F. ) ;
#774 = FACE_OUTER_BOUND ( 'NONE', #345, .T. ) ;
#775 = ORIENTED_EDGE ( 'NONE', *, *, #1142, .T. ) ;
#776 = CARTESIAN_POINT ( 'NONE',  ( 0.000000000000000000, 0.000000000000000000, 40.00000000000063238 ) ) ;
#777 = ADVANCED_FACE ( 'NONE', ( #808, #1728 ), #11, .T. ) ;
#778 = ORIENTED_EDGE ( 'NONE', *, *, #280, .T. ) ;
#779 = CIRCLE ( 'NONE', #1618, 2.000000000000001776 ) ;
#780 = EDGE_LOOP ( 'NONE', ( #1061, #567 ) ) ;
#781 = DIRECTION ( 'NONE',  ( -1.000000000000000000, 0.000000000000000000, 0.000000000000000000 ) ) ;
#782 = ORIENTED_EDGE ( 'NONE', *, *, #504, .F. ) ;
#783 = LINE ( 'NONE', #1180, #51 ) ;
#784 = DIRECTION ( 'NONE',  ( -0.000000000000000000, -0.000000000000000000, -1.000000000000000000 ) ) ;
#785 = AXIS2_PLACEMENT_3D ( 'NONE', #662, #396, #1736 ) ;
#786 = AXIS2_PLACEMENT_3D ( 'NONE', #172, #721, #836 ) ;
#787 = ORIENTED_EDGE ( 'NONE', *, *, #1198, .F. ) ;
#788 = AXIS2_PLACEMENT_3D ( 'NONE', #1595, #922, #513 ) ;
#789 = DIRECTION ( 'NONE',  ( 0.000000000000000000, 0.000000000000000000, 1.000000000000000000 ) ) ;
#790 = EDGE_CURVE ( 'NONE', #598, #128, #17, .T. ) ;
#791 = FACE_OUTER_BOUND ( 'NONE', #904, .T. ) ;
#792 = EDGE_LOOP ( 'NONE', ( #482, #364, #658, #1718 ) ) ;
#793 = DIRECTION ( 'NONE',  ( 0.000000000000000000, 0.000000000000000000, 1.000000000000000000 ) ) ;
#794 = CARTESIAN_POINT ( 'NONE',  ( -33.51400841872419534, -18.31583395275679749, 0.000000000000000000 ) ) ;
#795 = EDGE_LOOP ( 'NONE', ( #174, #137, #170, #1158 ) ) ;
#796 = DIRECTION ( 'NONE',  ( 0.000000000000000000, 0.000000000000000000, 1.000000000000000000 ) ) ;
#797 = ADVANCED_FACE ( 'NONE', ( #932 ), #1634, .F. ) ;
#798 = FACE_OUTER_BOUND ( 'NONE', #1148, .T. ) ;
#799 = ORIENTED_EDGE ( 'NONE', *, *, #1440, .F. ) ;
#800 = FACE_BOUND ( 'NONE', #1471, .T. ) ;
#801 = DIRECTION ( 'NONE',  ( 0.000000000000000000, 0.000000000000000000, 1.000000000000000000 ) ) ;
#802 = LINE ( 'NONE', #1339, #434 ) ;
#803 = ORIENTED_EDGE ( 'NONE', *, *, #957, .T. ) ;
#804 = EDGE_LOOP ( 'NONE', ( #394, #145, #1110, #570 ) ) ;
#805 = LINE ( 'NONE', #1456, #643 ) ;
#806 = AXIS2_PLACEMENT_3D ( 'NONE', #414, #958, #1374 ) ;
#807 = CYLINDRICAL_SURFACE ( 'NONE', #610, 2.000000000000001776 ) ;
#808 = FACE_OUTER_BOUND ( 'NONE', #217, .T. ) ;
#809 =( NAMED_UNIT ( * ) PLANE_ANGLE_UNIT ( ) SI_UNIT ( $, .RADIAN. ) );
#810 = CIRCLE ( 'NONE', #48, 2.000000000000001776 ) ;
#811 = EDGE_CURVE ( 'NONE', #959, #42, #247, .T. ) ;
#812 = AXIS2_PLACEMENT_3D ( 'NONE', #477, #639, #1562 ) ;
#813 = ORIENTED_EDGE ( 'NONE', *, *, #1493, .T. ) ;
#814 = AXIS2_PLACEMENT_3D ( 'NONE', #182, #770, #1423 ) ;
#815 = LINE ( 'NONE', #1394, #1347 ) ;
#816 = EDGE_CURVE ( 'NONE', #231, #1324, #407, .T. ) ;
#817 = CIRCLE ( 'NONE', #1348, 2.000000000000000444 ) ;
#818 = DIRECTION ( 'NONE',  ( 0.000000000000000000, 0.000000000000000000, 1.000000000000000000 ) ) ;
#819 = CARTESIAN_POINT ( 'NONE',  ( -0.1049732852271832440, 36.44984884206245113, 0.000000000000000000 ) ) ;
#820 = EDGE_CURVE ( 'NONE', #645, #1393, #871, .T. ) ;
#821 = VERTEX_POINT ( 'NONE', #18 ) ;
#822 = DIRECTION ( 'NONE',  ( 0.000000000000000000, 0.000000000000000000, -1.000000000000000000 ) ) ;
#823 = DIRECTION ( 'NONE',  ( -1.000000000000000000, 0.000000000000000000, 0.000000000000000000 ) ) ;
#824 = LINE ( 'NONE', #848, #522 ) ;
#825 = DIRECTION ( 'NONE',  ( 0.000000000000000000, 0.000000000000000000, 1.000000000000000000 ) ) ;
#826 = DIRECTION ( 'NONE',  ( -0.000000000000000000, -0.000000000000000000, -1.000000000000000000 ) ) ;
#827 = ORIENTED_EDGE ( 'NONE', *, *, #1616, .T. ) ;
#828 = VERTEX_POINT ( 'NONE', #1079 ) ;
#829 = ADVANCED_FACE ( 'NONE', ( #800, #1097 ), #1617, .T. ) ;
#830 = LINE ( 'NONE', #1094, #924 ) ;
#831 = ORIENTED_EDGE ( 'NONE', *, *, #504, .T. ) ;
#832 = MECHANICAL_DESIGN_GEOMETRIC_PRESENTATION_REPRESENTATION (  '', ( #1596 ), #575 ) ;
#833 = DIRECTION ( 'NONE',  ( 1.000000000000000000, 0.000000000000000000, 0.000000000000000000 ) ) ;
#834 = CYLINDRICAL_SURFACE ( 'NONE', #465, 1.750000000000001554 ) ;
#835 = CARTESIAN_POINT ( 'NONE',  ( -33.51400841872419534, -18.31583395275679749, 42.00000000000000000 ) ) ;
#836 = DIRECTION ( 'NONE',  ( -1.000000000000000000, 0.000000000000000000, 0.000000000000000000 ) ) ;
#837 = CIRCLE ( 'NONE', #1403, 1.750000000000001554 ) ;
#838 = CARTESIAN_POINT ( 'NONE',  ( -58.50000000000000000, 0.000000000000000000, 47.00000000000000000 ) ) ;
#839 = ORIENTED_EDGE ( 'NONE', *, *, #1399, .T. ) ;
#840 = EDGE_LOOP ( 'NONE', ( #1139, #881, #1401, #592 ) ) ;
#841 = CARTESIAN_POINT ( 'NONE',  ( -36.44984884206949971, -0.1049732852253999482, 0.000000000000000000 ) ) ;
#842 = ORIENTED_EDGE ( 'NONE', *, *, #381, .F. ) ;
#843 = CIRCLE ( 'NONE', #1124, 2.000000000000001776 ) ;
#844 = DIRECTION ( 'NONE',  ( 1.000000000000000000, 0.000000000000000000, 0.000000000000000000 ) ) ;
#845 = CARTESIAN_POINT ( 'NONE',  ( 0.000000000000000000, 47.50000000000000711, 42.00000000000000000 ) ) ;
#846 = VECTOR ( 'NONE', #892, 1000.000000000000000 ) ;
#847 = EDGE_CURVE ( 'NONE', #416, #540, #1228, .T. ) ;
#848 = CARTESIAN_POINT ( 'NONE',  ( -42.88620667976217504, 23.75000000000234124, 42.00000000000000000 ) ) ;
#849 = AXIS2_PLACEMENT_3D ( 'NONE', #1729, #520, #1739 ) ;
#850 = DIRECTION ( 'NONE',  ( -0.000000000000000000, -0.000000000000000000, -1.000000000000000000 ) ) ;
#851 = CARTESIAN_POINT ( 'NONE',  ( -18.31583395275860582, 31.51400841871716096, 3.999999999999996447 ) ) ;
#852 = EDGE_LOOP ( 'NONE', ( #1395, #1724 ) ) ;
#853 = EDGE_LOOP ( 'NONE', ( #1069, #566 ) ) ;
#854 = CARTESIAN_POINT ( 'NONE',  ( -29.61898170394697871, 18.13401488930826844, 3.999999999999996447 ) ) ;
#855 = ORIENTED_EDGE ( 'NONE', *, *, #1328, .F. ) ;
#856 = DIRECTION ( 'NONE',  ( 0.000000000000000000, 0.000000000000000000, -1.000000000000000000 ) ) ;
#857 = CARTESIAN_POINT ( 'NONE',  ( 0.000000000000000000, 0.000000000000000000, 5.000000000000000000 ) ) ;
#858 = CARTESIAN_POINT ( 'NONE',  ( 2.104973285218350476, -36.44984884206770914, 0.000000000000000000 ) ) ;
#859 = EDGE_CURVE ( 'NONE', #336, #81, #1376, .T. ) ;
#860 = EDGE_LOOP ( 'NONE', ( #408, #675 ) ) ;
#861 = ORIENTED_EDGE ( 'NONE', *, *, #632, .T. ) ;
#862 = VERTEX_POINT ( 'NONE', #411 ) ;
#863 = CARTESIAN_POINT ( 'NONE',  ( -1.750000000000000444, 47.50000000000000711, 0.000000000000000000 ) ) ;
#864 = CARTESIAN_POINT ( 'NONE',  ( -0.1049732852271832440, 36.44984884206245113, 42.00000000000000000 ) ) ;
#865 = DIRECTION ( 'NONE',  ( 0.000000000000000000, 0.000000000000000000, -1.000000000000000000 ) ) ;
#866 = CARTESIAN_POINT ( 'NONE',  ( -41.13620667976217504, 23.75000000000234124, 42.00000000000000000 ) ) ;
#867 = EDGE_CURVE ( 'NONE', #862, #705, #79, .T. ) ;
#868 = ORIENTED_EDGE ( 'NONE', *, *, #1527, .F. ) ;
#869 = AXIS2_PLACEMENT_3D ( 'NONE', #1101, #796, #32 ) ;
#870 = ORIENTED_EDGE ( 'NONE', *, *, #646, .F. ) ;
#871 = CIRCLE ( 'NONE', #549, 1.750000000000001554 ) ;
#872 = DIRECTION ( 'NONE',  ( 1.000000000000000000, 0.000000000000000000, 0.000000000000000000 ) ) ;
#873 = CARTESIAN_POINT ( 'NONE',  ( 41.13620667975951051, 23.74999999999764100, 42.00000000000000000 ) ) ;
#874 = CIRCLE ( 'NONE', #409, 1.750000000000001554 ) ;
#875 = VECTOR ( 'NONE', #1235, 1000.000000000000000 ) ;
#876 = DIRECTION ( 'NONE',  ( 0.000000000000000000, 0.000000000000000000, -1.000000000000000000 ) ) ;
#877 = PLANE ( 'NONE',  #183 ) ;
#878 = CARTESIAN_POINT ( 'NONE',  ( -38.44984884206949971, -0.1049732852253999482, 42.00000000000000000 ) ) ;
#879 = ORIENTED_EDGE ( 'NONE', *, *, #948, .F. ) ;
#880 = EDGE_CURVE ( 'NONE', #1732, #450, #824, .T. ) ;
#881 = ORIENTED_EDGE ( 'NONE', *, *, #369, .T. ) ;
#882 = CARTESIAN_POINT ( 'NONE',  ( 1.895026714772817256, 36.44984884206245113, 3.999999999999996447 ) ) ;
#883 = DIRECTION ( 'NONE',  ( 0.000000000000000000, 0.000000000000000000, -1.000000000000000000 ) ) ;
#884 = DIRECTION ( 'NONE',  ( -0.000000000000000000, -0.000000000000000000, -1.000000000000000000 ) ) ;
#885 = DIRECTION ( 'NONE',  ( 1.000000000000000000, 0.000000000000000000, 0.000000000000000000 ) ) ;
#886 = EDGE_CURVE ( 'NONE', #336, #1690, #49, .T. ) ;
#887 = ORIENTED_EDGE ( 'NONE', *, *, #867, .T. ) ;
#888 = CARTESIAN_POINT ( 'NONE',  ( -18.31583395275860582, 31.51400841871716096, 0.000000000000000000 ) ) ;
#889 = ADVANCED_FACE ( 'NONE', ( #972 ), #432, .T. ) ;
#890 = FACE_BOUND ( 'NONE', #852, .T. ) ;
#891 = ORIENTED_EDGE ( 'NONE', *, *, #1283, .T. ) ;
#892 = DIRECTION ( 'NONE',  ( -0.000000000000000000, -0.000000000000000000, -1.000000000000000000 ) ) ;
#893 = DIRECTION ( 'NONE',  ( -0.000000000000000000, -0.000000000000000000, -1.000000000000000000 ) ) ;
#894 = VERTEX_POINT ( 'NONE', #1388 ) ;
#895 = ORIENTED_EDGE ( 'NONE', *, *, #256, .F. ) ;
#896 = ADVANCED_FACE ( 'NONE', ( #1512 ), #162, .F. ) ;
#897 = FACE_BOUND ( 'NONE', #1272, .T. ) ;
#898 = ORIENTED_EDGE ( 'NONE', *, *, #981, .T. ) ;
#899 = CARTESIAN_POINT ( 'NONE',  ( 0.000000000000000000, 0.000000000000000000, 0.000000000000000000 ) ) ;
#900 = VECTOR ( 'NONE', #547, 1000.000000000000000 ) ;
#901 = CARTESIAN_POINT ( 'NONE',  ( -34.44984884206949260, -0.1049732852253997123, 3.999999999999996447 ) ) ;
#902 = CIRCLE ( 'NONE', #1462, 66.49999999999998579 ) ;
#903 = AXIS2_PLACEMENT_3D ( 'NONE', #1331, #118, #664 ) ;
#904 = EDGE_LOOP ( 'NONE', ( #708, #318, #993, #1434 ) ) ;
#905 = CARTESIAN_POINT ( 'NONE',  ( 31.51400841871534908, 18.31583395275154658, 3.999999999999996447 ) ) ;
#906 = CARTESIAN_POINT ( 'NONE',  ( 39.38620667975678913, -23.75000000000234834, 0.000000000000000000 ) ) ;
#907 = CARTESIAN_POINT ( 'NONE',  ( -39.38620667976216794, 23.75000000000234124, 3.999999999999996447 ) ) ;
#908 = ORIENTED_EDGE ( 'NONE', *, *, #811, .T. ) ;
#909 = ADVANCED_FACE ( 'NONE', ( #1116 ), #152, .F. ) ;
#910 = CARTESIAN_POINT ( 'NONE',  ( 41.13620667975951051, 23.74999999999764100, 3.999999999999996447 ) ) ;
#911 = EDGE_LOOP ( 'NONE', ( #799, #403 ) ) ;
#912 = CARTESIAN_POINT ( 'NONE',  ( 41.13620667975679623, -23.75000000000234834, 42.00000000000000000 ) ) ;
#913 = DIRECTION ( 'NONE',  ( 0.000000000000000000, 0.000000000000000000, -1.000000000000000000 ) ) ;
#914 = FACE_BOUND ( 'NONE', #744, .T. ) ;
#915 = ORIENTED_EDGE ( 'NONE', *, *, #1557, .T. ) ;
#916 = DIRECTION ( 'NONE',  ( -1.000000000000000000, 0.000000000000000000, 0.000000000000000000 ) ) ;
#917 = EDGE_CURVE ( 'NONE', #894, #1005, #699, .T. ) ;
#918 = ORIENTED_EDGE ( 'NONE', *, *, #1066, .F. ) ;
#919 = VECTOR ( 'NONE', #311, 1000.000000000000000 ) ;
#920 = CARTESIAN_POINT ( 'NONE',  ( 39.38620667975950340, 23.74999999999764100, 3.999999999999996447 ) ) ;
#921 = DIRECTION ( 'NONE',  ( -1.000000000000000000, 0.000000000000000000, 0.000000000000000000 ) ) ;
#922 = DIRECTION ( 'NONE',  ( 0.000000000000000000, 0.000000000000000000, 1.000000000000000000 ) ) ;
#923 = AXIS2_PLACEMENT_3D ( 'NONE', #671, #1212, #542 ) ;
#924 = VECTOR ( 'NONE', #1234, 1000.000000000000000 ) ;
#925 = ORIENTED_EDGE ( 'NONE', *, *, #94, .T. ) ;
#926 = ORIENTED_EDGE ( 'NONE', *, *, #1730, .T. ) ;
#927 = AXIS2_PLACEMENT_3D ( 'NONE', #1475, #531, #916 ) ;
#928 = ADVANCED_FACE ( 'NONE', ( #1251 ), #38, .F. ) ;
#929 = CARTESIAN_POINT ( 'NONE',  ( 0.000000000000000000, 0.000000000000000000, 47.00000000000000000 ) ) ;
#930 = FACE_OUTER_BOUND ( 'NONE', #1254, .T. ) ;
#931 = VERTEX_POINT ( 'NONE', #1528 ) ;
#932 = FACE_OUTER_BOUND ( 'NONE', #1032, .T. ) ;
#933 = CARTESIAN_POINT ( 'NONE',  ( 66.49999999999998579, 8.143901214329898396E-15, 5.000000000000000000 ) ) ;
#934 = VERTEX_POINT ( 'NONE', #858 ) ;
#935 = EDGE_LOOP ( 'NONE', ( #1607, #1280 ) ) ;
#936 = EDGE_CURVE ( 'NONE', #1005, #1340, #1548, .T. ) ;
#937 = DIRECTION ( 'NONE',  ( -0.000000000000000000, -0.000000000000000000, -1.000000000000000000 ) ) ;
#938 = ADVANCED_FACE ( 'NONE', ( #1276 ), #586, .F. ) ;
#939 = CARTESIAN_POINT ( 'NONE',  ( 41.13620667975951051, 23.74999999999764100, 0.000000000000000000 ) ) ;
#940 = CYLINDRICAL_SURFACE ( 'NONE', #1012, 1.999999999999998224 ) ;
#941 = CYLINDRICAL_SURFACE ( 'NONE', #1293, 2.000000000000001776 ) ;
#942 = VERTEX_POINT ( 'NONE', #1667 ) ;
#943 = VERTEX_POINT ( 'NONE', #1534 ) ;
#944 = AXIS2_PLACEMENT_3D ( 'NONE', #46, #561, #1679 ) ;
#945 = AXIS2_PLACEMENT_3D ( 'NONE', #974, #825, #1725 ) ;
#946 = CARTESIAN_POINT ( 'NONE',  ( -1.895026714781650412, -36.44984884206770914, 0.000000000000000000 ) ) ;
#947 = CYLINDRICAL_SURFACE ( 'NONE', #1088, 2.000000000000001776 ) ;
#948 = EDGE_CURVE ( 'NONE', #33, #1231, #983, .T. ) ;
#949 = AXIS2_PLACEMENT_3D ( 'NONE', #1334, #373, #921 ) ;
#950 = CIRCLE ( 'NONE', #103, 2.000000000000001776 ) ;
#951 = ORIENTED_EDGE ( 'NONE', *, *, #369, .F. ) ;
#952 = AXIS2_PLACEMENT_3D ( 'NONE', #1114, #856, #833 ) ;
#953 = DIRECTION ( 'NONE',  ( 0.000000000000000000, 0.000000000000000000, -1.000000000000000000 ) ) ;
#954 = CIRCLE ( 'NONE', #502, 1.750000000000001554 ) ;
#955 = CYLINDRICAL_SURFACE ( 'NONE', #1599, 1.999999999999998224 ) ;
#956 = CARTESIAN_POINT ( 'NONE',  ( 31.61898170393812180, -18.13401488931353356, 3.999999999999996447 ) ) ;
#957 = EDGE_CURVE ( 'NONE', #304, #1119, #312, .T. ) ;
#958 = DIRECTION ( 'NONE',  ( 0.000000000000000000, 0.000000000000000000, 1.000000000000000000 ) ) ;
#959 = VERTEX_POINT ( 'NONE', #901 ) ;
#960 = ORIENTED_EDGE ( 'NONE', *, *, #917, .T. ) ;
#961 = CARTESIAN_POINT ( 'NONE',  ( -58.50000000000000000, 0.000000000000000000, 47.00000000000000000 ) ) ;
#962 = DIRECTION ( 'NONE',  ( 1.000000000000000000, 0.000000000000000000, 0.000000000000000000 ) ) ;
#963 = DIRECTION ( 'NONE',  ( -0.000000000000000000, -0.000000000000000000, -1.000000000000000000 ) ) ;
#964 = DIRECTION ( 'NONE',  ( -1.000000000000000000, 0.000000000000000000, 0.000000000000000000 ) ) ;
#965 = CYLINDRICAL_SURFACE ( 'NONE', #1087, 58.50000000000000000 ) ;
#966 = ORIENTED_EDGE ( 'NONE', *, *, #1217, .F. ) ;
#967 = ORIENTED_EDGE ( 'NONE', *, *, #1440, .T. ) ;
#968 = EDGE_CURVE ( 'NONE', #42, #1140, #1065, .T. ) ;
#969 = VERTEX_POINT ( 'NONE', #1146 ) ;
#970 = CARTESIAN_POINT ( 'NONE',  ( -62.50000000000000000, 0.000000000000000000, 40.00000000000063238 ) ) ;
#971 = DIRECTION ( 'NONE',  ( 0.000000000000000000, 0.000000000000000000, -1.000000000000000000 ) ) ;
#972 = FACE_OUTER_BOUND ( 'NONE', #224, .T. ) ;
#973 = CIRCLE ( 'NONE', #1478, 1.750000000000000444 ) ;
#974 = CARTESIAN_POINT ( 'NONE',  ( 0.000000000000000000, 47.50000000000000711, 3.999999999999996447 ) ) ;
#975 = DIRECTION ( 'NONE',  ( 0.000000000000000000, 0.000000000000000000, 1.000000000000000000 ) ) ;
#976 = ORIENTED_EDGE ( 'NONE', *, *, #186, .T. ) ;
#977 = VERTEX_POINT ( 'NONE', #1306 ) ;
#978 = CARTESIAN_POINT ( 'NONE',  ( 38.44984884206066766, 0.1049732852201439859, 3.999999999999996447 ) ) ;
#979 = DIRECTION ( 'NONE',  ( -0.000000000000000000, -0.000000000000000000, -1.000000000000000000 ) ) ;
#980 = CIRCLE ( 'NONE', #667, 1.750000000000001554 ) ;
#981 = EDGE_CURVE ( 'NONE', #1721, #1547, #1431, .T. ) ;
#982 = ORIENTED_EDGE ( 'NONE', *, *, #332, .T. ) ;
#983 = CIRCLE ( 'NONE', #1435, 1.750000000000001554 ) ;
#984 = DIRECTION ( 'NONE',  ( 0.000000000000000000, 0.000000000000000000, -1.000000000000000000 ) ) ;
#985 = DIRECTION ( 'NONE',  ( 1.000000000000000000, 0.000000000000000000, 0.000000000000000000 ) ) ;
#986 = AXIS2_PLACEMENT_3D ( 'NONE', #1247, #147, #569 ) ;
#987 = DIRECTION ( 'NONE',  ( -1.000000000000000000, 0.000000000000000000, 0.000000000000000000 ) ) ;
#988 = CARTESIAN_POINT ( 'NONE',  ( -41.13620667976217504, 23.75000000000234124, 3.999999999999996447 ) ) ;
#989 = ORIENTED_EDGE ( 'NONE', *, *, #1616, .F. ) ;
#990 = ORIENTED_EDGE ( 'NONE', *, *, #1297, .T. ) ;
#991 = LINE ( 'NONE', #1352, #153 ) ;
#992 = CYLINDRICAL_SURFACE ( 'NONE', #383, 2.000000000000000444 ) ;
#993 = ORIENTED_EDGE ( 'NONE', *, *, #656, .T. ) ;
#994 = CYLINDRICAL_SURFACE ( 'NONE', #686, 1.750000000000001554 ) ;
#995 = CIRCLE ( 'NONE', #192, 58.50000000000000000 ) ;
#996 = EDGE_CURVE ( 'NONE', #969, #1585, #642, .T. ) ;
#997 = DIRECTION ( 'NONE',  ( -1.000000000000000000, 0.000000000000000000, 0.000000000000000000 ) ) ;
#998 = CARTESIAN_POINT ( 'NONE',  ( 36.44984884206066766, 0.1049732852201437361, 0.000000000000000000 ) ) ;
#999 = ORIENTED_EDGE ( 'NONE', *, *, #1503, .F. ) ;
#1000 = ORIENTED_EDGE ( 'NONE', *, *, #442, .T. ) ;
#1001 = DIRECTION ( 'NONE',  ( -0.000000000000000000, -0.000000000000000000, -1.000000000000000000 ) ) ;
#1002 = EDGE_CURVE ( 'NONE', #1687, #1082, #761, .T. ) ;
#1003 = DIRECTION ( 'NONE',  ( -1.000000000000000000, 0.000000000000000000, 0.000000000000000000 ) ) ;
#1004 = DIRECTION ( 'NONE',  ( 1.000000000000000000, 0.000000000000000000, 0.000000000000000000 ) ) ;
#1005 = VERTEX_POINT ( 'NONE', #751 ) ;
#1006 = ORIENTED_EDGE ( 'NONE', *, *, #1109, .F. ) ;
#1007 = AXIS2_PLACEMENT_3D ( 'NONE', #1483, #265, #1219 ) ;
#1008 = EDGE_LOOP ( 'NONE', ( #773, #116 ) ) ;
#1009 = VECTOR ( 'NONE', #733, 1000.000000000000000 ) ;
#1010 = CIRCLE ( 'NONE', #500, 2.000000000000001776 ) ;
#1011 = FILL_AREA_STYLE_COLOUR ( '', #1429 ) ;
#1012 = AXIS2_PLACEMENT_3D ( 'NONE', #1722, #1054, #1205 ) ;
#1013 = AXIS2_PLACEMENT_3D ( 'NONE', #1353, #1450, #1481 ) ;
#1014 = DIRECTION ( 'NONE',  ( -0.000000000000000000, -0.000000000000000000, -1.000000000000000000 ) ) ;
#1015 = FACE_OUTER_BOUND ( 'NONE', #1265, .T. ) ;
#1016 = EDGE_CURVE ( 'NONE', #1734, #943, #550, .T. ) ;
#1017 = ORIENTED_EDGE ( 'NONE', *, *, #1367, .F. ) ;
#1018 = EDGE_CURVE ( 'NONE', #1103, #1140, #736, .T. ) ;
#1019 = EDGE_LOOP ( 'NONE', ( #1678, #1567, #1173, #1619 ) ) ;
#1020 = CARTESIAN_POINT ( 'NONE',  ( 42.88620667975679623, -23.75000000000234834, 3.999999999999996447 ) ) ;
#1021 = EDGE_LOOP ( 'NONE', ( #1257, #1549, #1167, #1006 ) ) ;
#1022 = CARTESIAN_POINT ( 'NONE',  ( -42.88620667976488221, -23.74999999999766587, 3.999999999999996447 ) ) ;
#1023 = ORIENTED_EDGE ( 'NONE', *, *, #245, .T. ) ;
#1024 = ADVANCED_FACE ( 'NONE', ( #1015 ), #1536, .F. ) ;
#1025 = EDGE_LOOP ( 'NONE', ( #1166, #831, #309, #982 ) ) ;
#1026 = FACE_BOUND ( 'NONE', #62, .T. ) ;
#1027 = ORIENTED_EDGE ( 'NONE', *, *, #1016, .T. ) ;
#1028 = FACE_BOUND ( 'NONE', #71, .T. ) ;
#1029 = UNCERTAINTY_MEASURE_WITH_UNIT (LENGTH_MEASURE( 1.000000000000000082E-05 ), #1553, 'distance_accuracy_value', 'NONE');
#1030 = CARTESIAN_POINT ( 'NONE',  ( 31.61898170393812180, -18.13401488931353356, 3.999999999999996447 ) ) ;
#1031 = AXIS2_PLACEMENT_3D ( 'NONE', #241, #789, #1325 ) ;
#1032 = EDGE_LOOP ( 'NONE', ( #1248, #976, #6, #1507 ) ) ;
#1033 = FACE_OUTER_BOUND ( 'NONE', #176, .T. ) ;
#1034 = DIRECTION ( 'NONE',  ( -0.000000000000000000, -0.000000000000000000, -1.000000000000000000 ) ) ;
#1035 = AXIS2_PLACEMENT_3D ( 'NONE', #1492, #299, #1648 ) ;
#1036 = EDGE_CURVE ( 'NONE', #1113, #1056, #487, .T. ) ;
#1037 = CIRCLE ( 'NONE', #1457, 1.750000000000001554 ) ;
#1038 = DIRECTION ( 'NONE',  ( -1.000000000000000000, 0.000000000000000000, 0.000000000000000000 ) ) ;
#1039 = ORIENTED_EDGE ( 'NONE', *, *, #245, .F. ) ;
#1040 = CARTESIAN_POINT ( 'NONE',  ( -1.895026714781650412, -36.44984884206770914, 42.00000000000000000 ) ) ;
#1041 = CIRCLE ( 'NONE', #1207, 2.000000000000001776 ) ;
#1042 = CIRCLE ( 'NONE', #952, 62.50000000000000000 ) ;
#1043 = AXIS2_PLACEMENT_3D ( 'NONE', #1451, #230, #1321 ) ;
#1044 = ORIENTED_EDGE ( 'NONE', *, *, #666, .F. ) ;
#1045 = DIRECTION ( 'NONE',  ( -1.000000000000000000, 0.000000000000000000, 0.000000000000000000 ) ) ;
#1046 = FACE_OUTER_BOUND ( 'NONE', #704, .T. ) ;
#1047 = ORIENTED_EDGE ( 'NONE', *, *, #811, .F. ) ;
#1048 = DIRECTION ( 'NONE',  ( 1.000000000000000000, 0.000000000000000000, 0.000000000000000000 ) ) ;
#1049 = EDGE_CURVE ( 'NONE', #1454, #977, #52, .T. ) ;
#1050 = ORIENTED_EDGE ( 'NONE', *, *, #1426, .T. ) ;
#1051 = LINE ( 'NONE', #509, #1620 ) ;
#1052 = CYLINDRICAL_SURFACE ( 'NONE', #129, 2.000000000000000444 ) ;
#1053 = EDGE_LOOP ( 'NONE', ( #999, #1379 ) ) ;
#1054 = DIRECTION ( 'NONE',  ( -0.000000000000000000, -0.000000000000000000, -1.000000000000000000 ) ) ;
#1055 = EDGE_CURVE ( 'NONE', #33, #645, #1156, .T. ) ;
#1056 = VERTEX_POINT ( 'NONE', #1271 ) ;
#1057 = ORIENTED_EDGE ( 'NONE', *, *, #936, .F. ) ;
#1058 = PRESENTATION_LAYER_ASSIGNMENT (  '', '', ( #1596 ) ) ;
#1059 = DIRECTION ( 'NONE',  ( 0.000000000000000000, 0.000000000000000000, 1.000000000000000000 ) ) ;
#1060 = DIRECTION ( 'NONE',  ( -1.000000000000000000, 0.000000000000000000, 0.000000000000000000 ) ) ;
#1061 = ORIENTED_EDGE ( 'NONE', *, *, #1186, .F. ) ;
#1062 = DIRECTION ( 'NONE',  ( -0.000000000000000000, -0.000000000000000000, -1.000000000000000000 ) ) ;
#1063 = CYLINDRICAL_SURFACE ( 'NONE', #849, 1.750000000000000444 ) ;
#1064 = AXIS2_PLACEMENT_3D ( 'NONE', #86, #1716, #392 ) ;
#1065 = CIRCLE ( 'NONE', #814, 2.000000000000001776 ) ;
#1066 = EDGE_CURVE ( 'NONE', #1574, #1092, #181, .T. ) ;
#1067 = AXIS2_PLACEMENT_3D ( 'NONE', #1133, #319, #872 ) ;
#1068 = ORIENTED_EDGE ( 'NONE', *, *, #126, .F. ) ;
#1069 = ORIENTED_EDGE ( 'NONE', *, *, #460, .F. ) ;
#1070 = EDGE_CURVE ( 'NONE', #942, #559, #78, .T. ) ;
#1071 = DIRECTION ( 'NONE',  ( 0.000000000000000000, 0.000000000000000000, -1.000000000000000000 ) ) ;
#1072 = EDGE_LOOP ( 'NONE', ( #1123, #195 ) ) ;
#1073 = FACE_OUTER_BOUND ( 'NONE', #495, .T. ) ;
#1074 = DIRECTION ( 'NONE',  ( 0.000000000000000000, 0.000000000000000000, -1.000000000000000000 ) ) ;
#1075 = CARTESIAN_POINT ( 'NONE',  ( -20.31583395275860582, 31.51400841871716096, 42.00000000000000000 ) ) ;
#1076 = ORIENTED_EDGE ( 'NONE', *, *, #917, .F. ) ;
#1077 = ADVANCED_FACE ( 'NONE', ( #1564 ), #1279, .F. ) ;
#1078 = LINE ( 'NONE', #1467, #1345 ) ;
#1079 = CARTESIAN_POINT ( 'NONE',  ( -58.50000000000000000, 0.000000000000000000, 4.000000000000003553 ) ) ;
#1080 = PRODUCT_CONTEXT ( 'NONE', #1164, 'mechanical' ) ;
#1081 = EDGE_LOOP ( 'NONE', ( #1027, #1357, #70, #1131 ) ) ;
#1082 = VERTEX_POINT ( 'NONE', #1415 ) ;
#1083 = CIRCLE ( 'NONE', #516, 2.000000000000001776 ) ;
#1084 = EDGE_CURVE ( 'NONE', #450, #638, #874, .T. ) ;
#1085 = CARTESIAN_POINT ( 'NONE',  ( 31.61898170393812180, -18.13401488931353356, 42.00000000000000000 ) ) ;
#1086 = DIRECTION ( 'NONE',  ( 1.000000000000000000, 0.000000000000000000, 0.000000000000000000 ) ) ;
#1087 = AXIS2_PLACEMENT_3D ( 'NONE', #687, #660, #1192 ) ;
#1088 = AXIS2_PLACEMENT_3D ( 'NONE', #1361, #1062, #964 ) ;
#1089 = DIRECTION ( 'NONE',  ( -0.000000000000000000, -0.000000000000000000, -1.000000000000000000 ) ) ;
#1090 = AXIS2_PLACEMENT_3D ( 'NONE', #691, #1245, #677 ) ;
#1091 = VERTEX_POINT ( 'NONE', #343 ) ;
#1092 = VERTEX_POINT ( 'NONE', #463 ) ;
#1093 = EDGE_CURVE ( 'NONE', #1113, #1558, #843, .T. ) ;
#1094 = CARTESIAN_POINT ( 'NONE',  ( -33.61898170394698582, 18.13401488930826844, 42.00000000000000000 ) ) ;
#1095 = AXIS2_PLACEMENT_3D ( 'NONE', #1717, #507, #1706 ) ;
#1096 = CARTESIAN_POINT ( 'NONE',  ( 18.31583395274975246, -31.51400841872239411, 0.000000000000000000 ) ) ;
#1097 = FACE_OUTER_BOUND ( 'NONE', #1421, .T. ) ;
#1098 = CARTESIAN_POINT ( 'NONE',  ( -41.13620667976487510, -23.74999999999766587, 3.999999999999996447 ) ) ;
#1099 = CARTESIAN_POINT ( 'NONE',  ( -42.88620667976217504, 23.75000000000234124, 0.000000000000000000 ) ) ;
#1100 = EDGE_CURVE ( 'NONE', #705, #862, #1041, .T. ) ;
#1101 = CARTESIAN_POINT ( 'NONE',  ( 18.31583395274975246, -31.51400841872239411, 3.999999999999996447 ) ) ;
#1102 = ORIENTED_EDGE ( 'NONE', *, *, #1453, .T. ) ;
#1103 = VERTEX_POINT ( 'NONE', #405 ) ;
#1104 = CYLINDRICAL_SURFACE ( 'NONE', #498, 2.000000000000001776 ) ;
#1105 = CARTESIAN_POINT ( 'NONE',  ( 58.50000000000000000, 7.164183775012014056E-15, 47.00000000000000000 ) ) ;
#1106 = DIRECTION ( 'NONE',  ( -1.000000000000000000, 0.000000000000000000, 0.000000000000000000 ) ) ;
#1107 = CARTESIAN_POINT ( 'NONE',  ( 58.50000000000000000, 7.164183775012014056E-15, 47.00000000000000000 ) ) ;
#1108 = DIRECTION ( 'NONE',  ( 0.000000000000000000, 0.000000000000000000, -1.000000000000000000 ) ) ;
#1109 = EDGE_CURVE ( 'NONE', #81, #828, #1221, .T. ) ;
#1110 = ORIENTED_EDGE ( 'NONE', *, *, #74, .T. ) ;
#1111 = EDGE_LOOP ( 'NONE', ( #1191, #737 ) ) ;
#1112 = LINE ( 'NONE', #718, #1686 ) ;
#1113 = VERTEX_POINT ( 'NONE', #146 ) ;
#1114 = CARTESIAN_POINT ( 'NONE',  ( 0.000000000000000000, 0.000000000000000000, 40.00000000000063238 ) ) ;
#1115 = DIRECTION ( 'NONE',  ( -0.000000000000000000, -0.000000000000000000, -1.000000000000000000 ) ) ;
#1116 = FACE_OUTER_BOUND ( 'NONE', #308, .T. ) ;
#1117 = AXIS2_PLACEMENT_3D ( 'NONE', #873, #1412, #188 ) ;
#1118 = AXIS2_PLACEMENT_3D ( 'NONE', #1576, #1184, #225 ) ;
#1119 = VERTEX_POINT ( 'NONE', #1523 ) ;
#1120 = ORIENTED_EDGE ( 'NONE', *, *, #1608, .T. ) ;
#1121 = LINE ( 'NONE', #281, #614 ) ;
#1122 = AXIS2_PLACEMENT_3D ( 'NONE', #1473, #1458, #1060 ) ;
#1123 = ORIENTED_EDGE ( 'NONE', *, *, #106, .F. ) ;
#1124 = AXIS2_PLACEMENT_3D ( 'NONE', #1683, #1163, #1700 ) ;
#1125 = ADVANCED_FACE ( 'NONE', ( #35 ), #1104, .F. ) ;
#1126 = CARTESIAN_POINT ( 'NONE',  ( -41.13620667976487510, -23.74999999999766587, 42.00000000000000000 ) ) ;
#1127 = CIRCLE ( 'NONE', #1688, 2.000000000000001776 ) ;
#1128 = DIRECTION ( 'NONE',  ( -1.000000000000000000, 0.000000000000000000, 0.000000000000000000 ) ) ;
#1129 = EDGE_CURVE ( 'NONE', #53, #1587, #693, .T. ) ;
#1130 = DIRECTION ( 'NONE',  ( -0.000000000000000000, -0.000000000000000000, -1.000000000000000000 ) ) ;
#1131 = ORIENTED_EDGE ( 'NONE', *, *, #1426, .F. ) ;
#1132 = ORIENTED_EDGE ( 'NONE', *, *, #1453, .F. ) ;
#1133 = CARTESIAN_POINT ( 'NONE',  ( 0.000000000000000000, 0.000000000000000000, 5.000000000000000000 ) ) ;
#1134 = CYLINDRICAL_SURFACE ( 'NONE', #1171, 2.000000000000001776 ) ;
#1135 = EDGE_CURVE ( 'NONE', #1438, #717, #264, .T. ) ;
#1136 = CARTESIAN_POINT ( 'NONE',  ( -18.31583395275860582, 31.51400841871716096, 0.000000000000000000 ) ) ;
#1137 = DIRECTION ( 'NONE',  ( 0.000000000000000000, 0.000000000000000000, -1.000000000000000000 ) ) ;
#1138 = CARTESIAN_POINT ( 'NONE',  ( 0.1049732852183500320, -36.44984884206770914, 42.00000000000000000 ) ) ;
#1139 = ORIENTED_EDGE ( 'NONE', *, *, #1472, .T. ) ;
#1140 = VERTEX_POINT ( 'NONE', #1488 ) ;
#1141 = DIRECTION ( 'NONE',  ( -0.000000000000000000, -0.000000000000000000, -1.000000000000000000 ) ) ;
#1142 = EDGE_CURVE ( 'NONE', #1140, #42, #950, .T. ) ;
#1143 =( NAMED_UNIT ( * ) SI_UNIT ( $, .STERADIAN. ) SOLID_ANGLE_UNIT ( ) );
#1144 = CIRCLE ( 'NONE', #175, 2.000000000000000444 ) ;
#1145 = FACE_BOUND ( 'NONE', #102, .T. ) ;
#1146 = CARTESIAN_POINT ( 'NONE',  ( 34.44984884206066056, 0.1049732852201437361, 0.000000000000000000 ) ) ;
#1147 = VERTEX_POINT ( 'NONE', #854 ) ;
#1148 = EDGE_LOOP ( 'NONE', ( #926, #618, #1494, #868 ) ) ;
#1149 = AXIS2_PLACEMENT_3D ( 'NONE', #845, #1498, #283 ) ;
#1150 = VERTEX_POINT ( 'NONE', #168 ) ;
#1151 = VECTOR ( 'NONE', #30, 1000.000000000000000 ) ;
#1152 = AXIS2_PLACEMENT_3D ( 'NONE', #198, #190, #1003 ) ;
#1153 = FACE_OUTER_BOUND ( 'NONE', #511, .T. ) ;
#1154 = ORIENTED_EDGE ( 'NONE', *, *, #1176, .F. ) ;
#1155 = CARTESIAN_POINT ( 'NONE',  ( 16.13401488930650629, 31.61898170393991592, 42.00000000000000000 ) ) ;
#1156 = LINE ( 'NONE', #1544, #1710 ) ;
#1157 = EDGE_CURVE ( 'NONE', #1091, #1584, #1601, .T. ) ;
#1158 = ORIENTED_EDGE ( 'NONE', *, *, #1712, .F. ) ;
#1159 = VERTEX_POINT ( 'NONE', #417 ) ;
#1160 = CARTESIAN_POINT ( 'NONE',  ( 0.000000000000000000, 47.50000000000000711, 3.999999999999996447 ) ) ;
#1161 = ORIENTED_EDGE ( 'NONE', *, *, #1358, .T. ) ;
#1162 = DIRECTION ( 'NONE',  ( 0.000000000000000000, 0.000000000000000000, -1.000000000000000000 ) ) ;
#1163 = DIRECTION ( 'NONE',  ( 0.000000000000000000, 0.000000000000000000, 1.000000000000000000 ) ) ;
#1164 = APPLICATION_CONTEXT ( 'automotive_design' ) ;
#1165 = EDGE_CURVE ( 'NONE', #466, #210, #1266, .T. ) ;
#1166 = ORIENTED_EDGE ( 'NONE', *, *, #1070, .F. ) ;
#1167 = ORIENTED_EDGE ( 'NONE', *, *, #114, .T. ) ;
#1168 = LINE ( 'NONE', #484, #741 ) ;
#1169 = ORIENTED_EDGE ( 'NONE', *, *, #1608, .F. ) ;
#1170 = DIRECTION ( 'NONE',  ( 0.000000000000000000, 0.000000000000000000, -1.000000000000000000 ) ) ;
#1171 = AXIS2_PLACEMENT_3D ( 'NONE', #160, #695, #599 ) ;
#1172 = AXIS2_PLACEMENT_3D ( 'NONE', #1449, #339, #754 ) ;
#1173 = ORIENTED_EDGE ( 'NONE', *, *, #1527, .T. ) ;
#1174 = DIRECTION ( 'NONE',  ( -1.000000000000000000, 0.000000000000000000, 0.000000000000000000 ) ) ;
#1175 = AXIS2_PLACEMENT_3D ( 'NONE', #1241, #1059, #1333 ) ;
#1176 = EDGE_CURVE ( 'NONE', #92, #579, #581, .T. ) ;
#1177 = VECTOR ( 'NONE', #123, 1000.000000000000000 ) ;
#1178 = CYLINDRICAL_SURFACE ( 'NONE', #73, 2.000000000000001776 ) ;
#1179 = ORIENTED_EDGE ( 'NONE', *, *, #381, .T. ) ;
#1180 = CARTESIAN_POINT ( 'NONE',  ( 29.51400841871534908, 18.31583395275154658, 42.00000000000000000 ) ) ;
#1181 = CARTESIAN_POINT ( 'NONE',  ( 0.000000000000000000, 0.000000000000000000, 5.000000000000000000 ) ) ;
#1182 = CIRCLE ( 'NONE', #1713, 1.750000000000000444 ) ;
#1183 = ORIENTED_EDGE ( 'NONE', *, *, #859, .F. ) ;
#1184 = DIRECTION ( 'NONE',  ( 0.000000000000000000, 0.000000000000000000, -1.000000000000000000 ) ) ;
#1185 = CARTESIAN_POINT ( 'NONE',  ( -39.38620667976487510, -23.74999999999766587, 0.000000000000000000 ) ) ;
#1186 = EDGE_CURVE ( 'NONE', #828, #1690, #380, .T. ) ;
#1187 = DIRECTION ( 'NONE',  ( -1.000000000000000000, 0.000000000000000000, 0.000000000000000000 ) ) ;
#1188 = ORIENTED_EDGE ( 'NONE', *, *, #31, .F. ) ;
#1189 = FACE_OUTER_BOUND ( 'NONE', #159, .T. ) ;
#1190 = ORIENTED_EDGE ( 'NONE', *, *, #126, .T. ) ;
#1191 = ORIENTED_EDGE ( 'NONE', *, *, #996, .F. ) ;
#1192 = DIRECTION ( 'NONE',  ( -1.000000000000000000, 0.000000000000000000, 0.000000000000000000 ) ) ;
#1193 = FACE_OUTER_BOUND ( 'NONE', #795, .T. ) ;
#1194 = EDGE_LOOP ( 'NONE', ( #316, #187, #1335, #967 ) ) ;
#1195 = EDGE_CURVE ( 'NONE', #1574, #379, #1112, .T. ) ;
#1196 = CYLINDRICAL_SURFACE ( 'NONE', #497, 2.000000000000001776 ) ;
#1197 = CARTESIAN_POINT ( 'NONE',  ( -1.895026714781650412, -36.44984884206770914, 3.999999999999996447 ) ) ;
#1198 = EDGE_CURVE ( 'NONE', #1159, #210, #830, .T. ) ;
#1199 = ORIENTED_EDGE ( 'NONE', *, *, #1588, .T. ) ;
#1200 = ORIENTED_EDGE ( 'NONE', *, *, #1399, .F. ) ;
#1201 = CARTESIAN_POINT ( 'NONE',  ( -33.61898170394698582, 18.13401488930826844, 0.000000000000000000 ) ) ;
#1202 = CIRCLE ( 'NONE', #1172, 1.750000000000001554 ) ;
#1203 = CARTESIAN_POINT ( 'NONE',  ( 0.1049732852183500320, -36.44984884206770914, 42.00000000000000000 ) ) ;
#1204 = DIRECTION ( 'NONE',  ( 0.000000000000000000, 0.000000000000000000, -1.000000000000000000 ) ) ;
#1205 = DIRECTION ( 'NONE',  ( -1.000000000000000000, 0.000000000000000000, 0.000000000000000000 ) ) ;
#1206 = DIRECTION ( 'NONE',  ( -0.000000000000000000, -0.000000000000000000, -1.000000000000000000 ) ) ;
#1207 = AXIS2_PLACEMENT_3D ( 'NONE', #1030, #1572, #351 ) ;
#1208 = CIRCLE ( 'NONE', #105, 62.50000000000000000 ) ;
#1209 = EDGE_CURVE ( 'NONE', #1150, #158, #1121, .T. ) ;
#1210 = VERTEX_POINT ( 'NONE', #978 ) ;
#1211 = VECTOR ( 'NONE', #363, 1000.000000000000000 ) ;
#1212 = DIRECTION ( 'NONE',  ( 0.000000000000000000, 0.000000000000000000, -1.000000000000000000 ) ) ;
#1213 = DIRECTION ( 'NONE',  ( -0.000000000000000000, -0.000000000000000000, -1.000000000000000000 ) ) ;
#1214 = FACE_OUTER_BOUND ( 'NONE', #157, .T. ) ;
#1215 = ORIENTED_EDGE ( 'NONE', *, *, #713, .F. ) ;
#1216 = ORIENTED_EDGE ( 'NONE', *, *, #1638, .F. ) ;
#1217 = EDGE_CURVE ( 'NONE', #1231, #1393, #991, .T. ) ;
#1218 = DIRECTION ( 'NONE',  ( -0.000000000000000000, -0.000000000000000000, -1.000000000000000000 ) ) ;
#1219 = DIRECTION ( 'NONE',  ( 1.000000000000000000, 0.000000000000000000, -0.000000000000000000 ) ) ;
#1220 = EDGE_LOOP ( 'NONE', ( #1445, #758 ) ) ;
#1221 = LINE ( 'NONE', #961, #1459 ) ;
#1222 = DIRECTION ( 'NONE',  ( -1.000000000000000000, 0.000000000000000000, 0.000000000000000000 ) ) ;
#1223 = DIRECTION ( 'NONE',  ( -0.000000000000000000, -0.000000000000000000, -1.000000000000000000 ) ) ;
#1224 = CARTESIAN_POINT ( 'NONE',  ( -41.13620667976487510, -23.74999999999766587, 0.000000000000000000 ) ) ;
#1225 = EDGE_CURVE ( 'NONE', #1587, #540, #815, .T. ) ;
#1226 = CARTESIAN_POINT ( 'NONE',  ( -18.13401488931532768, -31.61898170394517038, 3.999999999999996447 ) ) ;
#1227 = DIRECTION ( 'NONE',  ( 0.000000000000000000, 0.000000000000000000, 1.000000000000000000 ) ) ;
#1228 = CIRCLE ( 'NONE', #468, 2.000000000000000444 ) ;
#1229 = CARTESIAN_POINT ( 'NONE',  ( -20.13401488931532768, -31.61898170394517038, 3.999999999999996447 ) ) ;
#1230 = AXIS2_PLACEMENT_3D ( 'NONE', #588, #1288, #61 ) ;
#1231 = VERTEX_POINT ( 'NONE', #1663 ) ;
#1232 = ORIENTED_EDGE ( 'NONE', *, *, #1157, .T. ) ;
#1233 = AXIS2_PLACEMENT_3D ( 'NONE', #750, #1162, #997 ) ;
#1234 = DIRECTION ( 'NONE',  ( -0.000000000000000000, -0.000000000000000000, -1.000000000000000000 ) ) ;
#1235 = DIRECTION ( 'NONE',  ( -0.000000000000000000, -0.000000000000000000, -1.000000000000000000 ) ) ;
#1236 = CYLINDRICAL_SURFACE ( 'NONE', #1731, 25.39999999999999858 ) ;
#1237 = DIRECTION ( 'NONE',  ( -1.000000000000000000, 0.000000000000000000, 0.000000000000000000 ) ) ;
#1238 = CARTESIAN_POINT ( 'NONE',  ( 16.31583395274975601, -31.51400841872239411, 42.00000000000000000 ) ) ;
#1239 = ADVANCED_FACE ( 'NONE', ( #1214 ), #941, .F. ) ;
#1240 = FACE_BOUND ( 'NONE', #1356, .T. ) ;
#1241 = CARTESIAN_POINT ( 'NONE',  ( -18.13401488931532768, -31.61898170394517038, 3.999999999999996447 ) ) ;
#1242 = CARTESIAN_POINT ( 'NONE',  ( 16.13401488930650629, 31.61898170393991592, 0.000000000000000000 ) ) ;
#1243 = ORIENTED_EDGE ( 'NONE', *, *, #1100, .T. ) ;
#1244 = ORIENTED_EDGE ( 'NONE', *, *, #338, .T. ) ;
#1245 = DIRECTION ( 'NONE',  ( 0.000000000000000000, 0.000000000000000000, -1.000000000000000000 ) ) ;
#1246 = CARTESIAN_POINT ( 'NONE',  ( -39.38620667976487510, -23.74999999999766587, 42.00000000000000000 ) ) ;
#1247 = CARTESIAN_POINT ( 'NONE',  ( 0.000000000000000000, 47.50000000000000711, 42.00000000000000000 ) ) ;
#1248 = ORIENTED_EDGE ( 'NONE', *, *, #122, .F. ) ;
#1249 = CARTESIAN_POINT ( 'NONE',  ( -36.44984884206949971, -0.1049732852253999482, 3.999999999999996447 ) ) ;
#1250 = CARTESIAN_POINT ( 'NONE',  ( -39.38620667976216794, 23.75000000000234124, 0.000000000000000000 ) ) ;
#1251 = FACE_OUTER_BOUND ( 'NONE', #1502, .T. ) ;
#1252 = ADVANCED_FACE ( 'NONE', ( #1491 ), #276, .F. ) ;
#1253 = ORIENTED_EDGE ( 'NONE', *, *, #867, .F. ) ;
#1254 = EDGE_LOOP ( 'NONE', ( #1000, #1301, #289, #489 ) ) ;
#1255 = DIRECTION ( 'NONE',  ( -0.000000000000000000, -0.000000000000000000, -1.000000000000000000 ) ) ;
#1256 = DIRECTION ( 'NONE',  ( -0.000000000000000000, -0.000000000000000000, -1.000000000000000000 ) ) ;
#1257 = ORIENTED_EDGE ( 'NONE', *, *, #535, .T. ) ;
#1258 = LINE ( 'NONE', #1655, #606 ) ;
#1259 = CARTESIAN_POINT ( 'NONE',  ( 0.000000000000000000, 0.000000000000000000, 47.00000000000000000 ) ) ;
#1260 = CIRCLE ( 'NONE', #1031, 2.000000000000000444 ) ;
#1261 = FACE_BOUND ( 'NONE', #1643, .T. ) ;
#1262 = AXIS2_PLACEMENT_3D ( 'NONE', #254, #1204, #1738 ) ;
#1263 = ORIENTED_EDGE ( 'NONE', *, *, #722, .T. ) ;
#1264 = EDGE_CURVE ( 'NONE', #304, #1274, #1042, .T. ) ;
#1265 = EDGE_LOOP ( 'NONE', ( #278, #1660, #749, #1417 ) ) ;
#1266 = CIRCLE ( 'NONE', #1090, 2.000000000000001776 ) ;
#1267 = CARTESIAN_POINT ( 'NONE',  ( -0.1049732852271832440, 36.44984884206245113, 42.00000000000000000 ) ) ;
#1268 = DIRECTION ( 'NONE',  ( 1.000000000000000000, 0.000000000000000000, 0.000000000000000000 ) ) ;
#1269 = VECTOR ( 'NONE', #1632, 1000.000000000000000 ) ;
#1270 = FACE_OUTER_BOUND ( 'NONE', #1698, .T. ) ;
#1271 = CARTESIAN_POINT ( 'NONE',  ( -16.31583395275860227, 31.51400841871716096, 0.000000000000000000 ) ) ;
#1272 = EDGE_LOOP ( 'NONE', ( #499, #1017 ) ) ;
#1273 = EDGE_CURVE ( 'NONE', #674, #753, #1182, .T. ) ;
#1274 = VERTEX_POINT ( 'NONE', #57 ) ;
#1275 = CARTESIAN_POINT ( 'NONE',  ( 0.000000000000000000, 47.50000000000000711, 0.000000000000000000 ) ) ;
#1276 = FACE_OUTER_BOUND ( 'NONE', #1521, .T. ) ;
#1277 = CARTESIAN_POINT ( 'NONE',  ( 0.000000000000000000, 0.000000000000000000, 4.000000000000000000 ) ) ;
#1278 = CARTESIAN_POINT ( 'NONE',  ( 16.13401488930650629, 31.61898170393991592, 3.999999999999996447 ) ) ;
#1279 = CYLINDRICAL_SURFACE ( 'NONE', #585, 1.750000000000000444 ) ;
#1280 = ORIENTED_EDGE ( 'NONE', *, *, #696, .F. ) ;
#1281 = VERTEX_POINT ( 'NONE', #148 ) ;
#1282 = CARTESIAN_POINT ( 'NONE',  ( -60.50000000000019895, 0.000000000000000000, 47.00000000000000000 ) ) ;
#1283 = EDGE_CURVE ( 'NONE', #1119, #1424, #1485, .T. ) ;
#1284 = CARTESIAN_POINT ( 'NONE',  ( 31.51400841871534908, 18.31583395275154658, 42.00000000000000000 ) ) ;
#1285 = EDGE_LOOP ( 'NONE', ( #1671, #24, #690, #1463 ) ) ;
#1286 = CONICAL_SURFACE ( 'NONE', #1452, 60.50000000000019895, 0.2782996590051088903 ) ;
#1287 = DIRECTION ( 'NONE',  ( 0.000000000000000000, 0.000000000000000000, 1.000000000000000000 ) ) ;
#1288 = DIRECTION ( 'NONE',  ( 0.000000000000000000, 0.000000000000000000, 1.000000000000000000 ) ) ;
#1289 = PRODUCT ( 'Kuppel', 'Kuppel', '', ( #1080 ) ) ;
#1290 = ORIENTED_EDGE ( 'NONE', *, *, #1070, .T. ) ;
#1291 = AXIS2_PLACEMENT_3D ( 'NONE', #1354, #793, #1086 ) ;
#1292 = ORIENTED_EDGE ( 'NONE', *, *, #242, .F. ) ;
#1293 = AXIS2_PLACEMENT_3D ( 'NONE', #401, #1089, #1628 ) ;
#1294 =( NAMED_UNIT ( * ) PLANE_ANGLE_UNIT ( ) SI_UNIT ( $, .RADIAN. ) );
#1295 = ORIENTED_EDGE ( 'NONE', *, *, #1100, .F. ) ;
#1296 = CIRCLE ( 'NONE', #1714, 62.50000000000000000 ) ;
#1297 = EDGE_CURVE ( 'NONE', #514, #969, #1384, .T. ) ;
#1298 = CYLINDRICAL_SURFACE ( 'NONE', #1064, 1.750000000000001554 ) ;
#1299 = FACE_BOUND ( 'NONE', #1349, .T. ) ;
#1300 = CARTESIAN_POINT ( 'NONE',  ( 0.000000000000000000, 0.000000000000000000, 3.999999999999996447 ) ) ;
#1301 = ORIENTED_EDGE ( 'NONE', *, *, #627, .T. ) ;
#1302 = DIRECTION ( 'NONE',  ( -1.000000000000000000, 0.000000000000000000, 0.000000000000000000 ) ) ;
#1303 = SURFACE_STYLE_USAGE ( .BOTH. , #619 ) ;
#1304 = ORIENTED_EDGE ( 'NONE', *, *, #1557, .F. ) ;
#1305 = DIRECTION ( 'NONE',  ( 0.000000000000000000, 0.000000000000000000, 1.000000000000000000 ) ) ;
#1306 = CARTESIAN_POINT ( 'NONE',  ( 20.13401488930650274, 31.61898170393991592, 3.999999999999996447 ) ) ;
#1307 = EDGE_CURVE ( 'NONE', #821, #349, #139, .T. ) ;
#1308 = ORIENTED_EDGE ( 'NONE', *, *, #332, .F. ) ;
#1309 = ORIENTED_EDGE ( 'NONE', *, *, #1049, .T. ) ;
#1310 = DIRECTION ( 'NONE',  ( 0.000000000000000000, 0.000000000000000000, 1.000000000000000000 ) ) ;
#1311 = FACE_BOUND ( 'NONE', #1008, .T. ) ;
#1312 = ORIENTED_EDGE ( 'NONE', *, *, #313, .F. ) ;
#1313 = CARTESIAN_POINT ( 'NONE',  ( -1.750000000005383027, -47.50000000000000000, 3.999999999999996447 ) ) ;
#1314 = AXIS2_PLACEMENT_3D ( 'NONE', #1277, #340, #98 ) ;
#1315 = ORIENTED_EDGE ( 'NONE', *, *, #683, .T. ) ;
#1316 = EDGE_CURVE ( 'NONE', #719, #1438, #27, .T. ) ;
#1317 = ORIENTED_EDGE ( 'NONE', *, *, #1515, .F. ) ;
#1318 = CONICAL_SURFACE ( 'NONE', #1480, 60.50000000000019895, 0.2782996590051088903 ) ;
#1319 = CARTESIAN_POINT ( 'NONE',  ( 0.000000000000000000, 0.000000000000000000, 5.000000000000000000 ) ) ;
#1320 = EDGE_LOOP ( 'NONE', ( #1432, #1639, #1705, #787 ) ) ;
#1321 = DIRECTION ( 'NONE',  ( -1.000000000000000000, 0.000000000000000000, 0.000000000000000000 ) ) ;
#1322 = AXIS2_PLACEMENT_3D ( 'NONE', #851, #1391, #165 ) ;
#1323 = CIRCLE ( 'NONE', #1606, 1.750000000000001554 ) ;
#1324 = VERTEX_POINT ( 'NONE', #1366 ) ;
#1325 = DIRECTION ( 'NONE',  ( 1.000000000000000000, 0.000000000000000000, 0.000000000000000000 ) ) ;
#1326 = EDGE_CURVE ( 'NONE', #210, #466, #1627, .T. ) ;
#1327 = CARTESIAN_POINT ( 'NONE',  ( 62.50000000000000000, 7.654042494670956226E-15, 47.00000000000000000 ) ) ;
#1328 = EDGE_CURVE ( 'NONE', #228, #934, #14, .T. ) ;
#1329 = ORIENTED_EDGE ( 'NONE', *, *, #543, .T. ) ;
#1330 = CARTESIAN_POINT ( 'NONE',  ( 0.000000000000000000, 0.000000000000000000, 47.00000000000000000 ) ) ;
#1331 = CARTESIAN_POINT ( 'NONE',  ( 36.44984884206066766, 0.1049732852201437361, 3.999999999999996447 ) ) ;
#1332 = ORIENTED_EDGE ( 'NONE', *, *, #600, .T. ) ;
#1333 = DIRECTION ( 'NONE',  ( 1.000000000000000000, 0.000000000000000000, 0.000000000000000000 ) ) ;
#1334 = CARTESIAN_POINT ( 'NONE',  ( -41.13620667976217504, 23.75000000000234124, 42.00000000000000000 ) ) ;
#1335 = ORIENTED_EDGE ( 'NONE', *, *, #1176, .T. ) ;
#1336 = DIRECTION ( 'NONE',  ( 1.000000000000000000, 0.000000000000000000, -0.000000000000000000 ) ) ;
#1337 = CARTESIAN_POINT ( 'NONE',  ( 29.61898170393811824, -18.13401488931353356, 42.00000000000000000 ) ) ;
#1338 = EDGE_CURVE ( 'NONE', #249, #1082, #692, .T. ) ;
#1339 = CARTESIAN_POINT ( 'NONE',  ( 1.895026714772817256, 36.44984884206245113, 42.00000000000000000 ) ) ;
#1340 = VERTEX_POINT ( 'NONE', #1642 ) ;
#1341 = CIRCLE ( 'NONE', #400, 1.750000000000001554 ) ;
#1342 = CIRCLE ( 'NONE', #1035, 1.750000000000000444 ) ;
#1343 = LINE ( 'NONE', #1327, #326 ) ;
#1344 = DIRECTION ( 'NONE',  ( 1.000000000000000000, 0.000000000000000000, 0.000000000000000000 ) ) ;
#1345 = VECTOR ( 'NONE', #647, 1000.000000000000114 ) ;
#1346 = ADVANCED_FACE ( 'NONE', ( #1505 ), #992, .F. ) ;
#1347 = VECTOR ( 'NONE', #1365, 1000.000000000000000 ) ;
#1348 = AXIS2_PLACEMENT_3D ( 'NONE', #375, #801, #1048 ) ;
#1349 = EDGE_LOOP ( 'NONE', ( #1650, #36 ) ) ;
#1350 = ORIENTED_EDGE ( 'NONE', *, *, #31, .T. ) ;
#1351 = CIRCLE ( 'NONE', #384, 2.000000000000000444 ) ;
#1352 = CARTESIAN_POINT ( 'NONE',  ( 39.38620667975678913, -23.75000000000234834, 42.00000000000000000 ) ) ;
#1353 = CARTESIAN_POINT ( 'NONE',  ( -31.51400841872419178, -18.31583395275679749, 42.00000000000000000 ) ) ;
#1354 = CARTESIAN_POINT ( 'NONE',  ( 0.000000000000000000, 0.000000000000000000, 47.00000000000000000 ) ) ;
#1355 = APPLICATION_PROTOCOL_DEFINITION ( 'draft international standard', 'automotive_design', 1998, #527 ) ;
#1356 = EDGE_LOOP ( 'NONE', ( #1364, #918 ) ) ;
#1357 = ORIENTED_EDGE ( 'NONE', *, *, #306, .T. ) ;
#1358 = EDGE_CURVE ( 'NONE', #1424, #1119, #1208, .T. ) ;
#1359 = DIRECTION ( 'NONE',  ( -1.000000000000000000, 0.000000000000000000, 0.000000000000000000 ) ) ;
#1360 = FACE_OUTER_BOUND ( 'NONE', #1468, .T. ) ;
#1361 = CARTESIAN_POINT ( 'NONE',  ( -31.61898170394698226, 18.13401488930826844, 42.00000000000000000 ) ) ;
#1362 = CARTESIAN_POINT ( 'NONE',  ( -66.49999999999998579, 0.000000000000000000, 0.000000000000000000 ) ) ;
#1363 = VERTEX_POINT ( 'NONE', #1242 ) ;
#1364 = ORIENTED_EDGE ( 'NONE', *, *, #65, .F. ) ;
#1365 = DIRECTION ( 'NONE',  ( -0.000000000000000000, -0.000000000000000000, -1.000000000000000000 ) ) ;
#1366 = CARTESIAN_POINT ( 'NONE',  ( 25.39999999999999858, 3.110602869834276076E-15, 0.000000000000000000 ) ) ;
#1367 = EDGE_CURVE ( 'NONE', #943, #1734, #1740, .T. ) ;
#1368 = AXIS2_PLACEMENT_3D ( 'NONE', #1500, #112, #433 ) ;
#1369 = CARTESIAN_POINT ( 'NONE',  ( -5.382673574888913610E-12, -47.50000000000000000, 0.000000000000000000 ) ) ;
#1370 = DIRECTION ( 'NONE',  ( -1.000000000000000000, 0.000000000000000000, 0.000000000000000000 ) ) ;
#1371 = CYLINDRICAL_SURFACE ( 'NONE', #1149, 1.750000000000000444 ) ;
#1372 = DIRECTION ( 'NONE',  ( -0.000000000000000000, -0.000000000000000000, -1.000000000000000000 ) ) ;
#1373 = DIRECTION ( 'NONE',  ( 1.000000000000000000, 0.000000000000000000, 0.000000000000000000 ) ) ;
#1374 = DIRECTION ( 'NONE',  ( 1.000000000000000000, 0.000000000000000000, 0.000000000000000000 ) ) ;
#1375 = CARTESIAN_POINT ( 'NONE',  ( -5.382673574888913610E-12, -47.50000000000000000, 0.000000000000000000 ) ) ;
#1376 = CIRCLE ( 'NONE', #1291, 58.50000000000000000 ) ;
#1377 = CARTESIAN_POINT ( 'NONE',  ( 29.51400841871534908, 18.31583395275154658, 0.000000000000000000 ) ) ;
#1378 = AXIS2_PLACEMENT_3D ( 'NONE', #541, #953, #290 ) ;
#1379 = ORIENTED_EDGE ( 'NONE', *, *, #1694, .F. ) ;
#1380 = ORIENTED_EDGE ( 'NONE', *, *, #747, .F. ) ;
#1381 = AXIS2_PLACEMENT_3D ( 'NONE', #77, #865, #1543 ) ;
#1382 = CIRCLE ( 'NONE', #788, 2.000000000000001776 ) ;
#1383 = ORIENTED_EDGE ( 'NONE', *, *, #596, .F. ) ;
#1384 = LINE ( 'NONE', #1396, #356 ) ;
#1385 = CARTESIAN_POINT ( 'NONE',  ( 1.749999999994617861, -47.50000000000000000, 42.00000000000000000 ) ) ;
#1386 = EDGE_CURVE ( 'NONE', #1558, #1113, #1411, .T. ) ;
#1387 = CARTESIAN_POINT ( 'NONE',  ( 18.31583395274975246, -31.51400841872239411, 42.00000000000000000 ) ) ;
#1388 = CARTESIAN_POINT ( 'NONE',  ( 16.31583395274975601, -31.51400841872239411, 3.999999999999996447 ) ) ;
#1389 = ADVANCED_FACE ( 'NONE', ( #715 ), #577, .F. ) ;
#1390 = DIRECTION ( 'NONE',  ( 0.000000000000000000, 0.000000000000000000, -1.000000000000000000 ) ) ;
#1391 = DIRECTION ( 'NONE',  ( 0.000000000000000000, 0.000000000000000000, 1.000000000000000000 ) ) ;
#1392 = VERTEX_POINT ( 'NONE', #358 ) ;
#1393 = VERTEX_POINT ( 'NONE', #906 ) ;
#1394 = CARTESIAN_POINT ( 'NONE',  ( -2.104973285227183855, 36.44984884206245113, 42.00000000000000000 ) ) ;
#1395 = ORIENTED_EDGE ( 'NONE', *, *, #442, .F. ) ;
#1396 = CARTESIAN_POINT ( 'NONE',  ( 34.44984884206066056, 0.1049732852201437361, 42.00000000000000000 ) ) ;
#1397 = CARTESIAN_POINT ( 'NONE',  ( -29.51400841872418823, -18.31583395275679749, 3.999999999999996447 ) ) ;
#1398 = DIRECTION ( 'NONE',  ( -1.000000000000000000, 0.000000000000000000, 0.000000000000000000 ) ) ;
#1399 = EDGE_CURVE ( 'NONE', #246, #249, #1605, .T. ) ;
#1400 = ORIENTED_EDGE ( 'NONE', *, *, #591, .T. ) ;
#1401 = ORIENTED_EDGE ( 'NONE', *, *, #424, .T. ) ;
#1402 = DIRECTION ( 'NONE',  ( 1.000000000000000000, 0.000000000000000000, 0.000000000000000000 ) ) ;
#1403 = AXIS2_PLACEMENT_3D ( 'NONE', #988, #702, #555 ) ;
#1404 = DIRECTION ( 'NONE',  ( 1.000000000000000000, 0.000000000000000000, 0.000000000000000000 ) ) ;
#1405 = FACE_BOUND ( 'NONE', #449, .T. ) ;
#1406 = CIRCLE ( 'NONE', #402, 58.50000000000000000 ) ;
#1407 = ADVANCED_FACE ( 'NONE', ( #1046 ), #366, .F. ) ;
#1408 = ORIENTED_EDGE ( 'NONE', *, *, #771, .F. ) ;
#1409 = AXIS2_PLACEMENT_3D ( 'NONE', #1657, #284, #1398 ) ;
#1410 = ORIENTED_EDGE ( 'NONE', *, *, #1129, .T. ) ;
#1411 = CIRCLE ( 'NONE', #1322, 2.000000000000001776 ) ;
#1412 = DIRECTION ( 'NONE',  ( -0.000000000000000000, -0.000000000000000000, -1.000000000000000000 ) ) ;
#1413 = AXIS2_PLACEMENT_3D ( 'NONE', #1593, #652, #244 ) ;
#1414 = DIRECTION ( 'NONE',  ( 0.000000000000000000, 0.000000000000000000, -1.000000000000000000 ) ) ;
#1415 = CARTESIAN_POINT ( 'NONE',  ( -29.51400841872418823, -18.31583395275679749, 0.000000000000000000 ) ) ;
#1416 = ORIENTED_EDGE ( 'NONE', *, *, #1636, .F. ) ;
#1417 = ORIENTED_EDGE ( 'NONE', *, *, #1084, .T. ) ;
#1418 = ADVANCED_FACE ( 'NONE', ( #303 ), #406, .F. ) ;
#1419 = ORIENTED_EDGE ( 'NONE', *, *, #591, .F. ) ;
#1420 = CARTESIAN_POINT ( 'NONE',  ( -18.13401488931532768, -31.61898170394517038, 0.000000000000000000 ) ) ;
#1421 = EDGE_LOOP ( 'NONE', ( #1630, #476 ) ) ;
#1422 = FACE_BOUND ( 'NONE', #1614, .T. ) ;
#1423 = DIRECTION ( 'NONE',  ( -1.000000000000000000, 0.000000000000000000, 0.000000000000000000 ) ) ;
#1424 = VERTEX_POINT ( 'NONE', #251 ) ;
#1425 = DIRECTION ( 'NONE',  ( 0.000000000000000000, 0.000000000000000000, -1.000000000000000000 ) ) ;
#1426 = EDGE_CURVE ( 'NONE', #1734, #231, #805, .T. ) ;
#1427 = DIRECTION ( 'NONE',  ( -1.000000000000000000, 0.000000000000000000, 0.000000000000000000 ) ) ;
#1428 = ORIENTED_EDGE ( 'NONE', *, *, #346, .T. ) ;
#1429 = COLOUR_RGB ( '',0.7921568627450980005, 0.8196078431372548767, 0.9333333333333333481 ) ;
#1430 = CARTESIAN_POINT ( 'NONE',  ( 0.000000000000000000, 0.000000000000000000, 0.000000000000000000 ) ) ;
#1431 = LINE ( 'NONE', #1669, #233 ) ;
#1432 = ORIENTED_EDGE ( 'NONE', *, *, #1673, .T. ) ;
#1433 = CIRCLE ( 'NONE', #812, 66.49999999999998579 ) ;
#1434 = ORIENTED_EDGE ( 'NONE', *, *, #1002, .T. ) ;
#1435 = AXIS2_PLACEMENT_3D ( 'NONE', #601, #173, #1404 ) ;
#1436 = AXIS2_PLACEMENT_3D ( 'NONE', #207, #334, #461 ) ;
#1437 = FACE_BOUND ( 'NONE', #389, .T. ) ;
#1438 = VERTEX_POINT ( 'NONE', #1185 ) ;
#1439 = CARTESIAN_POINT ( 'NONE',  ( -1.750000000005383027, -47.50000000000000000, 42.00000000000000000 ) ) ;
#1440 = EDGE_CURVE ( 'NONE', #579, #625, #1522, .T. ) ;
#1441 = DIRECTION ( 'NONE',  ( 0.000000000000000000, 0.000000000000000000, -1.000000000000000000 ) ) ;
#1442 = EDGE_CURVE ( 'NONE', #1082, #1687, #1550, .T. ) ;
#1443 = ORIENTED_EDGE ( 'NONE', *, *, #600, .F. ) ;
#1444 = DIRECTION ( 'NONE',  ( 0.000000000000000000, 0.000000000000000000, 1.000000000000000000 ) ) ;
#1445 = ORIENTED_EDGE ( 'NONE', *, *, #1049, .F. ) ;
#1446 = CARTESIAN_POINT ( 'NONE',  ( -2.104973285227183855, 36.44984884206245113, 3.999999999999996447 ) ) ;
#1447 = ADVANCED_FACE ( 'NONE', ( #359 ), #679, .F. ) ;
#1448 = ORIENTED_EDGE ( 'NONE', *, *, #89, .T. ) ;
#1449 = CARTESIAN_POINT ( 'NONE',  ( -41.13620667976487510, -23.74999999999766587, 3.999999999999996447 ) ) ;
#1450 = DIRECTION ( 'NONE',  ( -0.000000000000000000, -0.000000000000000000, -1.000000000000000000 ) ) ;
#1451 = CARTESIAN_POINT ( 'NONE',  ( -18.13401488931532768, -31.61898170394517038, 0.000000000000000000 ) ) ;
#1452 = AXIS2_PLACEMENT_3D ( 'NONE', #371, #1071, #382 ) ;
#1453 = EDGE_CURVE ( 'NONE', #128, #1281, #657, .T. ) ;
#1454 = VERTEX_POINT ( 'NONE', #1278 ) ;
#1455 = DIRECTION ( 'NONE',  ( 0.000000000000000000, 0.000000000000000000, 1.000000000000000000 ) ) ;
#1456 = CARTESIAN_POINT ( 'NONE',  ( -25.39999999999999858, 0.000000000000000000, 42.00000000000000000 ) ) ;
#1457 = AXIS2_PLACEMENT_3D ( 'NONE', #939, #131, #1469 ) ;
#1458 = DIRECTION ( 'NONE',  ( 0.000000000000000000, 0.000000000000000000, -1.000000000000000000 ) ) ;
#1459 = VECTOR ( 'NONE', #44, 1000.000000000000000 ) ;
#1460 = PRODUCT_RELATED_PRODUCT_CATEGORY ( 'part', '', ( #1289 ) ) ;
#1461 = DIRECTION ( 'NONE',  ( 1.000000000000000000, 0.000000000000000000, 0.000000000000000000 ) ) ;
#1462 = AXIS2_PLACEMENT_3D ( 'NONE', #1430, #1287, #215 ) ;
#1463 = ORIENTED_EDGE ( 'NONE', *, *, #1515, .T. ) ;
#1464 = ORIENTED_EDGE ( 'NONE', *, *, #656, .F. ) ;
#1465 = DIRECTION ( 'NONE',  ( -0.000000000000000000, -0.000000000000000000, -1.000000000000000000 ) ) ;
#1466 = ADVANCED_FACE ( 'NONE', ( #1675, #1668, #603, #1028, #68, #50, #621, #1422, #1405, #1145, #469, #735, #180, #1261, #1554, #455, #1571, #1299, #486, #1270 ), #877, .F. ) ;
#1467 = CARTESIAN_POINT ( 'NONE',  ( 60.50000000000019895, 7.409113134841512751E-15, 47.00000000000000000 ) ) ;
#1468 = EDGE_LOOP ( 'NONE', ( #1190, #213, #1315, #1076 ) ) ;
#1469 = DIRECTION ( 'NONE',  ( -1.000000000000000000, 0.000000000000000000, 0.000000000000000000 ) ) ;
#1470 = FACE_OUTER_BOUND ( 'NONE', #1597, .T. ) ;
#1471 = EDGE_LOOP ( 'NONE', ( #1665, #240 ) ) ;
#1472 = EDGE_CURVE ( 'NONE', #1670, #1392, #20, .T. ) ;
#1473 = CARTESIAN_POINT ( 'NONE',  ( 31.51400841871534908, 18.31583395275154658, 0.000000000000000000 ) ) ;
#1474 = LINE ( 'NONE', #141, #1177 ) ;
#1475 = CARTESIAN_POINT ( 'NONE',  ( 41.13620667975679623, -23.75000000000234834, 0.000000000000000000 ) ) ;
#1476 = ORIENTED_EDGE ( 'NONE', *, *, #936, .T. ) ;
#1477 = EDGE_LOOP ( 'NONE', ( #1039, #1410, #259, #915 ) ) ;
#1478 = AXIS2_PLACEMENT_3D ( 'NONE', #1375, #876, #1674 ) ;
#1479 = CIRCLE ( 'NONE', #1118, 2.000000000000001776 ) ;
#1480 = AXIS2_PLACEMENT_3D ( 'NONE', #703, #1390, #557 ) ;
#1481 = DIRECTION ( 'NONE',  ( -1.000000000000000000, 0.000000000000000000, 0.000000000000000000 ) ) ;
#1482 = CIRCLE ( 'NONE', #1262, 25.39999999999999858 ) ;
#1483 = CARTESIAN_POINT ( 'NONE',  ( 0.000000000000000000, 0.000000000000000000, 5.000000000000000000 ) ) ;
#1484 = AXIS2_PLACEMENT_3D ( 'NONE', #866, #1555, #743 ) ;
#1485 = CIRCLE ( 'NONE', #1067, 62.50000000000000000 ) ;
#1486 = EDGE_CURVE ( 'NONE', #977, #931, #350, .T. ) ;
#1487 = ORIENTED_EDGE ( 'NONE', *, *, #1055, .T. ) ;
#1488 = CARTESIAN_POINT ( 'NONE',  ( -38.44984884206949971, -0.1049732852253999482, 0.000000000000000000 ) ) ;
#1489 = DIRECTION ( 'NONE',  ( 0.000000000000000000, 0.000000000000000000, -1.000000000000000000 ) ) ;
#1490 = DIRECTION ( 'NONE',  ( 0.000000000000000000, 0.000000000000000000, 1.000000000000000000 ) ) ;
#1491 = FACE_OUTER_BOUND ( 'NONE', #1477, .T. ) ;
#1492 = CARTESIAN_POINT ( 'NONE',  ( -5.382673574888913610E-12, -47.50000000000000000, 3.999999999999996447 ) ) ;
#1493 = EDGE_CURVE ( 'NONE', #1670, #674, #87, .T. ) ;
#1494 = ORIENTED_EDGE ( 'NONE', *, *, #1135, .T. ) ;
#1495 = ORIENTED_EDGE ( 'NONE', *, *, #564, .T. ) ;
#1496 = CARTESIAN_POINT ( 'NONE',  ( 0.000000000000000000, 0.000000000000000000, 4.000000000000003553 ) ) ;
#1497 = DIRECTION ( 'NONE',  ( 0.000000000000000000, 0.000000000000000000, 1.000000000000000000 ) ) ;
#1498 = DIRECTION ( 'NONE',  ( -0.000000000000000000, -0.000000000000000000, -1.000000000000000000 ) ) ;
#1499 = DIRECTION ( 'NONE',  ( -0.000000000000000000, -0.000000000000000000, -1.000000000000000000 ) ) ;
#1500 = CARTESIAN_POINT ( 'NONE',  ( 41.13620667975951051, 23.74999999999764100, 3.999999999999996447 ) ) ;
#1501 = EDGE_LOOP ( 'NONE', ( #659, #1408 ) ) ;
#1502 = EDGE_LOOP ( 'NONE', ( #211, #166, #1263, #1350 ) ) ;
#1503 = EDGE_CURVE ( 'NONE', #514, #1210, #1010, .T. ) ;
#1504 = DIRECTION ( 'NONE',  ( 0.000000000000000000, 0.000000000000000000, 1.000000000000000000 ) ) ;
#1505 = FACE_OUTER_BOUND ( 'NONE', #194, .T. ) ;
#1506 = CIRCLE ( 'NONE', #347, 1.750000000000000444 ) ;
#1507 = ORIENTED_EDGE ( 'NONE', *, *, #1326, .T. ) ;
#1508 = EDGE_CURVE ( 'NONE', #1363, #931, #1662, .T. ) ;
#1509 = DIRECTION ( 'NONE',  ( -1.000000000000000000, 0.000000000000000000, 0.000000000000000000 ) ) ;
#1510 = FACE_OUTER_BOUND ( 'NONE', #474, .T. ) ;
#1511 = CARTESIAN_POINT ( 'NONE',  ( 41.13620667975679623, -23.75000000000234834, 3.999999999999996447 ) ) ;
#1512 = FACE_OUTER_BOUND ( 'NONE', #1677, .T. ) ;
#1513 =( NAMED_UNIT ( * ) SI_UNIT ( $, .STERADIAN. ) SOLID_ANGLE_UNIT ( ) );
#1514 = CARTESIAN_POINT ( 'NONE',  ( -41.13620667976217504, 23.75000000000234124, 3.999999999999996447 ) ) ;
#1515 = EDGE_CURVE ( 'NONE', #158, #1547, #902, .T. ) ;
#1516 = AXIS2_PLACEMENT_3D ( 'NONE', #1096, #140, #1106 ) ;
#1517 = FACE_OUTER_BOUND ( 'NONE', #167, .T. ) ;
#1518 = VECTOR ( 'NONE', #893, 1000.000000000000000 ) ;
#1519 = DIRECTION ( 'NONE',  ( 1.000000000000000000, 0.000000000000000000, 0.000000000000000000 ) ) ;
#1520 = ORIENTED_EDGE ( 'NONE', *, *, #1723, .F. ) ;
#1521 = EDGE_LOOP ( 'NONE', ( #724, #1023, #288, #1661 ) ) ;
#1522 = CIRCLE ( 'NONE', #447, 1.750000000000001554 ) ;
#1523 = CARTESIAN_POINT ( 'NONE',  ( -62.50000000000000000, 0.000000000000000000, 5.000000000000000000 ) ) ;
#1524 = DIRECTION ( 'NONE',  ( 0.000000000000000000, 0.000000000000000000, -1.000000000000000000 ) ) ;
#1525 = ORIENTED_EDGE ( 'NONE', *, *, #1508, .F. ) ;
#1526 = DIRECTION ( 'NONE',  ( -1.000000000000000000, 0.000000000000000000, 0.000000000000000000 ) ) ;
#1527 = EDGE_CURVE ( 'NONE', #1569, #717, #1699, .T. ) ;
#1528 = CARTESIAN_POINT ( 'NONE',  ( 20.13401488930650274, 31.61898170393991592, 0.000000000000000000 ) ) ;
#1529 = ORIENTED_EDGE ( 'NONE', *, *, #306, .F. ) ;
#1530 = ORIENTED_EDGE ( 'NONE', *, *, #353, .T. ) ;
#1531 = EDGE_LOOP ( 'NONE', ( #1525, #533 ) ) ;
#1532 = DIRECTION ( 'NONE',  ( -0.000000000000000000, -0.000000000000000000, -1.000000000000000000 ) ) ;
#1533 = EDGE_CURVE ( 'NONE', #1056, #1629, #1127, .T. ) ;
#1534 = CARTESIAN_POINT ( 'NONE',  ( 25.39999999999999858, 3.110602869834276076E-15, 3.999999999999996447 ) ) ;
#1535 = CARTESIAN_POINT ( 'NONE',  ( 20.13401488930650274, 31.61898170393991592, 42.00000000000000000 ) ) ;
#1536 = CYLINDRICAL_SURFACE ( 'NONE', #1484, 1.750000000000001554 ) ;
#1537 = ORIENTED_EDGE ( 'NONE', *, *, #1093, .F. ) ;
#1538 = ORIENTED_EDGE ( 'NONE', *, *, #1264, .F. ) ;
#1539 = CIRCLE ( 'NONE', #274, 1.750000000000000444 ) ;
#1540 = CYLINDRICAL_SURFACE ( 'NONE', #1117, 1.750000000000001554 ) ;
#1541 = AXIS2_PLACEMENT_3D ( 'NONE', #1420, #883, #1427 ) ;
#1542 = DIRECTION ( 'NONE',  ( 1.000000000000000000, 0.000000000000000000, 0.000000000000000000 ) ) ;
#1543 = DIRECTION ( 'NONE',  ( -1.000000000000000000, 0.000000000000000000, 0.000000000000000000 ) ) ;
#1544 = CARTESIAN_POINT ( 'NONE',  ( 42.88620667975679623, -23.75000000000234834, 42.00000000000000000 ) ) ;
#1545 = ADVANCED_FACE ( 'NONE', ( #1682 ), #323, .F. ) ;
#1546 = VECTOR ( 'NONE', #937, 1000.000000000000000 ) ;
#1547 = VERTEX_POINT ( 'NONE', #478 ) ;
#1548 = CIRCLE ( 'NONE', #786, 1.999999999999998224 ) ;
#1549 = ORIENTED_EDGE ( 'NONE', *, *, #886, .T. ) ;
#1550 = CIRCLE ( 'NONE', #764, 2.000000000000001776 ) ;
#1551 = LINE ( 'NONE', #1282, #725 ) ;
#1552 = CIRCLE ( 'NONE', #903, 2.000000000000001776 ) ;
#1553 =( LENGTH_UNIT ( ) NAMED_UNIT ( * ) SI_UNIT ( .MILLI., .METRE. ) );
#1554 = FACE_BOUND ( 'NONE', #457, .T. ) ;
#1555 = DIRECTION ( 'NONE',  ( -0.000000000000000000, -0.000000000000000000, -1.000000000000000000 ) ) ;
#1556 = ORIENTED_EDGE ( 'NONE', *, *, #40, .F. ) ;
#1557 = EDGE_CURVE ( 'NONE', #540, #416, #155, .T. ) ;
#1558 = VERTEX_POINT ( 'NONE', #742 ) ;
#1559 = CARTESIAN_POINT ( 'NONE',  ( -31.51400841872419178, -18.31583395275679749, 3.999999999999996447 ) ) ;
#1560 = FACE_BOUND ( 'NONE', #738, .T. ) ;
#1561 = ORIENTED_EDGE ( 'NONE', *, *, #214, .T. ) ;
#1562 = DIRECTION ( 'NONE',  ( 1.000000000000000000, 0.000000000000000000, 0.000000000000000000 ) ) ;
#1563 = CARTESIAN_POINT ( 'NONE',  ( 36.44984884206066766, 0.1049732852201437361, 3.999999999999996447 ) ) ;
#1564 = FACE_OUTER_BOUND ( 'NONE', #840, .T. ) ;
#1565 = EDGE_CURVE ( 'NONE', #1454, #1363, #613, .T. ) ;
#1566 = ORIENTED_EDGE ( 'NONE', *, *, #722, .F. ) ;
#1567 = ORIENTED_EDGE ( 'NONE', *, *, #1, .T. ) ;
#1568 = FACE_BOUND ( 'NONE', #404, .T. ) ;
#1569 = VERTEX_POINT ( 'NONE', #1022 ) ;
#1570 = AXIS2_PLACEMENT_3D ( 'NONE', #651, #1455, #277 ) ;
#1571 = FACE_BOUND ( 'NONE', #578, .T. ) ;
#1572 = DIRECTION ( 'NONE',  ( 0.000000000000000000, 0.000000000000000000, 1.000000000000000000 ) ) ;
#1573 = AXIS2_PLACEMENT_3D ( 'NONE', #905, #1444, #218 ) ;
#1574 = VERTEX_POINT ( 'NONE', #630 ) ;
#1575 = CIRCLE ( 'NONE', #322, 2.000000000000000444 ) ;
#1576 = CARTESIAN_POINT ( 'NONE',  ( 31.51400841871534908, 18.31583395275154658, 0.000000000000000000 ) ) ;
#1577 = AXIS2_PLACEMENT_3D ( 'NONE', #563, #1499, #574 ) ;
#1578 = CIRCLE ( 'NONE', #54, 1.750000000000000444 ) ;
#1579 = EDGE_CURVE ( 'NONE', #1701, #228, #817, .T. ) ;
#1580 = CARTESIAN_POINT ( 'NONE',  ( -18.31583395275860582, 31.51400841871716096, 42.00000000000000000 ) ) ;
#1581 = ORIENTED_EDGE ( 'NONE', *, *, #1264, .T. ) ;
#1582 = VECTOR ( 'NONE', #1612, 1000.000000000000000 ) ;
#1583 = DIRECTION ( 'NONE',  ( -1.000000000000000000, 0.000000000000000000, 0.000000000000000000 ) ) ;
#1584 = VERTEX_POINT ( 'NONE', #109 ) ;
#1585 = VERTEX_POINT ( 'NONE', #1589 ) ;
#1586 = FILL_AREA_STYLE ('',( #1011 ) ) ;
#1587 = VERTEX_POINT ( 'NONE', #1446 ) ;
#1588 = EDGE_CURVE ( 'NONE', #559, #349, #1578, .T. ) ;
#1589 = CARTESIAN_POINT ( 'NONE',  ( 38.44984884206066766, 0.1049732852201439859, 0.000000000000000000 ) ) ;
#1590 = CARTESIAN_POINT ( 'NONE',  ( -20.13401488931532768, -31.61898170394517038, 42.00000000000000000 ) ) ;
#1591 = ORIENTED_EDGE ( 'NONE', *, *, #1625, .F. ) ;
#1592 = CARTESIAN_POINT ( 'NONE',  ( 0.000000000000000000, 0.000000000000000000, 4.000000000000003553 ) ) ;
#1593 = CARTESIAN_POINT ( 'NONE',  ( 0.000000000000000000, 0.000000000000000000, 47.00000000000000000 ) ) ;
#1594 = ORIENTED_EDGE ( 'NONE', *, *, #1307, .F. ) ;
#1595 = CARTESIAN_POINT ( 'NONE',  ( -36.44984884206949971, -0.1049732852253999482, 3.999999999999996447 ) ) ;
#1596 = STYLED_ITEM ( 'NONE', ( #205 ), #503 ) ;
#1597 = EDGE_LOOP ( 'NONE', ( #951, #925, #813, #1685 ) ) ;
#1598 = CARTESIAN_POINT ( 'NONE',  ( -29.61898170394697871, 18.13401488930826844, 42.00000000000000000 ) ) ;
#1599 = AXIS2_PLACEMENT_3D ( 'NONE', #1387, #161, #823 ) ;
#1600 = CARTESIAN_POINT ( 'NONE',  ( 38.44984884206066766, 0.1049732852201439859, 42.00000000000000000 ) ) ;
#1601 = CIRCLE ( 'NONE', #1659, 2.000000000000001776 ) ;
#1602 = ORIENTED_EDGE ( 'NONE', *, *, #820, .F. ) ;
#1603 = DIRECTION ( 'NONE',  ( -0.000000000000000000, -0.000000000000000000, -1.000000000000000000 ) ) ;
#1604 = LINE ( 'NONE', #1075, #589 ) ;
#1605 = CIRCLE ( 'NONE', #132, 2.000000000000001776 ) ;
#1606 = AXIS2_PLACEMENT_3D ( 'NONE', #910, #1305, #1461 ) ;
#1607 = ORIENTED_EDGE ( 'NONE', *, *, #1651, .F. ) ;
#1608 = EDGE_CURVE ( 'NONE', #1393, #645, #22, .T. ) ;
#1609 = CARTESIAN_POINT ( 'NONE',  ( -16.13401488931532413, -31.61898170394517038, 0.000000000000000000 ) ) ;
#1610 = DIRECTION ( 'NONE',  ( -0.000000000000000000, -0.000000000000000000, -1.000000000000000000 ) ) ;
#1611 = DIRECTION ( 'NONE',  ( -1.000000000000000000, 0.000000000000000000, 0.000000000000000000 ) ) ;
#1612 = DIRECTION ( 'NONE',  ( -0.000000000000000000, -0.000000000000000000, -1.000000000000000000 ) ) ;
#1613 = CARTESIAN_POINT ( 'NONE',  ( -31.51400841872419178, -18.31583395275679749, 0.000000000000000000 ) ) ;
#1614 = EDGE_LOOP ( 'NONE', ( #611, #104 ) ) ;
#1615 = FACE_OUTER_BOUND ( 'NONE', #1285, .T. ) ;
#1616 = EDGE_CURVE ( 'NONE', #1701, #629, #393, .T. ) ;
#1617 = PLANE ( 'NONE',  #1007 ) ;
#1618 = AXIS2_PLACEMENT_3D ( 'NONE', #1249, #1497, #1402 ) ;
#1619 = ORIENTED_EDGE ( 'NONE', *, *, #646, .T. ) ;
#1620 = VECTOR ( 'NONE', #156, 1000.000000000000000 ) ;
#1621 = DIRECTION ( 'NONE',  ( -0.000000000000000000, -0.000000000000000000, -1.000000000000000000 ) ) ;
#1622 = AXIS2_PLACEMENT_3D ( 'NONE', #398, #1603, #544 ) ;
#1623 = CARTESIAN_POINT ( 'NONE',  ( 1.749999999994617861, -47.50000000000000000, 0.000000000000000000 ) ) ;
#1624 = DIRECTION ( 'NONE',  ( 0.000000000000000000, 0.000000000000000000, 1.000000000000000000 ) ) ;
#1625 = EDGE_CURVE ( 'NONE', #1103, #959, #1382, .T. ) ;
#1626 = AXIS2_PLACEMENT_3D ( 'NONE', #763, #615, #885 ) ;
#1627 = CIRCLE ( 'NONE', #266, 2.000000000000001776 ) ;
#1628 = DIRECTION ( 'NONE',  ( -1.000000000000000000, 0.000000000000000000, 0.000000000000000000 ) ) ;
#1629 = VERTEX_POINT ( 'NONE', #769 ) ;
#1630 = ORIENTED_EDGE ( 'NONE', *, *, #232, .T. ) ;
#1631 = CARTESIAN_POINT ( 'NONE',  ( 31.61898170393812180, -18.13401488931353356, 0.000000000000000000 ) ) ;
#1632 = DIRECTION ( 'NONE',  ( -0.000000000000000000, -0.000000000000000000, -1.000000000000000000 ) ) ;
#1633 = CARTESIAN_POINT ( 'NONE',  ( 42.88620667975679623, -23.75000000000234834, 0.000000000000000000 ) ) ;
#1634 = CYLINDRICAL_SURFACE ( 'NONE', #1622, 2.000000000000001776 ) ;
#1635 = CARTESIAN_POINT ( 'NONE',  ( -42.88620667976217504, 23.75000000000234124, 3.999999999999996447 ) ) ;
#1636 = EDGE_CURVE ( 'NONE', #197, #92, #1323, .T. ) ;
#1637 = LINE ( 'NONE', #1598, #637 ) ;
#1638 = EDGE_CURVE ( 'NONE', #1274, #304, #1296, .T. ) ;
#1639 = ORIENTED_EDGE ( 'NONE', *, *, #122, .T. ) ;
#1640 = ORIENTED_EDGE ( 'NONE', *, *, #713, .T. ) ;
#1641 = DIRECTION ( 'NONE',  ( 1.000000000000000000, 0.000000000000000000, 0.000000000000000000 ) ) ;
#1642 = CARTESIAN_POINT ( 'NONE',  ( 20.31583395274975246, -31.51400841872239411, 0.000000000000000000 ) ) ;
#1643 = EDGE_LOOP ( 'NONE', ( #1057, #583 ) ) ;
#1644 = DIRECTION ( 'NONE',  ( 1.000000000000000000, 0.000000000000000000, 0.000000000000000000 ) ) ;
#1645 = DIRECTION ( 'NONE',  ( -0.000000000000000000, -0.000000000000000000, -1.000000000000000000 ) ) ;
#1646 = DIRECTION ( 'NONE',  ( -0.000000000000000000, -0.000000000000000000, -1.000000000000000000 ) ) ;
#1647 = DIRECTION ( 'NONE',  ( 1.000000000000000000, 0.000000000000000000, 0.000000000000000000 ) ) ;
#1648 = DIRECTION ( 'NONE',  ( 1.000000000000000000, 0.000000000000000000, 0.000000000000000000 ) ) ;
#1649 = EDGE_LOOP ( 'NONE', ( #292, #620, #644, #1132 ) ) ;
#1650 = ORIENTED_EDGE ( 'NONE', *, *, #1084, .F. ) ;
#1651 = EDGE_CURVE ( 'NONE', #629, #934, #1351, .T. ) ;
#1652 = DIRECTION ( 'NONE',  ( -0.000000000000000000, -0.000000000000000000, -1.000000000000000000 ) ) ;
#1653 = CIRCLE ( 'NONE', #1368, 1.750000000000001554 ) ;
#1654 = ORIENTED_EDGE ( 'NONE', *, *, #948, .T. ) ;
#1655 = CARTESIAN_POINT ( 'NONE',  ( 25.39999999999999858, 3.110602869834276076E-15, 42.00000000000000000 ) ) ;
#1656 = AXIS2_PLACEMENT_3D ( 'NONE', #888, #1425, #1174 ) ;
#1657 = CARTESIAN_POINT ( 'NONE',  ( 18.31583395274975246, -31.51400841872239411, 42.00000000000000000 ) ) ;
#1658 = DIRECTION ( 'NONE',  ( 1.000000000000000000, 0.000000000000000000, 0.000000000000000000 ) ) ;
#1659 = AXIS2_PLACEMENT_3D ( 'NONE', #1631, #270, #1359 ) ;
#1660 = ORIENTED_EDGE ( 'NONE', *, *, #413, .T. ) ;
#1661 = ORIENTED_EDGE ( 'NONE', *, *, #1225, .F. ) ;
#1662 = CIRCLE ( 'NONE', #1233, 1.999999999999998224 ) ;
#1663 = CARTESIAN_POINT ( 'NONE',  ( 39.38620667975678913, -23.75000000000234834, 3.999999999999996447 ) ) ;
#1664 = ADVANCED_FACE ( 'NONE', ( #640 ), #124, .T. ) ;
#1665 = ORIENTED_EDGE ( 'NONE', *, *, #1283, .F. ) ;
#1666 = CARTESIAN_POINT ( 'NONE',  ( 0.000000000000000000, 0.000000000000000000, 47.00000000000000000 ) ) ;
#1667 = CARTESIAN_POINT ( 'NONE',  ( 1.750000000000000444, 47.50000000000000711, 3.999999999999996447 ) ) ;
#1668 = FACE_BOUND ( 'NONE', #1111, .T. ) ;
#1669 = CARTESIAN_POINT ( 'NONE',  ( 66.49999999999998579, 8.143901214329898396E-15, 5.000000000000000000 ) ) ;
#1670 = VERTEX_POINT ( 'NONE', #1313 ) ;
#1671 = ORIENTED_EDGE ( 'NONE', *, *, #981, .F. ) ;
#1672 = DIRECTION ( 'NONE',  ( -1.000000000000000000, 0.000000000000000000, 0.000000000000000000 ) ) ;
#1673 = EDGE_CURVE ( 'NONE', #1159, #1147, #700, .T. ) ;
#1674 = DIRECTION ( 'NONE',  ( -1.000000000000000000, 0.000000000000000000, 0.000000000000000000 ) ) ;
#1675 = FACE_BOUND ( 'NONE', #344, .T. ) ;
#1676 = DIRECTION ( 'NONE',  ( -1.000000000000000000, 0.000000000000000000, 0.000000000000000000 ) ) ;
#1677 = EDGE_LOOP ( 'NONE', ( #134, #908, #539, #634 ) ) ;
#1678 = ORIENTED_EDGE ( 'NONE', *, *, #1316, .F. ) ;
#1679 = DIRECTION ( 'NONE',  ( -1.000000000000000000, 0.000000000000000000, 0.000000000000000000 ) ) ;
#1680 = CIRCLE ( 'NONE', #633, 66.49999999999998579 ) ;
#1681 = EDGE_CURVE ( 'NONE', #191, #1281, #528, .T. ) ;
#1682 = FACE_OUTER_BOUND ( 'NONE', #45, .T. ) ;
#1683 = CARTESIAN_POINT ( 'NONE',  ( -18.31583395275860582, 31.51400841871716096, 3.999999999999996447 ) ) ;
#1684 = CIRCLE ( 'NONE', #1516, 1.999999999999998224 ) ;
#1685 = ORIENTED_EDGE ( 'NONE', *, *, #1273, .T. ) ;
#1686 = VECTOR ( 'NONE', #1652, 1000.000000000000000 ) ;
#1687 = VERTEX_POINT ( 'NONE', #794 ) ;
#1688 = AXIS2_PLACEMENT_3D ( 'NONE', #1136, #1414, #314 ) ;
#1689 = ORIENTED_EDGE ( 'NONE', *, *, #1442, .F. ) ;
#1690 = VERTEX_POINT ( 'NONE', #649 ) ;
#1691 = DIRECTION ( 'NONE',  ( -0.000000000000000000, -0.000000000000000000, -1.000000000000000000 ) ) ;
#1692 = CARTESIAN_POINT ( 'NONE',  ( 1.750000000000000444, 47.50000000000000711, 42.00000000000000000 ) ) ;
#1693 = ADVANCED_FACE ( 'NONE', ( #1189 ), #940, .F. ) ;
#1694 = EDGE_CURVE ( 'NONE', #1210, #514, #1552, .T. ) ;
#1695 = ORIENTED_EDGE ( 'NONE', *, *, #1195, .T. ) ;
#1696 = CYLINDRICAL_SURFACE ( 'NONE', #178, 1.750000000000001554 ) ;
#1697 = CARTESIAN_POINT ( 'NONE',  ( -29.61898170394697871, 18.13401488930826844, 0.000000000000000000 ) ) ;
#1698 = EDGE_LOOP ( 'NONE', ( #1317, #1215 ) ) ;
#1699 = LINE ( 'NONE', #594, #698 ) ;
#1700 = DIRECTION ( 'NONE',  ( 1.000000000000000000, 0.000000000000000000, 0.000000000000000000 ) ) ;
#1701 = VERTEX_POINT ( 'NONE', #1197 ) ;
#1702 = ADVANCED_FACE ( 'NONE', ( #1470 ), #1063, .F. ) ;
#1703 = ORIENTED_EDGE ( 'NONE', *, *, #1486, .T. ) ;
#1704 = DIRECTION ( 'NONE',  ( -0.000000000000000000, -0.000000000000000000, -1.000000000000000000 ) ) ;
#1705 = ORIENTED_EDGE ( 'NONE', *, *, #1165, .T. ) ;
#1706 = DIRECTION ( 'NONE',  ( 1.000000000000000000, 0.000000000000000000, 0.000000000000000000 ) ) ;
#1707 = CIRCLE ( 'NONE', #1175, 2.000000000000001776 ) ;
#1708 = AXIS2_PLACEMENT_3D ( 'NONE', #1226, #387, #1344 ) ;
#1709 = ORIENTED_EDGE ( 'NONE', *, *, #9, .F. ) ;
#1710 = VECTOR ( 'NONE', #199, 1000.000000000000000 ) ;
#1711 = DIRECTION ( 'NONE',  ( -0.2747211278973756832, 0.000000000000000000, -0.9615239476408238284 ) ) ;
#1712 = EDGE_CURVE ( 'NONE', #1558, #1629, #1604, .T. ) ;
#1713 = AXIS2_PLACEMENT_3D ( 'NONE', #1369, #984, #1509 ) ;
#1714 = AXIS2_PLACEMENT_3D ( 'NONE', #776, #1170, #93 ) ;
#1715 = ORIENTED_EDGE ( 'NONE', *, *, #353, .F. ) ;
#1716 = DIRECTION ( 'NONE',  ( -0.000000000000000000, -0.000000000000000000, -1.000000000000000000 ) ) ;
#1717 = CARTESIAN_POINT ( 'NONE',  ( -31.61898170394698226, 18.13401488930826844, 3.999999999999996447 ) ) ;
#1718 = ORIENTED_EDGE ( 'NONE', *, *, #1186, .T. ) ;
#1719 = DIRECTION ( 'NONE',  ( -1.000000000000000000, 0.000000000000000000, 0.000000000000000000 ) ) ;
#1720 = DIRECTION ( 'NONE',  ( -1.000000000000000000, 0.000000000000000000, 0.000000000000000000 ) ) ;
#1721 = VERTEX_POINT ( 'NONE', #933 ) ;
#1722 = CARTESIAN_POINT ( 'NONE',  ( 18.13401488930650274, 31.61898170393991592, 42.00000000000000000 ) ) ;
#1723 = EDGE_CURVE ( 'NONE', #862, #1584, #248, .T. ) ;
#1724 = ORIENTED_EDGE ( 'NONE', *, *, #413, .F. ) ;
#1725 = DIRECTION ( 'NONE',  ( 1.000000000000000000, 0.000000000000000000, 0.000000000000000000 ) ) ;
#1726 = DIRECTION ( 'NONE',  ( -1.000000000000000000, 0.000000000000000000, 0.000000000000000000 ) ) ;
#1727 = ORIENTED_EDGE ( 'NONE', *, *, #1442, .T. ) ;
#1728 = FACE_BOUND ( 'NONE', #330, .T. ) ;
#1729 = CARTESIAN_POINT ( 'NONE',  ( -5.382673574888913610E-12, -47.50000000000000000, 42.00000000000000000 ) ) ;
#1730 = EDGE_CURVE ( 'NONE', #1569, #719, #954, .T. ) ;
#1731 = AXIS2_PLACEMENT_3D ( 'NONE', #171, #1115, #1526 ) ;
#1732 = VERTEX_POINT ( 'NONE', #1635 ) ;
#1733 = CARTESIAN_POINT ( 'NONE',  ( 2.104973285218350476, -36.44984884206770914, 3.999999999999996447 ) ) ;
#1734 = VERTEX_POINT ( 'NONE', #673 ) ;
#1735 = VECTOR ( 'NONE', #1646, 1000.000000000000000 ) ;
#1736 = DIRECTION ( 'NONE',  ( -1.000000000000000000, 0.000000000000000000, 0.000000000000000000 ) ) ;
#1737 = AXIS2_PLACEMENT_3D ( 'NONE', #998, #456, #88 ) ;
#1738 = DIRECTION ( 'NONE',  ( -1.000000000000000000, 0.000000000000000000, 0.000000000000000000 ) ) ;
#1739 = DIRECTION ( 'NONE',  ( -1.000000000000000000, 0.000000000000000000, 0.000000000000000000 ) ) ;
#1740 = CIRCLE ( 'NONE', #328, 25.39999999999999858 ) ;
#1741 = ORIENTED_EDGE ( 'NONE', *, *, #1565, .F. ) ;
ENDSEC;
END-ISO-10303-21;
