ISO-10303-21;
HEADER;
FILE_DESCRIPTION (( 'STEP AP214' ),
    '1' );
FILE_NAME ('boden2.STEP',
    '2026-03-07T08:29:28',
    ( '' ),
    ( '' ),
    'SwSTEP 2.0',
    'SolidWorks 2023',
    '' );
FILE_SCHEMA (( 'AUTOMOTIVE_DESIGN' ));
ENDSEC;

DATA;
#1 = PLANE ( 'NONE',  #652 ) ;
#2 = ORIENTED_EDGE ( 'NONE', *, *, #272, .F. ) ;
#3 = VERTEX_POINT ( 'NONE', #26 ) ;
#4 = DIRECTION ( 'NONE',  ( -1.000000000000000000, 0.000000000000000000, 0.000000000000000000 ) ) ;
#5 = EDGE_CURVE ( 'NONE', #305, #378, #1349, .T. ) ;
#6 = AXIS2_PLACEMENT_3D ( 'NONE', #307, #974, #635 ) ;
#7 = CARTESIAN_POINT ( 'NONE',  ( 0.000000000000000000, 0.000000000000000000, 4.000000000000000000 ) ) ;
#8 = CYLINDRICAL_SURFACE ( 'NONE', #354, 7.500000000000000000 ) ;
#9 = VECTOR ( 'NONE', #926, 1000.000000000000000 ) ;
#10 = ORIENTED_EDGE ( 'NONE', *, *, #955, .F. ) ;
#11 = ORIENTED_EDGE ( 'NONE', *, *, #1104, .T. ) ;
#12 = ORIENTED_EDGE ( 'NONE', *, *, #273, .T. ) ;
#13 = DIRECTION ( 'NONE',  ( 0.000000000000000000, -1.000000000000000000, 0.000000000000000000 ) ) ;
#14 = DIRECTION ( 'NONE',  ( 0.000000000000000000, 0.000000000000000000, 1.000000000000000000 ) ) ;
#15 = FACE_OUTER_BOUND ( 'NONE', #320, .T. ) ;
#16 = VECTOR ( 'NONE', #403, 1000.000000000000000 ) ;
#17 = EDGE_CURVE ( 'NONE', #462, #1282, #82, .T. ) ;
#18 = VERTEX_POINT ( 'NONE', #894 ) ;
#19 = CARTESIAN_POINT ( 'NONE',  ( 0.000000000000000000, 50.49999999999998579, 0.000000000000000000 ) ) ;
#20 = VECTOR ( 'NONE', #1076, 1000.000000000000000 ) ;
#21 = VERTEX_POINT ( 'NONE', #1324 ) ;
#22 = CARTESIAN_POINT ( 'NONE',  ( -37.67210506462297559, 21.75000000000017408, 4.000000000000000000 ) ) ;
#23 = CARTESIAN_POINT ( 'NONE',  ( 0.000000000000000000, 50.49999999999998579, -30.00000000000000000 ) ) ;
#24 = VERTEX_POINT ( 'NONE', #1309 ) ;
#25 = ORIENTED_EDGE ( 'NONE', *, *, #649, .F. ) ;
#26 = CARTESIAN_POINT ( 'NONE',  ( 48.67210506462314612, 16.95416847668915139, 0.000000000000000000 ) ) ;
#27 = CARTESIAN_POINT ( 'NONE',  ( 26.67210506462314967, 26.54583152331463936, 4.000000000000000000 ) ) ;
#28 = ORIENTED_EDGE ( 'NONE', *, *, #299, .F. ) ;
#29 = AXIS2_PLACEMENT_3D ( 'NONE', #488, #1364, #924 ) ;
#30 = ADVANCED_FACE ( 'NONE', ( #864 ), #453, .F. ) ;
#31 = EDGE_LOOP ( 'NONE', ( #1010, #134, #601, #2 ) ) ;
#32 = EDGE_CURVE ( 'NONE', #622, #546, #785, .T. ) ;
#33 = PRODUCT_DEFINITION_FORMATION_WITH_SPECIFIED_SOURCE ( 'ANY', '', #1153, .NOT_KNOWN. ) ;
#34 = CARTESIAN_POINT ( 'NONE',  ( -51.23428289111437550, -25.24999999999958789, -30.00000000000000000 ) ) ;
#35 = ORIENTED_EDGE ( 'NONE', *, *, #803, .T. ) ;
#36 = COLOUR_RGB ( '',0.7921568627450980005, 0.8196078431372548767, 0.9333333333333333481 ) ;
#37 = AXIS2_PLACEMENT_3D ( 'NONE', #310, #1383, #751 ) ;
#38 = CARTESIAN_POINT ( 'NONE',  ( 32.87627354131042523, 10.75000000000196643, -30.00000000000000355 ) ) ;
#39 = DIRECTION ( 'NONE',  ( -1.000000000000000000, 0.000000000000000000, 0.000000000000000000 ) ) ;
#40 = ORIENTED_EDGE ( 'NONE', *, *, #281, .T. ) ;
#41 = DIRECTION ( 'NONE',  ( -1.000000000000000000, 0.000000000000000000, 0.000000000000000000 ) ) ;
#42 = DIRECTION ( 'NONE',  ( 1.000000000000000000, 0.000000000000000000, 0.000000000000000000 ) ) ;
#43 = EDGE_CURVE ( 'NONE', #3, #546, #1189, .T. ) ;
#44 = CARTESIAN_POINT ( 'NONE',  ( -0.000000000000000000, 10.75000000000196643, 4.000000000000000000 ) ) ;
#45 = VERTEX_POINT ( 'NONE', #1218 ) ;
#46 = CARTESIAN_POINT ( 'NONE',  ( 0.000000000000000000, 0.000000000000000000, 4.000000000000003553 ) ) ;
#47 = CARTESIAN_POINT ( 'NONE',  ( 33.73428289111399181, -25.25000000000020250, -30.00000000000000000 ) ) ;
#48 = AXIS2_PLACEMENT_3D ( 'NONE', #1377, #408, #1239 ) ;
#49 = AXIS2_PLACEMENT_3D ( 'NONE', #729, #189, #202 ) ;
#50 = DIRECTION ( 'NONE',  ( 0.000000000000000000, 0.000000000000000000, 1.000000000000000000 ) ) ;
#51 = FACE_BOUND ( 'NONE', #1196, .T. ) ;
#52 = EDGE_LOOP ( 'NONE', ( #1208, #774, #232, #222 ) ) ;
#53 = CARTESIAN_POINT ( 'NONE',  ( 10.00000000000000178, 1.224646799147353454E-15, 9.000000000000001776 ) ) ;
#54 = EDGE_CURVE ( 'NONE', #302, #240, #444, .T. ) ;
#55 = DIRECTION ( 'NONE',  ( -0.000000000000000000, -0.000000000000000000, -1.000000000000000000 ) ) ;
#56 = AXIS2_PLACEMENT_3D ( 'NONE', #799, #899, #1251 ) ;
#57 = VECTOR ( 'NONE', #14, 1000.000000000000000 ) ;
#58 = DIRECTION ( 'NONE',  ( -0.000000000000000000, -0.000000000000000000, 1.000000000000000000 ) ) ;
#59 = CARTESIAN_POINT ( 'NONE',  ( 0.000000000000000000, 0.000000000000000000, 0.000000000000000000 ) ) ;
#60 = ORIENTED_EDGE ( 'NONE', *, *, #986, .F. ) ;
#61 = ORIENTED_EDGE ( 'NONE', *, *, #1104, .F. ) ;
#62 = CYLINDRICAL_SURFACE ( 'NONE', #935, 12.00000000000000355 ) ;
#63 = DIRECTION ( 'NONE',  ( -1.000000000000000000, 0.000000000000000000, 0.000000000000000000 ) ) ;
#64 = EDGE_CURVE ( 'NONE', #1363, #24, #1293, .T. ) ;
#65 = DIRECTION ( 'NONE',  ( 1.000000000000000000, 0.000000000000000000, 0.000000000000000000 ) ) ;
#66 = DIRECTION ( 'NONE',  ( -1.000000000000000000, 0.000000000000000000, 0.000000000000000000 ) ) ;
#67 = ORIENTED_EDGE ( 'NONE', *, *, #1398, .F. ) ;
#68 = DIRECTION ( 'NONE',  ( -1.000000000000000000, 0.000000000000000000, 0.000000000000000000 ) ) ;
#69 = CARTESIAN_POINT ( 'NONE',  ( 0.000000000000000000, 0.000000000000000000, 0.000000000000000000 ) ) ;
#70 = DIRECTION ( 'NONE',  ( 0.000000000000000000, 0.000000000000000000, 1.000000000000000000 ) ) ;
#71 = VECTOR ( 'NONE', #494, 1000.000000000000000 ) ;
#72 = ADVANCED_FACE ( 'NONE', ( #659, #214 ), #1198, .T. ) ;
#73 = CIRCLE ( 'NONE', #549, 7.500000000000000000 ) ;
#74 = ADVANCED_FACE ( 'NONE', ( #1093 ), #536, .T. ) ;
#75 = FACE_BOUND ( 'NONE', #671, .T. ) ;
#76 = VERTEX_POINT ( 'NONE', #967 ) ;
#77 = CARTESIAN_POINT ( 'NONE',  ( 7.500000000000000000, 50.49999999999998579, -30.00000000000000000 ) ) ;
#78 = PRODUCT_DEFINITION_SHAPE ( 'NONE', 'NONE',  #446 ) ;
#79 = DIRECTION ( 'NONE',  ( 0.000000000000000000, 0.000000000000000000, 1.000000000000000000 ) ) ;
#80 = LINE ( 'NONE', #275, #1227 ) ;
#81 = VECTOR ( 'NONE', #685, 1000.000000000000000 ) ;
#82 = CIRCLE ( 'NONE', #877, 10.00000000000000178 ) ;
#83 = FACE_BOUND ( 'NONE', #348, .T. ) ;
#84 = ORIENTED_EDGE ( 'NONE', *, *, #529, .T. ) ;
#85 = LINE ( 'NONE', #513, #1268 ) ;
#86 = AXIS2_PLACEMENT_3D ( 'NONE', #23, #338, #1333 ) ;
#87 = CARTESIAN_POINT ( 'NONE',  ( 0.000000000000000000, 0.000000000000000000, 40.00000000000063238 ) ) ;
#88 = DIRECTION ( 'NONE',  ( -1.000000000000000000, 0.000000000000000000, 0.000000000000000000 ) ) ;
#89 = CARTESIAN_POINT ( 'NONE',  ( -60.50000000000019895, 0.000000000000000000, 47.00000000000000000 ) ) ;
#90 = ORIENTED_EDGE ( 'NONE', *, *, #290, .T. ) ;
#91 = EDGE_CURVE ( 'NONE', #690, #240, #229, .T. ) ;
#92 = DIRECTION ( 'NONE',  ( -1.000000000000000000, 0.000000000000000000, 0.000000000000000000 ) ) ;
#93 = EDGE_CURVE ( 'NONE', #1317, #662, #490, .T. ) ;
#94 = CONICAL_SURFACE ( 'NONE', #344, 10.00000000000004441, 0.1651486774146232184 ) ;
#95 = CARTESIAN_POINT ( 'NONE',  ( 10.00000000000000178, 1.224646799147353454E-15, 9.000000000000001776 ) ) ;
#96 = ORIENTED_EDGE ( 'NONE', *, *, #794, .F. ) ;
#97 = DIRECTION ( 'NONE',  ( 1.000000000000000000, 0.000000000000000000, 0.000000000000000000 ) ) ;
#98 = DIRECTION ( 'NONE',  ( 0.000000000000000000, 0.000000000000000000, 1.000000000000000000 ) ) ;
#99 = CARTESIAN_POINT ( 'NONE',  ( -51.23428289111437550, -25.24999999999958789, 0.000000000000000000 ) ) ;
#100 = ADVANCED_FACE ( 'NONE', ( #1212 ), #674, .F. ) ;
#101 = ORIENTED_EDGE ( 'NONE', *, *, #1080, .T. ) ;
#102 = DIRECTION ( 'NONE',  ( 0.000000000000000000, 0.000000000000000000, -1.000000000000000000 ) ) ;
#103 = CIRCLE ( 'NONE', #487, 58.50000000000000000 ) ;
#104 = EDGE_LOOP ( 'NONE', ( #656, #945 ) ) ;
#105 = CARTESIAN_POINT ( 'NONE',  ( 42.46793658793592385, 10.75000000000196643, -30.00000000000000355 ) ) ;
#106 = CONICAL_SURFACE ( 'NONE', #608, 10.00000000000003020, 0.1651486774146236070 ) ;
#107 = ORIENTED_EDGE ( 'NONE', *, *, #1386, .F. ) ;
#108 = EDGE_LOOP ( 'NONE', ( #1326, #452, #84, #379 ) ) ;
#109 = FACE_BOUND ( 'NONE', #1204, .T. ) ;
#110 = ORIENTED_EDGE ( 'NONE', *, *, #396, .F. ) ;
#111 = FACE_OUTER_BOUND ( 'NONE', #956, .T. ) ;
#112 = ORIENTED_EDGE ( 'NONE', *, *, #5, .T. ) ;
#113 = ORIENTED_EDGE ( 'NONE', *, *, #426, .T. ) ;
#114 = EDGE_LOOP ( 'NONE', ( #1375, #478, #517, #96 ) ) ;
#115 = CARTESIAN_POINT ( 'NONE',  ( -29.57210506462297417, 21.75000000000017408, -30.00000000000000355 ) ) ;
#116 = CIRCLE ( 'NONE', #390, 10.00000000000003020 ) ;
#117 = CARTESIAN_POINT ( 'NONE',  ( -53.73428289111443945, -25.24999999999958789, -30.00000000000000000 ) ) ;
#118 = CIRCLE ( 'NONE', #666, 10.00000000000006395 ) ;
#119 = ORIENTED_EDGE ( 'NONE', *, *, #17, .F. ) ;
#120 = ORIENTED_EDGE ( 'NONE', *, *, #1398, .T. ) ;
#121 = CARTESIAN_POINT ( 'NONE',  ( 10.00000000000003020, 50.49999999999998579, -30.00000000000000000 ) ) ;
#122 = EDGE_LOOP ( 'NONE', ( #101, #823 ) ) ;
#123 = DIRECTION ( 'NONE',  ( 1.000000000000000000, 0.000000000000000000, 0.000000000000000000 ) ) ;
#124 = EDGE_CURVE ( 'NONE', #1391, #1066, #821, .T. ) ;
#125 = DIRECTION ( 'NONE',  ( 0.4999999999999920619, -0.8660254037844431485, 0.000000000000000000 ) ) ;
#126 = VECTOR ( 'NONE', #267, 1000.000000000000000 ) ;
#127 = ORIENTED_EDGE ( 'NONE', *, *, #1259, .T. ) ;
#128 = AXIS2_PLACEMENT_3D ( 'NONE', #243, #236, #771 ) ;
#129 = ORIENTED_EDGE ( 'NONE', *, *, #637, .T. ) ;
#130 = VERTEX_POINT ( 'NONE', #252 ) ;
#131 = DIRECTION ( 'NONE',  ( 0.000000000000000000, 0.000000000000000000, 1.000000000000000000 ) ) ;
#132 = CARTESIAN_POINT ( 'NONE',  ( 48.67210506462314612, 26.54583152331476370, 4.000000000000000000 ) ) ;
#133 = EDGE_CURVE ( 'NONE', #998, #959, #992, .T. ) ;
#134 = ORIENTED_EDGE ( 'NONE', *, *, #1043, .T. ) ;
#135 = FACE_OUTER_BOUND ( 'NONE', #412, .T. ) ;
#136 = ORIENTED_EDGE ( 'NONE', *, *, #447, .T. ) ;
#137 = CARTESIAN_POINT ( 'NONE',  ( -11.79999999999834870, -43.49999999999891998, 4.000000000000000000 ) ) ;
#138 = FACE_OUTER_BOUND ( 'NONE', #52, .T. ) ;
#139 = CIRCLE ( 'NONE', #1361, 7.500000000000000000 ) ;
#140 = ORIENTED_EDGE ( 'NONE', *, *, #437, .T. ) ;
#141 = AXIS2_PLACEMENT_3D ( 'NONE', #59, #590, #717 ) ;
#142 = FACE_OUTER_BOUND ( 'NONE', #661, .T. ) ;
#143 = CARTESIAN_POINT ( 'NONE',  ( -53.73428289111443945, -25.24999999999958433, -30.00000000000000000 ) ) ;
#144 = VERTEX_POINT ( 'NONE', #137 ) ;
#145 = CONICAL_SURFACE ( 'NONE', #939, 10.00000000000006395, 0.1651486774146229686 ) ;
#146 = CARTESIAN_POINT ( 'NONE',  ( -3.950000000000000178, 0.000000000000000000, 0.000000000000000000 ) ) ;
#147 = EDGE_CURVE ( 'NONE', #450, #495, #1168, .T. ) ;
#148 = VECTOR ( 'NONE', #800, 1000.000000000000000 ) ;
#149 = EDGE_CURVE ( 'NONE', #211, #313, #170, .T. ) ;
#150 = CARTESIAN_POINT ( 'NONE',  ( -58.73428289111431866, -25.24999999999958789, 0.000000000000000000 ) ) ;
#151 = CARTESIAN_POINT ( 'NONE',  ( 0.000000000000000000, 0.000000000000000000, 5.000000000000000000 ) ) ;
#152 = ORIENTED_EDGE ( 'NONE', *, *, #1338, .F. ) ;
#153 = DIRECTION ( 'NONE',  ( 0.000000000000000000, 0.000000000000000000, -1.000000000000000000 ) ) ;
#154 = LINE ( 'NONE', #1319, #777 ) ;
#155 = DIRECTION ( 'NONE',  ( 1.000000000000000000, 0.000000000000000000, 0.000000000000000000 ) ) ;
#156 = CARTESIAN_POINT ( 'NONE',  ( -62.50000000000000000, 0.000000000000000000, 5.000000000000000000 ) ) ;
#157 = EDGE_CURVE ( 'NONE', #816, #21, #804, .T. ) ;
#158 = ADVANCED_FACE ( 'NONE', ( #142 ), #1129, .F. ) ;
#159 = ORIENTED_EDGE ( 'NONE', *, *, #1321, .T. ) ;
#160 = CARTESIAN_POINT ( 'NONE',  ( 26.67210506462314967, 0.000000000000000000, -30.00000000000000355 ) ) ;
#161 = DIRECTION ( 'NONE',  ( 0.000000000000000000, 0.000000000000000000, 1.000000000000000000 ) ) ;
#162 = AXIS2_PLACEMENT_3D ( 'NONE', #534, #1181, #957 ) ;
#163 = DIRECTION ( 'NONE',  ( -0.2747211278973756832, 0.000000000000000000, -0.9615239476408238284 ) ) ;
#164 = FACE_OUTER_BOUND ( 'NONE', #359, .T. ) ;
#165 = ORIENTED_EDGE ( 'NONE', *, *, #941, .F. ) ;
#166 = EDGE_CURVE ( 'NONE', #768, #1311, #1343, .T. ) ;
#167 = DIRECTION ( 'NONE',  ( 1.000000000000000000, 0.000000000000000000, 0.000000000000000000 ) ) ;
#168 = DIRECTION ( 'NONE',  ( -0.000000000000000000, -0.000000000000000000, 1.000000000000000000 ) ) ;
#169 = VECTOR ( 'NONE', #613, 999.9999999999998863 ) ;
#170 = CIRCLE ( 'NONE', #1122, 12.00000000000000355 ) ;
#171 = DIRECTION ( 'NONE',  ( -0.000000000000000000, -0.000000000000000000, 1.000000000000000000 ) ) ;
#172 = AXIS2_PLACEMENT_3D ( 'NONE', #201, #639, #421 ) ;
#173 = ORIENTED_EDGE ( 'NONE', *, *, #1151, .F. ) ;
#174 = DIRECTION ( 'NONE',  ( 1.000000000000000000, 0.000000000000000000, 0.000000000000000000 ) ) ;
#175 = EDGE_CURVE ( 'NONE', #696, #718, #738, .T. ) ;
#176 = LINE ( 'NONE', #1262, #169 ) ;
#177 = ADVANCED_FACE ( 'NONE', ( #1021 ), #376, .F. ) ;
#178 = DIRECTION ( 'NONE',  ( 0.000000000000000000, 0.000000000000000000, 1.000000000000000000 ) ) ;
#179 = ORIENTED_EDGE ( 'NONE', *, *, #124, .T. ) ;
#180 = CARTESIAN_POINT ( 'NONE',  ( -58.50000000000000000, 0.000000000000000000, 47.00000000000000000 ) ) ;
#181 = CARTESIAN_POINT ( 'NONE',  ( 37.67210506462317454, 21.75000000000196110, 4.000000000000000000 ) ) ;
#182 = FACE_OUTER_BOUND ( 'NONE', #1246, .T. ) ;
#183 = AXIS2_PLACEMENT_3D ( 'NONE', #1173, #425, #1197 ) ;
#184 = DIRECTION ( 'NONE',  ( 1.000000000000000000, 0.000000000000000000, 0.000000000000000000 ) ) ;
#185 = ORIENTED_EDGE ( 'NONE', *, *, #630, .T. ) ;
#186 = EDGE_LOOP ( 'NONE', ( #554, #136 ) ) ;
#187 = FACE_OUTER_BOUND ( 'NONE', #556, .T. ) ;
#188 = CARTESIAN_POINT ( 'NONE',  ( 0.000000000000000000, 0.000000000000000000, 47.00000000000000000 ) ) ;
#189 = DIRECTION ( 'NONE',  ( -0.000000000000000000, 0.000000000000000000, -1.000000000000000000 ) ) ;
#190 = AXIS2_PLACEMENT_3D ( 'NONE', #1357, #475, #365 ) ;
#191 = PLANE ( 'NONE',  #162 ) ;
#192 = ORIENTED_EDGE ( 'NONE', *, *, #1321, .F. ) ;
#193 = ORIENTED_EDGE ( 'NONE', *, *, #157, .T. ) ;
#194 = CARTESIAN_POINT ( 'NONE',  ( 0.000000000000000000, 0.000000000000000000, 47.00000000000000000 ) ) ;
#195 = CARTESIAN_POINT ( 'NONE',  ( 62.50000000000000000, 7.654042494670956226E-15, 40.00000000000063238 ) ) ;
#196 = FACE_OUTER_BOUND ( 'NONE', #611, .T. ) ;
#197 = DIRECTION ( 'NONE',  ( -0.000000000000000000, -0.000000000000000000, -1.000000000000000000 ) ) ;
#198 = EDGE_LOOP ( 'NONE', ( #1111, #1272 ) ) ;
#199 = EDGE_CURVE ( 'NONE', #761, #216, #325, .T. ) ;
#200 = DIRECTION ( 'NONE',  ( 1.000000000000000000, 0.000000000000000000, 0.000000000000000000 ) ) ;
#201 = CARTESIAN_POINT ( 'NONE',  ( 37.67210506462317454, 21.75000000000196110, 4.000000000000000000 ) ) ;
#202 = DIRECTION ( 'NONE',  ( 0.4999999999999920619, -0.8660254037844431485, 0.000000000000000000 ) ) ;
#203 = VERTEX_POINT ( 'NONE', #791 ) ;
#204 = AXIS2_PLACEMENT_3D ( 'NONE', #484, #1362, #66 ) ;
#205 = CARTESIAN_POINT ( 'NONE',  ( 1.654474470486828741E-12, -43.49999999999891998, 0.000000000000000000 ) ) ;
#206 = ORIENTED_EDGE ( 'NONE', *, *, #281, .F. ) ;
#207 = DIRECTION ( 'NONE',  ( 1.000000000000000000, 0.000000000000000000, 0.000000000000000000 ) ) ;
#208 = ADVANCED_FACE ( 'NONE', ( #360 ), #1221, .T. ) ;
#209 = DIRECTION ( 'NONE',  ( 1.000000000000000000, 0.000000000000000000, -0.000000000000000000 ) ) ;
#210 = CARTESIAN_POINT ( 'NONE',  ( 43.73428289111403444, -25.25000000000020250, -30.00000000000000000 ) ) ;
#211 = VERTEX_POINT ( 'NONE', #247 ) ;
#212 = FACE_OUTER_BOUND ( 'NONE', #420, .T. ) ;
#213 = CIRCLE ( 'NONE', #508, 11.80000000000000249 ) ;
#214 = FACE_BOUND ( 'NONE', #1088, .T. ) ;
#215 = DIRECTION ( 'NONE',  ( 0.1643989873053540995, 0.000000000000000000, 0.9863939238321443037 ) ) ;
#216 = VERTEX_POINT ( 'NONE', #1123 ) ;
#217 = CIRCLE ( 'NONE', #1125, 15.00000000000000000 ) ;
#218 = ORIENTED_EDGE ( 'NONE', *, *, #975, .F. ) ;
#219 = EDGE_CURVE ( 'NONE', #216, #1119, #1036, .T. ) ;
#220 = ORIENTED_EDGE ( 'NONE', *, *, #1356, .F. ) ;
#221 = CARTESIAN_POINT ( 'NONE',  ( 42.46793658793592385, 10.75000000000196643, 4.000000000000000000 ) ) ;
#222 = ORIENTED_EDGE ( 'NONE', *, *, #54, .T. ) ;
#223 = CARTESIAN_POINT ( 'NONE',  ( 42.46793658793590254, 32.75000000000196820, 0.000000000000000000 ) ) ;
#224 = ORIENTED_EDGE ( 'NONE', *, *, #1013, .F. ) ;
#225 = ORIENTED_EDGE ( 'NONE', *, *, #986, .T. ) ;
#226 = ORIENTED_EDGE ( 'NONE', *, *, #975, .T. ) ;
#227 = EDGE_CURVE ( 'NONE', #882, #495, #654, .T. ) ;
#228 = CIRCLE ( 'NONE', #1096, 66.49999999999998579 ) ;
#229 = LINE ( 'NONE', #117, #417 ) ;
#230 = DIRECTION ( 'NONE',  ( 1.000000000000000000, 0.000000000000000000, 0.000000000000000000 ) ) ;
#231 = ORIENTED_EDGE ( 'NONE', *, *, #1174, .F. ) ;
#232 = ORIENTED_EDGE ( 'NONE', *, *, #794, .T. ) ;
#233 = ORIENTED_EDGE ( 'NONE', *, *, #463, .T. ) ;
#234 = VECTOR ( 'NONE', #762, 1000.000000000000000 ) ;
#235 = EDGE_CURVE ( 'NONE', #460, #631, #599, .T. ) ;
#236 = DIRECTION ( 'NONE',  ( -0.000000000000000000, -0.000000000000000000, -1.000000000000000000 ) ) ;
#237 = CARTESIAN_POINT ( 'NONE',  ( 0.000000000000000000, 0.000000000000000000, 47.00000000000000000 ) ) ;
#238 = EDGE_CURVE ( 'NONE', #76, #144, #213, .T. ) ;
#239 = VECTOR ( 'NONE', #98, 1000.000000000000000 ) ;
#240 = VERTEX_POINT ( 'NONE', #150 ) ;
#241 = CIRCLE ( 'NONE', #277, 15.00000000000000000 ) ;
#242 = ORIENTED_EDGE ( 'NONE', *, *, #914, .F. ) ;
#243 = CARTESIAN_POINT ( 'NONE',  ( -43.73428289111437550, -25.24999999999958789, 0.000000000000000000 ) ) ;
#244 = ORIENTED_EDGE ( 'NONE', *, *, #352, .F. ) ;
#245 = EDGE_CURVE ( 'NONE', #1030, #1391, #399, .T. ) ;
#246 = EDGE_CURVE ( 'NONE', #841, #726, #713, .T. ) ;
#247 = CARTESIAN_POINT ( 'NONE',  ( 32.87627354131044655, 32.75000000000196820, 0.000000000000000000 ) ) ;
#248 = CARTESIAN_POINT ( 'NONE',  ( -43.73428289111437550, -25.24999999999958789, -30.00000000000000000 ) ) ;
#249 = CIRCLE ( 'NONE', #6, 15.00000000000000000 ) ;
#250 = EDGE_LOOP ( 'NONE', ( #655, #524, #1160, #867 ) ) ;
#251 = AXIS2_PLACEMENT_3D ( 'NONE', #1012, #903, #456 ) ;
#252 = CARTESIAN_POINT ( 'NONE',  ( 51.23428289111403444, -25.25000000000020250, -30.00000000000000000 ) ) ;
#253 = DIRECTION ( 'NONE',  ( 1.000000000000000000, 0.000000000000000000, -0.000000000000000000 ) ) ;
#254 = ORIENTED_EDGE ( 'NONE', *, *, #519, .F. ) ;
#255 = AXIS2_PLACEMENT_3D ( 'NONE', #1350, #50, #570 ) ;
#256 = PLANE ( 'NONE',  #990 ) ;
#257 = DIRECTION ( 'NONE',  ( 1.000000000000000000, 0.000000000000000000, 0.000000000000000000 ) ) ;
#258 = FACE_BOUND ( 'NONE', #1175, .T. ) ;
#259 = EDGE_LOOP ( 'NONE', ( #1334, #11, #342, #902 ) ) ;
#260 = CARTESIAN_POINT ( 'NONE',  ( 0.000000000000000000, 0.000000000000000000, 47.00000000000000000 ) ) ;
#261 = DIRECTION ( 'NONE',  ( 0.000000000000000000, -0.000000000000000000, -1.000000000000000000 ) ) ;
#262 = CARTESIAN_POINT ( 'NONE',  ( -60.50000000000019895, 0.000000000000000000, 47.00000000000000000 ) ) ;
#263 = LINE ( 'NONE', #701, #703 ) ;
#264 = VERTEX_POINT ( 'NONE', #694 ) ;
#265 = FACE_BOUND ( 'NONE', #104, .T. ) ;
#266 = FACE_OUTER_BOUND ( 'NONE', #1148, .T. ) ;
#267 = DIRECTION ( 'NONE',  ( -0.000000000000000000, -0.000000000000000000, 1.000000000000000000 ) ) ;
#268 = ADVANCED_FACE ( 'NONE', ( #383 ), #609, .F. ) ;
#269 = CARTESIAN_POINT ( 'NONE',  ( 32.87627354131044655, 32.75000000000196820, 4.000000000000000000 ) ) ;
#270 = AXIS2_PLACEMENT_3D ( 'NONE', #954, #852, #1385 ) ;
#271 = ORIENTED_EDGE ( 'NONE', *, *, #93, .F. ) ;
#272 = EDGE_CURVE ( 'NONE', #21, #462, #707, .T. ) ;
#273 = EDGE_CURVE ( 'NONE', #1075, #144, #1033, .T. ) ;
#274 = FACE_OUTER_BOUND ( 'NONE', #324, .T. ) ;
#275 = CARTESIAN_POINT ( 'NONE',  ( 0.000000000000000000, 10.75000000000196643, 0.000000000000000000 ) ) ;
#276 = AXIS2_PLACEMENT_3D ( 'NONE', #705, #261, #1256 ) ;
#277 = AXIS2_PLACEMENT_3D ( 'NONE', #1022, #1222, #230 ) ;
#278 = PLANE ( 'NONE',  #141 ) ;
#279 = ORIENTED_EDGE ( 'NONE', *, *, #814, .T. ) ;
#280 = CARTESIAN_POINT ( 'NONE',  ( 58.50000000000000000, 7.164183775012014056E-15, 47.00000000000000000 ) ) ;
#281 = EDGE_CURVE ( 'NONE', #1311, #330, #298, .T. ) ;
#282 = DIRECTION ( 'NONE',  ( 1.000000000000000000, 0.000000000000000000, 0.000000000000000000 ) ) ;
#283 = LINE ( 'NONE', #845, #1270 ) ;
#284 = PLANE ( 'NONE',  #891 ) ;
#285 = EDGE_LOOP ( 'NONE', ( #971, #254 ) ) ;
#286 = DIRECTION ( 'NONE',  ( -0.000000000000000000, -0.000000000000000000, -1.000000000000000000 ) ) ;
#287 = DIRECTION ( 'NONE',  ( 1.000000000000000000, 0.000000000000000000, 0.000000000000000000 ) ) ;
#288 = LINE ( 'NONE', #1171, #9 ) ;
#289 = VECTOR ( 'NONE', #1037, 1000.000000000000000 ) ;
#290 = EDGE_CURVE ( 'NONE', #294, #457, #1277, .T. ) ;
#291 = CIRCLE ( 'NONE', #480, 66.49999999999998579 ) ;
#292 = DIRECTION ( 'NONE',  ( 1.000000000000000000, 0.000000000000000000, 0.000000000000000000 ) ) ;
#293 = ORIENTED_EDGE ( 'NONE', *, *, #1043, .F. ) ;
#294 = VERTEX_POINT ( 'NONE', #146 ) ;
#295 = CIRCLE ( 'NONE', #525, 8.100000000000003197 ) ;
#296 = LINE ( 'NONE', #728, #239 ) ;
#297 = DIRECTION ( 'NONE',  ( 0.000000000000000000, 0.000000000000000000, 1.000000000000000000 ) ) ;
#298 = CIRCLE ( 'NONE', #1192, 7.500000000000000888 ) ;
#299 = EDGE_CURVE ( 'NONE', #1097, #632, #176, .T. ) ;
#300 = VECTOR ( 'NONE', #436, 1000.000000000000114 ) ;
#301 = DIRECTION ( 'NONE',  ( -1.000000000000000000, 0.000000000000000000, 0.000000000000000000 ) ) ;
#302 = VERTEX_POINT ( 'NONE', #596 ) ;
#303 = DIRECTION ( 'NONE',  ( -0.000000000000000000, 0.000000000000000000, 1.000000000000000000 ) ) ;
#304 = DIRECTION ( 'NONE',  ( 0.2747211278973756832, 3.364363499376717464E-17, -0.9615239476408238284 ) ) ;
#305 = VERTEX_POINT ( 'NONE', #1120 ) ;
#306 = CARTESIAN_POINT ( 'NONE',  ( -58.50000000000000000, 0.000000000000000000, 47.00000000000000000 ) ) ;
#307 = CARTESIAN_POINT ( 'NONE',  ( 43.73428289111403444, -25.25000000000020250, 0.000000000000000000 ) ) ;
#308 = ADVANCED_FACE ( 'NONE', ( #1024 ), #256, .F. ) ;
#309 = ORIENTED_EDGE ( 'NONE', *, *, #1388, .F. ) ;
#310 = CARTESIAN_POINT ( 'NONE',  ( 0.000000000000000000, 0.000000000000000000, 0.000000000000000000 ) ) ;
#311 = DIRECTION ( 'NONE',  ( -0.000000000000000000, 0.000000000000000000, 1.000000000000000000 ) ) ;
#312 = DIRECTION ( 'NONE',  ( 1.000000000000000000, 0.000000000000000000, 0.000000000000000000 ) ) ;
#313 = VERTEX_POINT ( 'NONE', #474 ) ;
#314 = DIRECTION ( 'NONE',  ( -1.000000000000000000, 0.000000000000000000, 0.000000000000000000 ) ) ;
#315 = VECTOR ( 'NONE', #740, 999.9999999999998863 ) ;
#316 = AXIS2_PLACEMENT_3D ( 'NONE', #1241, #161, #1000 ) ;
#317 = DIRECTION ( 'NONE',  ( -0.000000000000000000, -0.000000000000000000, -1.000000000000000000 ) ) ;
#318 = DIRECTION ( 'NONE',  ( 1.000000000000000000, 0.000000000000000000, 0.000000000000000000 ) ) ;
#319 = ADVANCED_FACE ( 'NONE', ( #1354 ), #714, .F. ) ;
#320 = EDGE_LOOP ( 'NONE', ( #769, #946, #1182, #218 ) ) ;
#321 = EDGE_CURVE ( 'NONE', #1030, #203, #1042, .T. ) ;
#322 = VERTEX_POINT ( 'NONE', #1048 ) ;
#323 =( NAMED_UNIT ( * ) SI_UNIT ( $, .STERADIAN. ) SOLID_ANGLE_UNIT ( ) );
#324 = EDGE_LOOP ( 'NONE', ( #763, #1138, #873, #919 ) ) ;
#325 = CIRCLE ( 'NONE', #1015, 12.00000000000000355 ) ;
#326 = DIRECTION ( 'NONE',  ( 0.000000000000000000, 0.000000000000000000, 1.000000000000000000 ) ) ;
#327 = VECTOR ( 'NONE', #514, 1000.000000000000000 ) ;
#328 = DIRECTION ( 'NONE',  ( 0.4999999999999919509, -0.8660254037844432595, 0.000000000000000000 ) ) ;
#329 = FACE_BOUND ( 'NONE', #540, .T. ) ;
#330 = VERTEX_POINT ( 'NONE', #925 ) ;
#331 = CIRCLE ( 'NONE', #37, 3.950000000000000178 ) ;
#332 = ADVANCED_FACE ( 'NONE', ( #496 ), #62, .F. ) ;
#333 = EDGE_CURVE ( 'NONE', #406, #18, #103, .T. ) ;
#334 = EDGE_LOOP ( 'NONE', ( #1305, #12, #427, #665 ) ) ;
#335 = DIRECTION ( 'NONE',  ( -1.000000000000000000, 0.000000000000000000, 0.000000000000000000 ) ) ;
#336 = ORIENTED_EDGE ( 'NONE', *, *, #711, .F. ) ;
#337 = CARTESIAN_POINT ( 'NONE',  ( 48.67210506462314612, 0.000000000000000000, 4.000000000000000000 ) ) ;
#338 = DIRECTION ( 'NONE',  ( 0.000000000000000000, 0.000000000000000000, -1.000000000000000000 ) ) ;
#339 = ORIENTED_EDGE ( 'NONE', *, *, #235, .F. ) ;
#340 = EDGE_LOOP ( 'NONE', ( #1126, #1191, #770, #973 ) ) ;
#341 = ADVANCED_FACE ( 'NONE', ( #920, #265 ), #1359, .T. ) ;
#342 = ORIENTED_EDGE ( 'NONE', *, *, #787, .F. ) ;
#343 = ADVANCED_FACE ( 'NONE', ( #274 ), #351, .T. ) ;
#344 = AXIS2_PLACEMENT_3D ( 'NONE', #839, #1291, #292 ) ;
#345 = CARTESIAN_POINT ( 'NONE',  ( 0.000000000000000000, 0.000000000000000000, 9.000000000000001776 ) ) ;
#346 = CARTESIAN_POINT ( 'NONE',  ( 66.49999999999998579, 8.143901214329898396E-15, 5.000000000000000000 ) ) ;
#347 = ORIENTED_EDGE ( 'NONE', *, *, #997, .T. ) ;
#348 = EDGE_LOOP ( 'NONE', ( #1304, #159, #1090, #1312, #592, #511, #110, #61 ) ) ;
#349 = ADVANCED_FACE ( 'NONE', ( #915 ), #811, .T. ) ;
#350 = SURFACE_STYLE_USAGE ( .BOTH. , #895 ) ;
#351 = CONICAL_SURFACE ( 'NONE', #1145, 10.00000000000003020, 0.1651486774146236070 ) ;
#352 = EDGE_CURVE ( 'NONE', #631, #1039, #626, .T. ) ;
#353 = ORIENTED_EDGE ( 'NONE', *, *, #17, .T. ) ;
#354 = AXIS2_PLACEMENT_3D ( 'NONE', #438, #1302, #97 ) ;
#355 = EDGE_LOOP ( 'NONE', ( #442, #710, #1320, #704 ) ) ;
#356 = DIRECTION ( 'NONE',  ( 0.000000000000000000, 0.000000000000000000, 1.000000000000000000 ) ) ;
#357 = DIRECTION ( 'NONE',  ( -0.000000000000000000, 0.000000000000000000, -1.000000000000000000 ) ) ;
#358 = APPLICATION_CONTEXT ( 'automotive_design' ) ;
#359 = EDGE_LOOP ( 'NONE', ( #1062, #1023, #840, #578 ) ) ;
#360 = FACE_OUTER_BOUND ( 'NONE', #733, .T. ) ;
#361 = DIRECTION ( 'NONE',  ( -0.000000000000000000, -0.000000000000000000, 1.000000000000000000 ) ) ;
#362 = ORIENTED_EDGE ( 'NONE', *, *, #64, .F. ) ;
#363 = CIRCLE ( 'NONE', #49, 7.500000000000000888 ) ;
#364 = CARTESIAN_POINT ( 'NONE',  ( 0.000000000000000000, 0.000000000000000000, -30.00000000000000000 ) ) ;
#365 = DIRECTION ( 'NONE',  ( 1.000000000000000000, 0.000000000000000000, 0.000000000000000000 ) ) ;
#366 = DIRECTION ( 'NONE',  ( 0.000000000000000000, 0.000000000000000000, -1.000000000000000000 ) ) ;
#367 = ORIENTED_EDGE ( 'NONE', *, *, #352, .T. ) ;
#368 = ORIENTED_EDGE ( 'NONE', *, *, #997, .F. ) ;
#369 = AXIS2_PLACEMENT_3D ( 'NONE', #181, #311, #1266 ) ;
#370 = AXIS2_PLACEMENT_3D ( 'NONE', #1109, #131, #565 ) ;
#371 = DIRECTION ( 'NONE',  ( 1.000000000000000000, 0.000000000000000000, 0.000000000000000000 ) ) ;
#372 = DIRECTION ( 'NONE',  ( 0.000000000000000000, -1.000000000000000000, 0.000000000000000000 ) ) ;
#373 = EDGE_CURVE ( 'NONE', #240, #302, #1367, .T. ) ;
#374 = ADVANCED_FACE ( 'NONE', ( #491 ), #145, .T. ) ;
#375 = CONICAL_SURFACE ( 'NONE', #1150, 10.00000000000006395, 0.1651486774146229686 ) ;
#376 = CYLINDRICAL_SURFACE ( 'NONE', #533, 7.500000000000000000 ) ;
#377 = CARTESIAN_POINT ( 'NONE',  ( 26.67210506462314967, 16.95416847668927574, -30.00000000000000355 ) ) ;
#378 = VERTEX_POINT ( 'NONE', #721 ) ;
#379 = ORIENTED_EDGE ( 'NONE', *, *, #471, .F. ) ;
#380 = CARTESIAN_POINT ( 'NONE',  ( 0.000000000000000000, 32.75000000000196820, -30.00000000000000355 ) ) ;
#381 = ADVANCED_FACE ( 'NONE', ( #1274 ), #1052, .T. ) ;
#382 = ADVANCED_FACE ( 'NONE', ( #634, #1077 ), #1, .T. ) ;
#383 = FACE_OUTER_BOUND ( 'NONE', #448, .T. ) ;
#384 = FACE_BOUND ( 'NONE', #1387, .T. ) ;
#385 = ORIENTED_EDGE ( 'NONE', *, *, #680, .F. ) ;
#386 = PRODUCT_CONTEXT ( 'NONE', #358, 'mechanical' ) ;
#387 = CARTESIAN_POINT ( 'NONE',  ( 0.000000000000000000, 50.49999999999998579, 0.000000000000000000 ) ) ;
#388 = DIRECTION ( 'NONE',  ( 0.5000000000000039968, 0.8660254037844363761, 0.000000000000000000 ) ) ;
#389 = DIRECTION ( 'NONE',  ( 1.000000000000000000, 0.000000000000000000, -0.000000000000000000 ) ) ;
#390 = AXIS2_PLACEMENT_3D ( 'NONE', #1374, #870, #1054 ) ;
#391 = DIRECTION ( 'NONE',  ( 0.000000000000000000, 0.000000000000000000, 1.000000000000000000 ) ) ;
#392 = ADVANCED_FACE ( 'NONE', ( #520 ), #1372, .F. ) ;
#393 = EDGE_CURVE ( 'NONE', #1317, #378, #1378, .T. ) ;
#394 = ORIENTED_EDGE ( 'NONE', *, *, #149, .T. ) ;
#395 = CARTESIAN_POINT ( 'NONE',  ( 1.654474470486828741E-12, -43.49999999999891998, 0.000000000000000000 ) ) ;
#396 = EDGE_CURVE ( 'NONE', #322, #1119, #831, .T. ) ;
#397 = DIRECTION ( 'NONE',  ( -0.000000000000000000, 0.000000000000000000, -1.000000000000000000 ) ) ;
#398 = DIRECTION ( 'NONE',  ( 1.000000000000000000, 0.000000000000000000, 0.000000000000000000 ) ) ;
#399 = CIRCLE ( 'NONE', #1390, 7.500000000000000000 ) ;
#400 = CYLINDRICAL_SURFACE ( 'NONE', #1379, 7.500000000000000000 ) ;
#401 = ORIENTED_EDGE ( 'NONE', *, *, #838, .T. ) ;
#402 = ADVANCED_FACE ( 'NONE', ( #538 ), #617, .F. ) ;
#403 = DIRECTION ( 'NONE',  ( -0.000000000000000000, -0.000000000000000000, -1.000000000000000000 ) ) ;
#404 = CARTESIAN_POINT ( 'NONE',  ( 0.000000000000000000, 0.000000000000000000, 47.00000000000000000 ) ) ;
#405 = FACE_OUTER_BOUND ( 'NONE', #1095, .T. ) ;
#406 = VERTEX_POINT ( 'NONE', #844 ) ;
#407 = ORIENTED_EDGE ( 'NONE', *, *, #731, .F. ) ;
#408 = DIRECTION ( 'NONE',  ( 0.000000000000000000, 0.000000000000000000, 1.000000000000000000 ) ) ;
#409 = AXIS2_PLACEMENT_3D ( 'NONE', #1130, #178, #822 ) ;
#410 = CIRCLE ( 'NONE', #1209, 7.500000000000000888 ) ;
#411 = FACE_OUTER_BOUND ( 'NONE', #108, .T. ) ;
#412 = EDGE_LOOP ( 'NONE', ( #1201, #233, #485, #231 ) ) ;
#413 = DIRECTION ( 'NONE',  ( 0.000000000000000000, -0.000000000000000000, -1.000000000000000000 ) ) ;
#414 = DIRECTION ( 'NONE',  ( 0.000000000000000000, 0.000000000000000000, 1.000000000000000000 ) ) ;
#415 = DIRECTION ( 'NONE',  ( 1.000000000000000000, 0.000000000000000000, 0.000000000000000000 ) ) ;
#416 = ORIENTED_EDGE ( 'NONE', *, *, #1331, .F. ) ;
#417 = VECTOR ( 'NONE', #551, 1000.000000000000114 ) ;
#418 = LINE ( 'NONE', #856, #315 ) ;
#419 = AXIS2_PLACEMENT_3D ( 'NONE', #858, #537, #200 ) ;
#420 = EDGE_LOOP ( 'NONE', ( #1345, #567, #1236, #1089 ) ) ;
#421 = DIRECTION ( 'NONE',  ( 1.000000000000000000, 0.000000000000000000, 0.000000000000000000 ) ) ;
#422 = LINE ( 'NONE', #860, #958 ) ;
#423 = ORIENTED_EDGE ( 'NONE', *, *, #532, .T. ) ;
#424 = EDGE_CURVE ( 'NONE', #530, #696, #506, .T. ) ;
#425 = DIRECTION ( 'NONE',  ( 0.000000000000000000, -0.000000000000000000, -1.000000000000000000 ) ) ;
#426 = EDGE_CURVE ( 'NONE', #495, #450, #558, .T. ) ;
#427 = ORIENTED_EDGE ( 'NONE', *, *, #724, .T. ) ;
#428 = CARTESIAN_POINT ( 'NONE',  ( 0.000000000000000000, 50.49999999999998579, -30.00000000000000000 ) ) ;
#429 = DIRECTION ( 'NONE',  ( 1.000000000000000000, 0.000000000000000000, 0.000000000000000000 ) ) ;
#430 = ORIENTED_EDGE ( 'NONE', *, *, #424, .T. ) ;
#431 = CARTESIAN_POINT ( 'NONE',  ( 14.99999999999993072, 50.49999999999998579, 0.000000000000000000 ) ) ;
#432 = AXIS2_PLACEMENT_3D ( 'NONE', #1164, #102, #764 ) ;
#433 = ORIENTED_EDGE ( 'NONE', *, *, #553, .T. ) ;
#434 = AXIS2_PLACEMENT_3D ( 'NONE', #1355, #1373, #88 ) ;
#435 = DIRECTION ( 'NONE',  ( 0.000000000000000000, 0.000000000000000000, 1.000000000000000000 ) ) ;
#436 = DIRECTION ( 'NONE',  ( -0.1643989873053540995, 2.013306935865682860E-17, 0.9863939238321443037 ) ) ;
#437 = EDGE_CURVE ( 'NONE', #1004, #76, #296, .T. ) ;
#438 = CARTESIAN_POINT ( 'NONE',  ( 43.73428289111403444, -25.25000000000020250, -30.00000000000000000 ) ) ;
#439 = ORIENTED_EDGE ( 'NONE', *, *, #1174, .T. ) ;
#440 = ORIENTED_EDGE ( 'NONE', *, *, #1331, .T. ) ;
#441 = CARTESIAN_POINT ( 'NONE',  ( -10.00000000000003020, 50.49999999999998579, -30.00000000000000000 ) ) ;
#442 = ORIENTED_EDGE ( 'NONE', *, *, #731, .T. ) ;
#443 = VECTOR ( 'NONE', #163, 1000.000000000000114 ) ;
#444 = CIRCLE ( 'NONE', #128, 15.00000000000000000 ) ;
#445 = DIRECTION ( 'NONE',  ( -1.000000000000000000, 0.000000000000000000, 0.000000000000000000 ) ) ;
#446 = PRODUCT_DEFINITION ( 'UNKNOWN', '', #33, #531 ) ;
#447 = EDGE_CURVE ( 'NONE', #829, #882, #1035, .T. ) ;
#448 = EDGE_LOOP ( 'NONE', ( #1056, #473, #129, #206 ) ) ;
#449 = CIRCLE ( 'NONE', #1059, 7.500000000000000888 ) ;
#450 = VERTEX_POINT ( 'NONE', #195 ) ;
#451 = DIRECTION ( 'NONE',  ( 0.000000000000000000, 0.000000000000000000, -1.000000000000000000 ) ) ;
#452 = ORIENTED_EDGE ( 'NONE', *, *, #1338, .T. ) ;
#453 = CYLINDRICAL_SURFACE ( 'NONE', #627, 7.500000000000000000 ) ;
#454 = DIRECTION ( 'NONE',  ( 1.000000000000000000, 0.000000000000000000, 0.000000000000000000 ) ) ;
#455 = ORIENTED_EDGE ( 'NONE', *, *, #1013, .T. ) ;
#456 = DIRECTION ( 'NONE',  ( 1.000000000000000000, 0.000000000000000000, 0.000000000000000000 ) ) ;
#457 = VERTEX_POINT ( 'NONE', #1384 ) ;
#458 = DIRECTION ( 'NONE',  ( -0.000000000000000000, -0.000000000000000000, 1.000000000000000000 ) ) ;
#459 = CARTESIAN_POINT ( 'NONE',  ( -66.49999999999998579, 0.000000000000000000, 0.000000000000000000 ) ) ;
#460 = VERTEX_POINT ( 'NONE', #859 ) ;
#461 = DIRECTION ( 'NONE',  ( 0.000000000000000000, 0.000000000000000000, 1.000000000000000000 ) ) ;
#462 = VERTEX_POINT ( 'NONE', #851 ) ;
#463 = EDGE_CURVE ( 'NONE', #622, #264, #1172, .T. ) ;
#464 = CARTESIAN_POINT ( 'NONE',  ( 37.67210506462317454, 21.75000000000196110, 0.000000000000000000 ) ) ;
#465 = FACE_OUTER_BOUND ( 'NONE', #995, .T. ) ;
#466 = AXIS2_PLACEMENT_3D ( 'NONE', #1185, #414, #209 ) ;
#467 = ORIENTED_EDGE ( 'NONE', *, *, #649, .T. ) ;
#468 = EDGE_CURVE ( 'NONE', #886, #546, #580, .T. ) ;
#469 = DIRECTION ( 'NONE',  ( -0.000000000000000000, -0.000000000000000000, 1.000000000000000000 ) ) ;
#470 = PLANE ( 'NONE',  #1327 ) ;
#471 = EDGE_CURVE ( 'NONE', #923, #294, #961, .T. ) ;
#472 = EDGE_CURVE ( 'NONE', #313, #761, #1288, .T. ) ;
#473 = ORIENTED_EDGE ( 'NONE', *, *, #604, .T. ) ;
#474 = CARTESIAN_POINT ( 'NONE',  ( 26.67210506462314967, 26.54583152331463936, 0.000000000000000000 ) ) ;
#475 = DIRECTION ( 'NONE',  ( 0.000000000000000000, 0.000000000000000000, 1.000000000000000000 ) ) ;
#476 = FACE_BOUND ( 'NONE', #122, .T. ) ;
#477 = AXIS2_PLACEMENT_3D ( 'NONE', #387, #1058, #824 ) ;
#478 = ORIENTED_EDGE ( 'NONE', *, *, #91, .T. ) ;
#479 = DIRECTION ( 'NONE',  ( 1.000000000000000000, 0.000000000000000000, 0.000000000000000000 ) ) ;
#480 = AXIS2_PLACEMENT_3D ( 'NONE', #950, #70, #1263 ) ;
#481 = DIRECTION ( 'NONE',  ( 1.000000000000000000, 0.000000000000000000, 0.000000000000000000 ) ) ;
#482 = LINE ( 'NONE', #1347, #1342 ) ;
#483 = DIRECTION ( 'NONE',  ( 0.000000000000000000, 0.000000000000000000, -1.000000000000000000 ) ) ;
#484 = CARTESIAN_POINT ( 'NONE',  ( 0.000000000000000000, 0.000000000000000000, 6.500000000000000888 ) ) ;
#485 = ORIENTED_EDGE ( 'NONE', *, *, #1211, .F. ) ;
#486 = PRESENTATION_LAYER_ASSIGNMENT (  '', '', ( #1014 ) ) ;
#487 = AXIS2_PLACEMENT_3D ( 'NONE', #46, #55, #481 ) ;
#488 = CARTESIAN_POINT ( 'NONE',  ( 43.73428289111403444, -25.25000000000020250, -30.00000000000000000 ) ) ;
#489 = EDGE_CURVE ( 'NONE', #684, #632, #217, .T. ) ;
#490 = CIRCLE ( 'NONE', #1232, 8.100000000000003197 ) ;
#491 = FACE_OUTER_BOUND ( 'NONE', #114, .T. ) ;
#492 = CARTESIAN_POINT ( 'NONE',  ( 37.67210506462317454, 21.75000000000196110, 0.000000000000000000 ) ) ;
#493 = DIRECTION ( 'NONE',  ( -0.000000000000000000, 0.000000000000000000, 1.000000000000000000 ) ) ;
#494 = DIRECTION ( 'NONE',  ( 1.000000000000000000, 0.000000000000000000, 0.000000000000000000 ) ) ;
#495 = VERTEX_POINT ( 'NONE', #1287 ) ;
#496 = FACE_OUTER_BOUND ( 'NONE', #855, .T. ) ;
#497 = CYLINDRICAL_SURFACE ( 'NONE', #1296, 8.100000000000003197 ) ;
#498 = CARTESIAN_POINT ( 'NONE',  ( 0.000000000000000000, 50.49999999999998579, -30.00000000000000000 ) ) ;
#499 = ORIENTED_EDGE ( 'NONE', *, *, #784, .T. ) ;
#500 = DIRECTION ( 'NONE',  ( -0.000000000000000000, 0.000000000000000000, -1.000000000000000000 ) ) ;
#501 = DIRECTION ( 'NONE',  ( 1.000000000000000000, 0.000000000000000000, 0.000000000000000000 ) ) ;
#502 = FACE_BOUND ( 'NONE', #1200, .T. ) ;
#503 = VECTOR ( 'NONE', #1202, 1000.000000000000000 ) ;
#504 = ORIENTED_EDGE ( 'NONE', *, *, #219, .F. ) ;
#505 = DIRECTION ( 'NONE',  ( -1.000000000000000000, 0.000000000000000000, 0.000000000000000000 ) ) ;
#506 = LINE ( 'NONE', #942, #16 ) ;
#507 = FACE_OUTER_BOUND ( 'NONE', #1271, .T. ) ;
#508 = AXIS2_PLACEMENT_3D ( 'NONE', #1233, #493, #257 ) ;
#509 = AXIS2_PLACEMENT_3D ( 'NONE', #22, #678, #976 ) ;
#510 = DIRECTION ( 'NONE',  ( 1.000000000000000000, 0.000000000000000000, 0.000000000000000000 ) ) ;
#511 = ORIENTED_EDGE ( 'NONE', *, *, #739, .F. ) ;
#512 = EDGE_CURVE ( 'NONE', #857, #530, #1084, .T. ) ;
#513 = CARTESIAN_POINT ( 'NONE',  ( -62.50000000000000000, 0.000000000000000000, 47.00000000000000000 ) ) ;
#514 = DIRECTION ( 'NONE',  ( 0.000000000000000000, 0.000000000000000000, 1.000000000000000000 ) ) ;
#515 = DIRECTION ( 'NONE',  ( 0.000000000000000000, 0.000000000000000000, 1.000000000000000000 ) ) ;
#516 = FACE_BOUND ( 'NONE', #641, .T. ) ;
#517 = ORIENTED_EDGE ( 'NONE', *, *, #373, .T. ) ;
#518 = FACE_OUTER_BOUND ( 'NONE', #937, .T. ) ;
#519 = EDGE_CURVE ( 'NONE', #18, #406, #628, .T. ) ;
#520 = FACE_OUTER_BOUND ( 'NONE', #334, .T. ) ;
#521 = CARTESIAN_POINT ( 'NONE',  ( 60.50000000000019895, 7.409113134841512751E-15, 47.00000000000000000 ) ) ;
#522 = CIRCLE ( 'NONE', #928, 11.80000000000000249 ) ;
#523 = DIRECTION ( 'NONE',  ( 0.000000000000000000, 0.000000000000000000, -1.000000000000000000 ) ) ;
#524 = ORIENTED_EDGE ( 'NONE', *, *, #1128, .F. ) ;
#525 = AXIS2_PLACEMENT_3D ( 'NONE', #648, #1289, #312 ) ;
#526 = CARTESIAN_POINT ( 'NONE',  ( 43.73428289111403444, -25.25000000000020250, 0.000000000000000000 ) ) ;
#527 = DIRECTION ( 'NONE',  ( 1.000000000000000000, 0.000000000000000000, 0.000000000000000000 ) ) ;
#528 = CARTESIAN_POINT ( 'NONE',  ( 48.67210506462314612, 26.54583152331476370, 0.000000000000000000 ) ) ;
#529 = EDGE_CURVE ( 'NONE', #457, #294, #331, .T. ) ;
#530 = VERTEX_POINT ( 'NONE', #647 ) ;
#531 = PRODUCT_DEFINITION_CONTEXT ( 'detailed design', #749, 'design' ) ;
#532 = EDGE_CURVE ( 'NONE', #450, #841, #1392, .T. ) ;
#533 = AXIS2_PLACEMENT_3D ( 'NONE', #815, #689, #1135 ) ;
#534 = CARTESIAN_POINT ( 'NONE',  ( 0.000000000000000000, 0.000000000000000000, 4.000000000000000000 ) ) ;
#535 = AXIS2_PLACEMENT_3D ( 'NONE', #194, #872, #850 ) ;
#536 = CYLINDRICAL_SURFACE ( 'NONE', #807, 10.00000000000000178 ) ;
#537 = DIRECTION ( 'NONE',  ( -0.000000000000000000, -0.000000000000000000, -1.000000000000000000 ) ) ;
#538 = FACE_OUTER_BOUND ( 'NONE', #1154, .T. ) ;
#539 = CARTESIAN_POINT ( 'NONE',  ( 10.00000000000000178, 1.224646799147353454E-15, 4.000000000000000000 ) ) ;
#540 = EDGE_LOOP ( 'NONE', ( #892, #623 ) ) ;
#541 = CARTESIAN_POINT ( 'NONE',  ( 48.67210506462314612, 0.000000000000000000, -30.00000000000000355 ) ) ;
#542 = EDGE_CURVE ( 'NONE', #750, #669, #1018, .T. ) ;
#543 = EDGE_LOOP ( 'NONE', ( #650, #1216 ) ) ;
#544 = CYLINDRICAL_SURFACE ( 'NONE', #1395, 58.50000000000000000 ) ;
#545 = ORIENTED_EDGE ( 'NONE', *, *, #43, .F. ) ;
#546 = VERTEX_POINT ( 'NONE', #987 ) ;
#547 = CIRCLE ( 'NONE', #477, 15.00000000000000000 ) ;
#548 = EDGE_LOOP ( 'NONE', ( #467, #993, #878, #679 ) ) ;
#549 = AXIS2_PLACEMENT_3D ( 'NONE', #612, #1353, #68 ) ;
#550 = CARTESIAN_POINT ( 'NONE',  ( 48.67210506462314612, 0.000000000000000000, 0.000000000000000000 ) ) ;
#551 = DIRECTION ( 'NONE',  ( -0.1643989873053535167, 2.013306935865675157E-17, 0.9863939238321443037 ) ) ;
#552 = CARTESIAN_POINT ( 'NONE',  ( 62.50000000000000000, 7.654042494670956226E-15, 47.00000000000000000 ) ) ;
#553 = EDGE_CURVE ( 'NONE', #1097, #45, #1261, .T. ) ;
#554 = ORIENTED_EDGE ( 'NONE', *, *, #1128, .T. ) ;
#555 = CIRCLE ( 'NONE', #1011, 10.00000000000004441 ) ;
#556 = EDGE_LOOP ( 'NONE', ( #28, #309, #1278, #1254 ) ) ;
#557 = VERTEX_POINT ( 'NONE', #223 ) ;
#558 = CIRCLE ( 'NONE', #1348, 62.50000000000000000 ) ;
#559 = AXIS2_PLACEMENT_3D ( 'NONE', #700, #583, #42 ) ;
#560 = DIRECTION ( 'NONE',  ( 0.000000000000000000, -1.000000000000000000, 0.000000000000000000 ) ) ;
#561 = CARTESIAN_POINT ( 'NONE',  ( 0.000000000000000000, 10.75000000000196643, -30.00000000000000355 ) ) ;
#562 = ORIENTED_EDGE ( 'NONE', *, *, #1193, .F. ) ;
#563 = ADVANCED_FACE ( 'NONE', ( #1064 ), #106, .T. ) ;
#564 = ORIENTED_EDGE ( 'NONE', *, *, #512, .F. ) ;
#565 = DIRECTION ( 'NONE',  ( 1.000000000000000000, 0.000000000000000000, 0.000000000000000000 ) ) ;
#566 = CARTESIAN_POINT ( 'NONE',  ( 58.73428289111396339, -25.25000000000020250, 0.000000000000000000 ) ) ;
#567 = ORIENTED_EDGE ( 'NONE', *, *, #133, .T. ) ;
#568 = ORIENTED_EDGE ( 'NONE', *, *, #532, .F. ) ;
#569 = VECTOR ( 'NONE', #13, 1000.000000000000000 ) ;
#570 = DIRECTION ( 'NONE',  ( 1.000000000000000000, 0.000000000000000000, -0.000000000000000000 ) ) ;
#571 = SURFACE_STYLE_FILL_AREA ( #1003 ) ;
#572 = EDGE_LOOP ( 'NONE', ( #293, #220, #1108, #353 ) ) ;
#573 = ADVANCED_FACE ( 'NONE', ( #1169 ), #879, .T. ) ;
#574 = EDGE_CURVE ( 'NONE', #1396, #1399, #633, .T. ) ;
#575 = DIRECTION ( 'NONE',  ( 1.000000000000000000, 0.000000000000000000, 0.000000000000000000 ) ) ;
#576 = FACE_BOUND ( 'NONE', #913, .T. ) ;
#577 = AXIS2_PLACEMENT_3D ( 'NONE', #380, #1240, #825 ) ;
#578 = ORIENTED_EDGE ( 'NONE', *, *, #1055, .F. ) ;
#579 = DIRECTION ( 'NONE',  ( -0.000000000000000000, -0.000000000000000000, 1.000000000000000000 ) ) ;
#580 = CIRCLE ( 'NONE', #172, 12.00000000000001776 ) ;
#581 = ADVANCED_FACE ( 'NONE', ( #111 ), #544, .F. ) ;
#582 = ADVANCED_FACE ( 'NONE', ( #15 ), #8, .F. ) ;
#583 = DIRECTION ( 'NONE',  ( 0.000000000000000000, 0.000000000000000000, -1.000000000000000000 ) ) ;
#584 = DIRECTION ( 'NONE',  ( -0.000000000000000000, -0.000000000000000000, -1.000000000000000000 ) ) ;
#585 = ADVANCED_FACE ( 'NONE', ( #329, #518 ), #767, .T. ) ;
#586 = ORIENTED_EDGE ( 'NONE', *, *, #972, .F. ) ;
#587 = DIRECTION ( 'NONE',  ( 0.4999999999999920619, -0.8660254037844431485, 0.000000000000000000 ) ) ;
#588 = CYLINDRICAL_SURFACE ( 'NONE', #1098, 12.00000000000000355 ) ;
#589 = CARTESIAN_POINT ( 'NONE',  ( 0.000000000000000000, 0.000000000000000000, 0.000000000000000000 ) ) ;
#590 = DIRECTION ( 'NONE',  ( 0.000000000000000000, 0.000000000000000000, 1.000000000000000000 ) ) ;
#591 = CIRCLE ( 'NONE', #1115, 12.00000000000001776 ) ;
#592 = ORIENTED_EDGE ( 'NONE', *, *, #468, .F. ) ;
#593 = EDGE_CURVE ( 'NONE', #857, #718, #1336, .T. ) ;
#594 = CIRCLE ( 'NONE', #270, 62.50000000000000000 ) ;
#595 = LINE ( 'NONE', #1260, #909 ) ;
#596 = CARTESIAN_POINT ( 'NONE',  ( -28.73428289111443235, -25.24999999999958789, 0.000000000000000000 ) ) ;
#597 = CARTESIAN_POINT ( 'NONE',  ( -37.67210506462297559, 21.75000000000017408, -30.00000000000000355 ) ) ;
#598 = AXIS2_PLACEMENT_3D ( 'NONE', #712, #1139, #479 ) ;
#599 = LINE ( 'NONE', #682, #602 ) ;
#600 = DIRECTION ( 'NONE',  ( -1.000000000000000000, 0.000000000000000000, -0.000000000000000000 ) ) ;
#601 = ORIENTED_EDGE ( 'NONE', *, *, #955, .T. ) ;
#602 = VECTOR ( 'NONE', #469, 1000.000000000000000 ) ;
#603 = CARTESIAN_POINT ( 'NONE',  ( -36.23428289111437550, -25.24999999999958789, -30.00000000000000000 ) ) ;
#604 = EDGE_CURVE ( 'NONE', #768, #1046, #692, .T. ) ;
#605 = AXIS2_PLACEMENT_3D ( 'NONE', #1008, #805, #1117 ) ;
#606 = CARTESIAN_POINT ( 'NONE',  ( -11.79999999999834870, -43.49999999999891998, -30.00000000000000355 ) ) ;
#607 = FACE_OUTER_BOUND ( 'NONE', #780, .T. ) ;
#608 = AXIS2_PLACEMENT_3D ( 'NONE', #428, #1295, #759 ) ;
#609 = CYLINDRICAL_SURFACE ( 'NONE', #916, 7.500000000000000000 ) ;
#610 = DIRECTION ( 'NONE',  ( 0.000000000000000000, 0.000000000000000000, -1.000000000000000000 ) ) ;
#611 = EDGE_LOOP ( 'NONE', ( #440, #1061, #545, #336 ) ) ;
#612 = CARTESIAN_POINT ( 'NONE',  ( 0.000000000000000000, 50.49999999999998579, 0.000000000000000000 ) ) ;
#613 = DIRECTION ( 'NONE',  ( -0.1643989873053537110, 2.013306935865677930E-17, 0.9863939238321444147 ) ) ;
#614 =( NAMED_UNIT ( * ) SI_UNIT ( $, .STERADIAN. ) SOLID_ANGLE_UNIT ( ) );
#615 = ORIENTED_EDGE ( 'NONE', *, *, #5, .F. ) ;
#616 = CYLINDRICAL_SURFACE ( 'NONE', #48, 8.100000000000003197 ) ;
#617 = CYLINDRICAL_SURFACE ( 'NONE', #1165, 11.80000000000000249 ) ;
#618 = CYLINDRICAL_SURFACE ( 'NONE', #981, 62.50000000000000000 ) ;
#619 = AXIS2_PLACEMENT_3D ( 'NONE', #1267, #737, #389 ) ;
#620 = UNCERTAINTY_MEASURE_WITH_UNIT (LENGTH_MEASURE( 1.000000000000000082E-05 ), #862, 'distance_accuracy_value', 'NONE');
#621 = CARTESIAN_POINT ( 'NONE',  ( 32.87627354131044655, 32.75000000000196820, -30.00000000000000355 ) ) ;
#622 = VERTEX_POINT ( 'NONE', #132 ) ;
#623 = ORIENTED_EDGE ( 'NONE', *, *, #246, .F. ) ;
#624 = CARTESIAN_POINT ( 'NONE',  ( 0.000000000000000000, 0.000000000000000000, 0.000000000000000000 ) ) ;
#625 = CARTESIAN_POINT ( 'NONE',  ( 1.654474470486828741E-12, -43.49999999999891998, -30.00000000000000355 ) ) ;
#626 = CIRCLE ( 'NONE', #276, 7.500000000000000888 ) ;
#627 = AXIS2_PLACEMENT_3D ( 'NONE', #985, #458, #1315 ) ;
#628 = CIRCLE ( 'NONE', #419, 58.50000000000000000 ) ;
#629 = DIRECTION ( 'NONE',  ( -1.000000000000000000, 0.000000000000000000, 0.000000000000000000 ) ) ;
#630 = EDGE_CURVE ( 'NONE', #1363, #1396, #901, .T. ) ;
#631 = VERTEX_POINT ( 'NONE', #1009 ) ;
#632 = VERTEX_POINT ( 'NONE', #773 ) ;
#633 = LINE ( 'NONE', #1176, #1307 ) ;
#634 = FACE_OUTER_BOUND ( 'NONE', #1230, .T. ) ;
#635 = DIRECTION ( 'NONE',  ( 1.000000000000000000, 0.000000000000000000, 0.000000000000000000 ) ) ;
#636 = EDGE_LOOP ( 'NONE', ( #657, #433 ) ) ;
#637 = EDGE_CURVE ( 'NONE', #1046, #330, #1219, .T. ) ;
#638 = CARTESIAN_POINT ( 'NONE',  ( 0.000000000000000000, 0.000000000000000000, 47.00000000000000000 ) ) ;
#639 = DIRECTION ( 'NONE',  ( -0.000000000000000000, 0.000000000000000000, 1.000000000000000000 ) ) ;
#640 = ADVANCED_FACE ( 'NONE', ( #138 ), #375, .T. ) ;
#641 = EDGE_LOOP ( 'NONE', ( #1329, #1376 ) ) ;
#642 = CIRCLE ( 'NONE', #979, 7.500000000000000888 ) ;
#643 = DIRECTION ( 'NONE',  ( 0.000000000000000000, 0.000000000000000000, 1.000000000000000000 ) ) ;
#644 = DIRECTION ( 'NONE',  ( -1.000000000000000000, 0.000000000000000000, 0.000000000000000000 ) ) ;
#645 = ORIENTED_EDGE ( 'NONE', *, *, #1055, .T. ) ;
#646 = AXIS2_PLACEMENT_3D ( 'NONE', #964, #643, #982 ) ;
#647 = CARTESIAN_POINT ( 'NONE',  ( -66.49999999999998579, 0.000000000000000000, 5.000000000000000000 ) ) ;
#648 = CARTESIAN_POINT ( 'NONE',  ( -37.67210506462297559, 21.75000000000017408, 4.000000000000000000 ) ) ;
#649 = EDGE_CURVE ( 'NONE', #1046, #768, #449, .T. ) ;
#650 = ORIENTED_EDGE ( 'NONE', *, *, #1063, .T. ) ;
#651 = LINE ( 'NONE', #1313, #503 ) ;
#652 = AXIS2_PLACEMENT_3D ( 'NONE', #1177, #752, #1156 ) ;
#653 = FACE_OUTER_BOUND ( 'NONE', #849, .T. ) ;
#654 = LINE ( 'NONE', #262, #443 ) ;
#655 = ORIENTED_EDGE ( 'NONE', *, *, #1283, .F. ) ;
#656 = ORIENTED_EDGE ( 'NONE', *, *, #1285, .F. ) ;
#657 = ORIENTED_EDGE ( 'NONE', *, *, #1388, .T. ) ;
#658 = LINE ( 'NONE', #550, #569 ) ;
#659 = FACE_OUTER_BOUND ( 'NONE', #543, .T. ) ;
#660 = DIRECTION ( 'NONE',  ( 0.000000000000000000, 0.000000000000000000, 1.000000000000000000 ) ) ;
#661 = EDGE_LOOP ( 'NONE', ( #127, #40 ) ) ;
#662 = VERTEX_POINT ( 'NONE', #792 ) ;
#663 = LINE ( 'NONE', #1099, #234 ) ;
#664 = CIRCLE ( 'NONE', #1134, 58.50000000000000000 ) ;
#665 = ORIENTED_EDGE ( 'NONE', *, *, #437, .F. ) ;
#666 = AXIS2_PLACEMENT_3D ( 'NONE', #715, #1053, #63 ) ;
#667 = DIRECTION ( 'NONE',  ( 0.000000000000000000, 0.000000000000000000, 1.000000000000000000 ) ) ;
#668 = FACE_OUTER_BOUND ( 'NONE', #572, .T. ) ;
#669 = VERTEX_POINT ( 'NONE', #27 ) ;
#670 = CIRCLE ( 'NONE', #646, 10.00000000000000178 ) ;
#671 = EDGE_LOOP ( 'NONE', ( #1220, #1369 ) ) ;
#672 = ORIENTED_EDGE ( 'NONE', *, *, #273, .F. ) ;
#673 = AXIS2_PLACEMENT_3D ( 'NONE', #364, #802, #388 ) ;
#674 = CYLINDRICAL_SURFACE ( 'NONE', #370, 12.00000000000000355 ) ;
#675 = CYLINDRICAL_SURFACE ( 'NONE', #938, 66.49999999999998579 ) ;
#676 = ORIENTED_EDGE ( 'NONE', *, *, #739, .T. ) ;
#677 = EDGE_LOOP ( 'NONE', ( #401, #499 ) ) ;
#678 = DIRECTION ( 'NONE',  ( -0.000000000000000000, 0.000000000000000000, 1.000000000000000000 ) ) ;
#679 = ORIENTED_EDGE ( 'NONE', *, *, #637, .F. ) ;
#680 = EDGE_CURVE ( 'NONE', #24, #1399, #241, .T. ) ;
#681 = AXIS2_PLACEMENT_3D ( 'NONE', #695, #1045, #1351 ) ;
#682 = CARTESIAN_POINT ( 'NONE',  ( 36.23428289111403444, -25.25000000000020250, -30.00000000000000000 ) ) ;
#683 = DIRECTION ( 'NONE',  ( 0.000000000000000000, -1.000000000000000000, 0.000000000000000000 ) ) ;
#684 = VERTEX_POINT ( 'NONE', #566 ) ;
#685 = DIRECTION ( 'NONE',  ( 0.000000000000000000, 0.000000000000000000, 1.000000000000000000 ) ) ;
#686 = ADVANCED_FACE ( 'NONE', ( #888 ), #1118, .F. ) ;
#687 = ADVANCED_FACE ( 'NONE', ( #668 ), #779, .T. ) ;
#688 = VECTOR ( 'NONE', #1127, 1000.000000000000000 ) ;
#689 = DIRECTION ( 'NONE',  ( -0.000000000000000000, -0.000000000000000000, 1.000000000000000000 ) ) ;
#690 = VERTEX_POINT ( 'NONE', #143 ) ;
#691 = CARTESIAN_POINT ( 'NONE',  ( -43.73428289111437550, -25.24999999999958789, -30.00000000000000000 ) ) ;
#692 = CIRCLE ( 'NONE', #943, 7.500000000000000888 ) ;
#693 = ADVANCED_FACE ( 'NONE', ( #996, #576 ), #470, .T. ) ;
#694 = CARTESIAN_POINT ( 'NONE',  ( 42.46793658793590254, 32.75000000000196820, 4.000000000000000000 ) ) ;
#695 = CARTESIAN_POINT ( 'NONE',  ( 1.654474470486828741E-12, -43.49999999999891998, 4.000000000000000000 ) ) ;
#696 = VERTEX_POINT ( 'NONE', #459 ) ;
#697 = DIRECTION ( 'NONE',  ( 0.000000000000000000, 0.000000000000000000, 1.000000000000000000 ) ) ;
#698 = CARTESIAN_POINT ( 'NONE',  ( -43.73428289111437550, -25.24999999999958789, 0.000000000000000000 ) ) ;
#699 = DIRECTION ( 'NONE',  ( 0.000000000000000000, 0.000000000000000000, 1.000000000000000000 ) ) ;
#700 = CARTESIAN_POINT ( 'NONE',  ( 0.000000000000000000, 0.000000000000000000, 40.00000000000063238 ) ) ;
#701 = CARTESIAN_POINT ( 'NONE',  ( -33.73428289111431155, -25.24999999999958789, -30.00000000000000000 ) ) ;
#702 = ADVANCED_FACE ( 'NONE', ( #465 ), #675, .T. ) ;
#703 = VECTOR ( 'NONE', #1264, 1000.000000000000114 ) ;
#704 = ORIENTED_EDGE ( 'NONE', *, *, #149, .F. ) ;
#705 = CARTESIAN_POINT ( 'NONE',  ( 43.73428289111403444, -25.25000000000020250, 0.000000000000000000 ) ) ;
#706 =( GEOMETRIC_REPRESENTATION_CONTEXT ( 3 ) GLOBAL_UNCERTAINTY_ASSIGNED_CONTEXT ( ( #620 ) ) GLOBAL_UNIT_ASSIGNED_CONTEXT ( ( #862, #885, #323 ) ) REPRESENTATION_CONTEXT ( 'NONE', 'WORKASPACE' ) );
#707 = LINE ( 'NONE', #1146, #688 ) ;
#708 = CARTESIAN_POINT ( 'NONE',  ( -51.23428289111437550, -25.24999999999958789, -30.00000000000000000 ) ) ;
#709 = MANIFOLD_SOLID_BREP ( 'Schnitt-Linear austragen5', #1057 ) ;
#710 = ORIENTED_EDGE ( 'NONE', *, *, #542, .T. ) ;
#711 = EDGE_CURVE ( 'NONE', #776, #3, #591, .T. ) ;
#712 = CARTESIAN_POINT ( 'NONE',  ( 0.000000000000000000, 0.000000000000000000, 0.000000000000000000 ) ) ;
#713 = CIRCLE ( 'NONE', #190, 62.50000000000000000 ) ;
#714 = CYLINDRICAL_SURFACE ( 'NONE', #963, 7.500000000000000000 ) ;
#715 = CARTESIAN_POINT ( 'NONE',  ( -43.73428289111437550, -25.24999999999958789, -30.00000000000000000 ) ) ;
#716 = AXIS2_PLACEMENT_3D ( 'NONE', #735, #413, #1190 ) ;
#717 = DIRECTION ( 'NONE',  ( 1.000000000000000000, 0.000000000000000000, -0.000000000000000000 ) ) ;
#718 = VERTEX_POINT ( 'NONE', #922 ) ;
#719 = DIRECTION ( 'NONE',  ( -0.000000000000000000, -0.000000000000000000, -1.000000000000000000 ) ) ;
#720 = ADVANCED_FACE ( 'NONE', ( #1049 ), #278, .F. ) ;
#721 = CARTESIAN_POINT ( 'NONE',  ( -45.77210506462298412, 21.75000000000017408, 4.000000000000000000 ) ) ;
#722 = DIRECTION ( 'NONE',  ( -0.000000000000000000, -0.000000000000000000, -1.000000000000000000 ) ) ;
#723 = EDGE_CURVE ( 'NONE', #1391, #1030, #139, .T. ) ;
#724 = EDGE_CURVE ( 'NONE', #144, #76, #1226, .T. ) ;
#725 =( NAMED_UNIT ( * ) PLANE_ANGLE_UNIT ( ) SI_UNIT ( $, .RADIAN. ) );
#726 = VERTEX_POINT ( 'NONE', #156 ) ;
#727 = CONICAL_SURFACE ( 'NONE', #432, 60.50000000000019895, 0.2782996590051088903 ) ;
#728 = CARTESIAN_POINT ( 'NONE',  ( 11.80000000000165805, -43.49999999999891998, -30.00000000000000355 ) ) ;
#729 = CARTESIAN_POINT ( 'NONE',  ( -43.73428289111437550, -25.24999999999958789, 0.000000000000000000 ) ) ;
#730 = CIRCLE ( 'NONE', #316, 60.50000000000019895 ) ;
#731 = EDGE_CURVE ( 'NONE', #211, #750, #1029, .T. ) ;
#732 = CARTESIAN_POINT ( 'NONE',  ( 62.50000000000000000, 7.654042494670956226E-15, 5.000000000000000000 ) ) ;
#733 = EDGE_LOOP ( 'NONE', ( #568, #1106, #809, #734 ) ) ;
#734 = ORIENTED_EDGE ( 'NONE', *, *, #1294, .T. ) ;
#735 = CARTESIAN_POINT ( 'NONE',  ( 43.73428289111403444, -25.25000000000020250, -30.00000000000000000 ) ) ;
#736 = CARTESIAN_POINT ( 'NONE',  ( -45.77210506462298412, 21.75000000000017408, -30.00000000000000355 ) ) ;
#737 = DIRECTION ( 'NONE',  ( 0.000000000000000000, 0.000000000000000000, 1.000000000000000000 ) ) ;
#738 = CIRCLE ( 'NONE', #1121, 66.49999999999998579 ) ;
#739 = EDGE_CURVE ( 'NONE', #1119, #886, #1245, .T. ) ;
#740 = DIRECTION ( 'NONE',  ( 0.1643989873053537110, 0.000000000000000000, 0.9863939238321444147 ) ) ;
#741 = ADVANCED_FACE ( 'NONE', ( #476, #1234, #384, #75, #51, #934, #502, #258 ), #833, .F. ) ;
#742 = ORIENTED_EDGE ( 'NONE', *, *, #820, .T. ) ;
#743 = DIRECTION ( 'NONE',  ( -0.000000000000000000, 0.000000000000000000, 1.000000000000000000 ) ) ;
#744 = DIRECTION ( 'NONE',  ( 1.000000000000000000, 0.000000000000000000, 0.000000000000000000 ) ) ;
#745 = CYLINDRICAL_SURFACE ( 'NONE', #1141, 12.00000000000001776 ) ;
#746 = ORIENTED_EDGE ( 'NONE', *, *, #219, .T. ) ;
#747 = DIRECTION ( 'NONE',  ( -0.000000000000000000, -0.000000000000000000, -1.000000000000000000 ) ) ;
#748 = FACE_OUTER_BOUND ( 'NONE', #285, .T. ) ;
#749 = APPLICATION_CONTEXT ( 'automotive_design' ) ;
#750 = VERTEX_POINT ( 'NONE', #269 ) ;
#751 = DIRECTION ( 'NONE',  ( -1.000000000000000000, 0.000000000000000000, 0.000000000000000000 ) ) ;
#752 = DIRECTION ( 'NONE',  ( 0.000000000000000000, 0.000000000000000000, -1.000000000000000000 ) ) ;
#753 = DIRECTION ( 'NONE',  ( 0.5000000000000041078, 0.8660254037844361541, 0.000000000000000000 ) ) ;
#754 = ORIENTED_EDGE ( 'NONE', *, *, #604, .F. ) ;
#755 = VECTOR ( 'NONE', #984, 1000.000000000000000 ) ;
#756 = DIRECTION ( 'NONE',  ( 1.000000000000000000, 0.000000000000000000, -0.000000000000000000 ) ) ;
#757 = ORIENTED_EDGE ( 'NONE', *, *, #947, .F. ) ;
#758 = CIRCLE ( 'NONE', #781, 7.500000000000000000 ) ;
#759 = DIRECTION ( 'NONE',  ( 1.000000000000000000, 0.000000000000000000, 0.000000000000000000 ) ) ;
#760 = EDGE_LOOP ( 'NONE', ( #989, #179, #67, #1352 ) ) ;
#761 = VERTEX_POINT ( 'NONE', #912 ) ;
#762 = DIRECTION ( 'NONE',  ( -0.000000000000000000, -0.000000000000000000, -1.000000000000000000 ) ) ;
#763 = ORIENTED_EDGE ( 'NONE', *, *, #630, .F. ) ;
#764 = DIRECTION ( 'NONE',  ( -1.000000000000000000, 0.000000000000000000, 0.000000000000000000 ) ) ;
#765 = AXIS2_PLACEMENT_3D ( 'NONE', #1199, #660, #1094 ) ;
#766 = DIRECTION ( 'NONE',  ( -0.000000000000000000, -0.000000000000000000, -1.000000000000000000 ) ) ;
#767 = PLANE ( 'NONE',  #765 ) ;
#768 = VERTEX_POINT ( 'NONE', #708 ) ;
#769 = ORIENTED_EDGE ( 'NONE', *, *, #1285, .T. ) ;
#770 = ORIENTED_EDGE ( 'NONE', *, *, #426, .F. ) ;
#771 = DIRECTION ( 'NONE',  ( 1.000000000000000000, 0.000000000000000000, 0.000000000000000000 ) ) ;
#772 = ADVANCED_BREP_SHAPE_REPRESENTATION ( 'boden2', ( #709, #598 ), #706 ) ;
#773 = CARTESIAN_POINT ( 'NONE',  ( 28.73428289111410550, -25.25000000000020250, 0.000000000000000000 ) ) ;
#774 = ORIENTED_EDGE ( 'NONE', *, *, #1063, .F. ) ;
#775 = ORIENTED_EDGE ( 'NONE', *, *, #999, .F. ) ;
#776 = VERTEX_POINT ( 'NONE', #918 ) ;
#777 = VECTOR ( 'NONE', #699, 1000.000000000000000 ) ;
#778 = CARTESIAN_POINT ( 'NONE',  ( -37.67210506462297559, 21.75000000000017408, 0.000000000000000000 ) ) ;
#779 = CYLINDRICAL_SURFACE ( 'NONE', #1144, 10.00000000000000178 ) ;
#780 = EDGE_LOOP ( 'NONE', ( #1071, #907, #1224, #112 ) ) ;
#781 = AXIS2_PLACEMENT_3D ( 'NONE', #19, #451, #314 ) ;
#782 = FACE_OUTER_BOUND ( 'NONE', #983, .T. ) ;
#783 = ORIENTED_EDGE ( 'NONE', *, *, #519, .T. ) ;
#784 = EDGE_CURVE ( 'NONE', #801, #923, #1250, .T. ) ;
#785 = LINE ( 'NONE', #337, #1038 ) ;
#786 = PRESENTATION_STYLE_ASSIGNMENT (( #350 ) ) ;
#787 = EDGE_CURVE ( 'NONE', #761, #322, #1137, .T. ) ;
#788 = ADVANCED_FACE ( 'NONE', ( #164 ), #400, .F. ) ;
#789 = AXIS2_PLACEMENT_3D ( 'NONE', #561, #683, #1205 ) ;
#790 = ORIENTED_EDGE ( 'NONE', *, *, #199, .F. ) ;
#791 = CARTESIAN_POINT ( 'NONE',  ( 7.500000000000000000, 50.49999999999998579, 0.000000000000000000 ) ) ;
#792 = CARTESIAN_POINT ( 'NONE',  ( -29.57210506462297417, 21.75000000000017408, 0.000000000000000000 ) ) ;
#793 = ORIENTED_EDGE ( 'NONE', *, *, #512, .T. ) ;
#794 = EDGE_CURVE ( 'NONE', #1112, #302, #263, .T. ) ;
#795 = CARTESIAN_POINT ( 'NONE',  ( 37.67210506462317454, 21.75000000000196110, -30.00000000000000355 ) ) ;
#796 = ADVANCED_FACE ( 'NONE', ( #1257 ), #284, .T. ) ;
#797 = AXIS2_PLACEMENT_3D ( 'NONE', #863, #523, #629 ) ;
#798 = AXIS2_PLACEMENT_3D ( 'NONE', #1040, #500, #505 ) ;
#799 = CARTESIAN_POINT ( 'NONE',  ( 0.000000000000000000, 0.000000000000000000, 47.00000000000000000 ) ) ;
#800 = DIRECTION ( 'NONE',  ( -0.000000000000000000, -0.000000000000000000, -1.000000000000000000 ) ) ;
#801 = VERTEX_POINT ( 'NONE', #806 ) ;
#802 = DIRECTION ( 'NONE',  ( 0.000000000000000000, 0.000000000000000000, -1.000000000000000000 ) ) ;
#803 = EDGE_CURVE ( 'NONE', #1075, #1004, #522, .T. ) ;
#804 = CIRCLE ( 'NONE', #1215, 10.00000000000000178 ) ;
#805 = DIRECTION ( 'NONE',  ( 0.000000000000000000, 0.000000000000000000, 1.000000000000000000 ) ) ;
#806 = CARTESIAN_POINT ( 'NONE',  ( 3.950000000000000178, 4.837354856632045057E-16, 6.500000000000000888 ) ) ;
#807 = AXIS2_PLACEMENT_3D ( 'NONE', #345, #766, #880 ) ;
#808 = ORIENTED_EDGE ( 'NONE', *, *, #947, .T. ) ;
#809 = ORIENTED_EDGE ( 'NONE', *, *, #999, .T. ) ;
#810 = APPLICATION_PROTOCOL_DEFINITION ( 'draft international standard', 'automotive_design', 1998, #358 ) ;
#811 = PLANE ( 'NONE',  #577 ) ;
#812 = CARTESIAN_POINT ( 'NONE',  ( 32.87627354131042523, 10.75000000000196643, 4.000000000000000000 ) ) ;
#813 = AXIS2_PLACEMENT_3D ( 'NONE', #1067, #968, #960 ) ;
#814 = EDGE_CURVE ( 'NONE', #1396, #1363, #116, .T. ) ;
#815 = CARTESIAN_POINT ( 'NONE',  ( 0.000000000000000000, 50.49999999999998579, -30.00000000000000000 ) ) ;
#816 = VERTEX_POINT ( 'NONE', #95 ) ;
#817 = EDGE_LOOP ( 'NONE', ( #271, #952, #978, #165 ) ) ;
#818 = DIRECTION ( 'NONE',  ( 1.000000000000000000, 0.000000000000000000, 0.000000000000000000 ) ) ;
#819 = CARTESIAN_POINT ( 'NONE',  ( -43.73428289111437550, -25.24999999999958789, -30.00000000000000000 ) ) ;
#820 = EDGE_CURVE ( 'NONE', #632, #684, #249, .T. ) ;
#821 = LINE ( 'NONE', #1332, #1279 ) ;
#822 = DIRECTION ( 'NONE',  ( 1.000000000000000000, 0.000000000000000000, -0.000000000000000000 ) ) ;
#823 = ORIENTED_EDGE ( 'NONE', *, *, #93, .T. ) ;
#824 = DIRECTION ( 'NONE',  ( 1.000000000000000000, 0.000000000000000000, 0.000000000000000000 ) ) ;
#825 = DIRECTION ( 'NONE',  ( 0.000000000000000000, -0.000000000000000000, -1.000000000000000000 ) ) ;
#826 = CARTESIAN_POINT ( 'NONE',  ( 0.000000000000000000, 0.000000000000000000, 7.500000000000000000 ) ) ;
#827 = ADVANCED_FACE ( 'NONE', ( #405 ), #94, .T. ) ;
#828 = DIRECTION ( 'NONE',  ( 1.000000000000000000, 0.000000000000000000, 0.000000000000000000 ) ) ;
#829 = VERTEX_POINT ( 'NONE', #966 ) ;
#830 = ADVANCED_FACE ( 'NONE', ( #1269 ), #727, .T. ) ;
#831 = CIRCLE ( 'NONE', #369, 12.00000000000000355 ) ;
#832 = DIRECTION ( 'NONE',  ( 0.000000000000000000, 0.000000000000000000, 1.000000000000000000 ) ) ;
#833 = PLANE ( 'NONE',  #409 ) ;
#834 = ORIENTED_EDGE ( 'NONE', *, *, #246, .T. ) ;
#835 = LINE ( 'NONE', #53, #1159 ) ;
#836 = DIRECTION ( 'NONE',  ( 0.000000000000000000, 0.000000000000000000, -1.000000000000000000 ) ) ;
#837 = DIRECTION ( 'NONE',  ( -0.000000000000000000, -0.000000000000000000, -1.000000000000000000 ) ) ;
#838 = EDGE_CURVE ( 'NONE', #923, #801, #1006, .T. ) ;
#839 = CARTESIAN_POINT ( 'NONE',  ( 43.73428289111403444, -25.25000000000020250, -30.00000000000000000 ) ) ;
#840 = ORIENTED_EDGE ( 'NONE', *, *, #321, .T. ) ;
#841 = VERTEX_POINT ( 'NONE', #732 ) ;
#842 = DIRECTION ( 'NONE',  ( -0.000000000000000000, -0.000000000000000000, -1.000000000000000000 ) ) ;
#843 = VECTOR ( 'NONE', #756, 1000.000000000000000 ) ;
#844 = CARTESIAN_POINT ( 'NONE',  ( -58.50000000000000000, 0.000000000000000000, 4.000000000000003553 ) ) ;
#845 = CARTESIAN_POINT ( 'NONE',  ( 42.46793658793590254, 32.75000000000196820, -30.00000000000000355 ) ) ;
#846 = AXIS2_PLACEMENT_3D ( 'NONE', #826, #722, #1157 ) ;
#847 = EDGE_CURVE ( 'NONE', #460, #130, #642, .T. ) ;
#848 = CYLINDRICAL_SURFACE ( 'NONE', #1184, 3.950000000000000178 ) ;
#849 = EDGE_LOOP ( 'NONE', ( #808, #1114, #1214, #980 ) ) ;
#850 = DIRECTION ( 'NONE',  ( -1.000000000000000000, 0.000000000000000000, 0.000000000000000000 ) ) ;
#851 = CARTESIAN_POINT ( 'NONE',  ( -10.00000000000000178, 0.000000000000000000, 4.000000000000000000 ) ) ;
#852 = DIRECTION ( 'NONE',  ( 0.000000000000000000, 0.000000000000000000, 1.000000000000000000 ) ) ;
#853 = MECHANICAL_DESIGN_GEOMETRIC_PRESENTATION_REPRESENTATION (  '', ( #1014 ), #1292 ) ;
#854 = AXIS2_PLACEMENT_3D ( 'NONE', #949, #79, #429 ) ;
#855 = EDGE_LOOP ( 'NONE', ( #988, #1167, #504, #790 ) ) ;
#856 = CARTESIAN_POINT ( 'NONE',  ( 53.73428289111407707, -25.25000000000020250, -30.00000000000000000 ) ) ;
#857 = VERTEX_POINT ( 'NONE', #1397 ) ;
#858 = CARTESIAN_POINT ( 'NONE',  ( 0.000000000000000000, 0.000000000000000000, 4.000000000000003553 ) ) ;
#859 = CARTESIAN_POINT ( 'NONE',  ( 36.23428289111403444, -25.25000000000020250, -30.00000000000000000 ) ) ;
#860 = CARTESIAN_POINT ( 'NONE',  ( -0.000000000000000000, 32.75000000000196820, 4.000000000000000000 ) ) ;
#861 = ORIENTED_EDGE ( 'NONE', *, *, #574, .T. ) ;
#862 =( LENGTH_UNIT ( ) NAMED_UNIT ( * ) SI_UNIT ( .MILLI., .METRE. ) );
#863 = CARTESIAN_POINT ( 'NONE',  ( 0.000000000000000000, 0.000000000000000000, 6.500000000000000888 ) ) ;
#864 = FACE_OUTER_BOUND ( 'NONE', #1007, .T. ) ;
#865 = CARTESIAN_POINT ( 'NONE',  ( 26.67210506462314967, 0.000000000000000000, 0.000000000000000000 ) ) ;
#866 = VECTOR ( 'NONE', #391, 1000.000000000000000 ) ;
#867 = ORIENTED_EDGE ( 'NONE', *, *, #147, .F. ) ;
#868 = CIRCLE ( 'NONE', #798, 10.00000000000006395 ) ;
#869 = ORIENTED_EDGE ( 'NONE', *, *, #1151, .T. ) ;
#870 = DIRECTION ( 'NONE',  ( 0.000000000000000000, 0.000000000000000000, -1.000000000000000000 ) ) ;
#871 = CARTESIAN_POINT ( 'NONE',  ( 0.000000000000000000, 0.000000000000000000, -30.00000000000000000 ) ) ;
#872 = DIRECTION ( 'NONE',  ( 0.000000000000000000, 0.000000000000000000, -1.000000000000000000 ) ) ;
#873 = ORIENTED_EDGE ( 'NONE', *, *, #680, .T. ) ;
#874 = ADVANCED_FACE ( 'NONE', ( #109, #516, #1389, #748, #83 ), #191, .T. ) ;
#875 = EDGE_LOOP ( 'NONE', ( #1265, #193 ) ) ;
#876 = LINE ( 'NONE', #306, #1073 ) ;
#877 = AXIS2_PLACEMENT_3D ( 'NONE', #7, #1301, #318 ) ;
#878 = ORIENTED_EDGE ( 'NONE', *, *, #1259, .F. ) ;
#879 = CONICAL_SURFACE ( 'NONE', #535, 60.50000000000019895, 0.2782996590051088903 ) ;
#880 = DIRECTION ( 'NONE',  ( -1.000000000000000000, 0.000000000000000000, 0.000000000000000000 ) ) ;
#881 = FILL_AREA_STYLE_COLOUR ( '', #36 ) ;
#882 = VERTEX_POINT ( 'NONE', #89 ) ;
#883 = ADVANCED_FACE ( 'NONE', ( #212 ), #951, .F. ) ;
#884 = ORIENTED_EDGE ( 'NONE', *, *, #593, .T. ) ;
#885 =( NAMED_UNIT ( * ) PLANE_ANGLE_UNIT ( ) SI_UNIT ( $, .RADIAN. ) );
#886 = VERTEX_POINT ( 'NONE', #221 ) ;
#887 = DIRECTION ( 'NONE',  ( 0.000000000000000000, -0.000000000000000000, -1.000000000000000000 ) ) ;
#888 = FACE_OUTER_BOUND ( 'NONE', #1100, .T. ) ;
#889 = ORIENTED_EDGE ( 'NONE', *, *, #299, .T. ) ;
#890 = EDGE_CURVE ( 'NONE', #45, #684, #418, .T. ) ;
#891 = AXIS2_PLACEMENT_3D ( 'NONE', #929, #366, #600 ) ;
#892 = ORIENTED_EDGE ( 'NONE', *, *, #1294, .F. ) ;
#893 = ADVANCED_FACE ( 'NONE', ( #411 ), #848, .F. ) ;
#894 = CARTESIAN_POINT ( 'NONE',  ( 58.50000000000000000, 7.164183775012014056E-15, 4.000000000000003553 ) ) ;
#895 = SURFACE_SIDE_STYLE ('',( #571 ) ) ;
#896 = ORIENTED_EDGE ( 'NONE', *, *, #838, .F. ) ;
#897 = EDGE_LOOP ( 'NONE', ( #1382, #1105, #192, #407 ) ) ;
#898 = VECTOR ( 'NONE', #579, 1000.000000000000000 ) ;
#899 = DIRECTION ( 'NONE',  ( -0.000000000000000000, -0.000000000000000000, -1.000000000000000000 ) ) ;
#900 = CARTESIAN_POINT ( 'NONE',  ( -43.73428289111437550, -25.24999999999958789, -30.00000000000000000 ) ) ;
#901 = CIRCLE ( 'NONE', #86, 10.00000000000003020 ) ;
#902 = ORIENTED_EDGE ( 'NONE', *, *, #472, .F. ) ;
#903 = DIRECTION ( 'NONE',  ( 0.000000000000000000, 0.000000000000000000, 1.000000000000000000 ) ) ;
#904 = CARTESIAN_POINT ( 'NONE',  ( 0.000000000000000000, 0.000000000000000000, 9.000000000000001776 ) ) ;
#905 = EDGE_CURVE ( 'NONE', #1039, #631, #1341, .T. ) ;
#906 = DIRECTION ( 'NONE',  ( 0.000000000000000000, 0.000000000000000000, 1.000000000000000000 ) ) ;
#907 = ORIENTED_EDGE ( 'NONE', *, *, #1080, .F. ) ;
#908 = DIRECTION ( 'NONE',  ( 0.000000000000000000, 0.000000000000000000, 1.000000000000000000 ) ) ;
#909 = VECTOR ( 'NONE', #932, 1000.000000000000000 ) ;
#910 = AXIS2_PLACEMENT_3D ( 'NONE', #492, #515, #398 ) ;
#911 = CARTESIAN_POINT ( 'NONE',  ( 37.67210506462317454, 21.75000000000196110, 0.000000000000000000 ) ) ;
#912 = CARTESIAN_POINT ( 'NONE',  ( 26.67210506462314967, 16.95416847668927574, 0.000000000000000000 ) ) ;
#913 = EDGE_LOOP ( 'NONE', ( #224, #1247 ) ) ;
#914 = EDGE_CURVE ( 'NONE', #211, #557, #1284, .T. ) ;
#915 = FACE_OUTER_BOUND ( 'NONE', #897, .T. ) ;
#916 = AXIS2_PLACEMENT_3D ( 'NONE', #1044, #171, #65 ) ;
#917 = DIRECTION ( 'NONE',  ( 1.000000000000000000, 0.000000000000000000, 0.000000000000000000 ) ) ;
#918 = CARTESIAN_POINT ( 'NONE',  ( 42.46793658793592385, 10.75000000000196643, 0.000000000000000000 ) ) ;
#919 = ORIENTED_EDGE ( 'NONE', *, *, #574, .F. ) ;
#920 = FACE_OUTER_BOUND ( 'NONE', #636, .T. ) ;
#921 = DIRECTION ( 'NONE',  ( -1.000000000000000000, 0.000000000000000000, 0.000000000000000000 ) ) ;
#922 = CARTESIAN_POINT ( 'NONE',  ( 66.49999999999998579, 8.143901214329898396E-15, 0.000000000000000000 ) ) ;
#923 = VERTEX_POINT ( 'NONE', #1188 ) ;
#924 = DIRECTION ( 'NONE',  ( 1.000000000000000000, 0.000000000000000000, 0.000000000000000000 ) ) ;
#925 = CARTESIAN_POINT ( 'NONE',  ( -36.23428289111437550, -25.24999999999958789, 0.000000000000000000 ) ) ;
#926 = DIRECTION ( 'NONE',  ( 0.000000000000000000, 0.000000000000000000, 1.000000000000000000 ) ) ;
#927 = ADVANCED_FACE ( 'NONE', ( #653 ), #1085, .T. ) ;
#928 = AXIS2_PLACEMENT_3D ( 'NONE', #205, #326, #510 ) ;
#929 = CARTESIAN_POINT ( 'NONE',  ( 0.000000000000000000, 0.000000000000000000, 6.500000000000000888 ) ) ;
#930 = CIRCLE ( 'NONE', #1207, 11.80000000000000249 ) ;
#931 = EDGE_LOOP ( 'NONE', ( #120, #645 ) ) ;
#932 = DIRECTION ( 'NONE',  ( -0.000000000000000000, -0.000000000000000000, 1.000000000000000000 ) ) ;
#933 = DIRECTION ( 'NONE',  ( 0.000000000000000000, 0.000000000000000000, 1.000000000000000000 ) ) ;
#934 = FACE_BOUND ( 'NONE', #1299, .T. ) ;
#935 = AXIS2_PLACEMENT_3D ( 'NONE', #1248, #832, #1020 ) ;
#936 = ORIENTED_EDGE ( 'NONE', *, *, #54, .F. ) ;
#937 = EDGE_LOOP ( 'NONE', ( #1187, #793 ) ) ;
#938 = AXIS2_PLACEMENT_3D ( 'NONE', #151, #584, #445 ) ;
#939 = AXIS2_PLACEMENT_3D ( 'NONE', #819, #933, #527 ) ;
#940 = CARTESIAN_POINT ( 'NONE',  ( -7.500000000000000000, 50.49999999999998579, 0.000000000000000000 ) ) ;
#941 = EDGE_CURVE ( 'NONE', #662, #305, #1300, .T. ) ;
#942 = CARTESIAN_POINT ( 'NONE',  ( -66.49999999999998579, 0.000000000000000000, 5.000000000000000000 ) ) ;
#943 = AXIS2_PLACEMENT_3D ( 'NONE', #900, #1103, #125 ) ;
#944 = DIRECTION ( 'NONE',  ( 0.000000000000000000, -0.000000000000000000, -1.000000000000000000 ) ) ;
#945 = ORIENTED_EDGE ( 'NONE', *, *, #847, .F. ) ;
#946 = ORIENTED_EDGE ( 'NONE', *, *, #235, .T. ) ;
#947 = EDGE_CURVE ( 'NONE', #1297, #3, #658, .T. ) ;
#948 = DIRECTION ( 'NONE',  ( 0.000000000000000000, 0.000000000000000000, 1.000000000000000000 ) ) ;
#949 = CARTESIAN_POINT ( 'NONE',  ( 1.654474470486828741E-12, -43.49999999999891998, -30.00000000000000355 ) ) ;
#950 = CARTESIAN_POINT ( 'NONE',  ( 0.000000000000000000, 0.000000000000000000, 5.000000000000000000 ) ) ;
#951 = CYLINDRICAL_SURFACE ( 'NONE', #1318, 58.50000000000000000 ) ;
#952 = ORIENTED_EDGE ( 'NONE', *, *, #393, .T. ) ;
#953 = AXIS2_PLACEMENT_3D ( 'NONE', #1092, #1051, #167 ) ;
#954 = CARTESIAN_POINT ( 'NONE',  ( 0.000000000000000000, 0.000000000000000000, 5.000000000000000000 ) ) ;
#955 = EDGE_CURVE ( 'NONE', #1282, #462, #1068, .T. ) ;
#956 = EDGE_LOOP ( 'NONE', ( #455, #1203, #783, #107 ) ) ;
#957 = DIRECTION ( 'NONE',  ( 1.000000000000000000, 0.000000000000000000, -0.000000000000000000 ) ) ;
#958 = VECTOR ( 'NONE', #1078, 1000.000000000000000 ) ;
#959 = VERTEX_POINT ( 'NONE', #180 ) ;
#960 = DIRECTION ( 'NONE',  ( 1.000000000000000000, 0.000000000000000000, 0.000000000000000000 ) ) ;
#961 = LINE ( 'NONE', #1069, #1041 ) ;
#962 = DIRECTION ( 'NONE',  ( 0.000000000000000000, 0.000000000000000000, 1.000000000000000000 ) ) ;
#963 = AXIS2_PLACEMENT_3D ( 'NONE', #691, #168, #1152 ) ;
#964 = CARTESIAN_POINT ( 'NONE',  ( 0.000000000000000000, 0.000000000000000000, 9.000000000000001776 ) ) ;
#965 = ADVANCED_FACE ( 'NONE', ( #187 ), #1158, .T. ) ;
#966 = CARTESIAN_POINT ( 'NONE',  ( 60.50000000000019895, 7.531577814756235277E-15, 47.00000000000000000 ) ) ;
#967 = CARTESIAN_POINT ( 'NONE',  ( 11.80000000000165805, -43.49999999999891998, 4.000000000000000000 ) ) ;
#968 = DIRECTION ( 'NONE',  ( 0.000000000000000000, 0.000000000000000000, 1.000000000000000000 ) ) ;
#969 = DIRECTION ( 'NONE',  ( 0.000000000000000000, 0.000000000000000000, 1.000000000000000000 ) ) ;
#970 = DIRECTION ( 'NONE',  ( 0.000000000000000000, 0.000000000000000000, 1.000000000000000000 ) ) ;
#971 = ORIENTED_EDGE ( 'NONE', *, *, #333, .F. ) ;
#972 = EDGE_CURVE ( 'NONE', #1004, #1075, #930, .T. ) ;
#973 = ORIENTED_EDGE ( 'NONE', *, *, #227, .F. ) ;
#974 = DIRECTION ( 'NONE',  ( -0.000000000000000000, -0.000000000000000000, -1.000000000000000000 ) ) ;
#975 = EDGE_CURVE ( 'NONE', #130, #1039, #595, .T. ) ;
#976 = DIRECTION ( 'NONE',  ( 1.000000000000000000, 0.000000000000000000, 0.000000000000000000 ) ) ;
#977 = DIRECTION ( 'NONE',  ( -0.000000000000000000, -0.000000000000000000, -1.000000000000000000 ) ) ;
#978 = ORIENTED_EDGE ( 'NONE', *, *, #1323, .T. ) ;
#979 = AXIS2_PLACEMENT_3D ( 'NONE', #1065, #944, #1060 ) ;
#980 = ORIENTED_EDGE ( 'NONE', *, *, #1242, .F. ) ;
#981 = AXIS2_PLACEMENT_3D ( 'NONE', #404, #837, #1163 ) ;
#982 = DIRECTION ( 'NONE',  ( 1.000000000000000000, 0.000000000000000000, 0.000000000000000000 ) ) ;
#983 = EDGE_LOOP ( 'NONE', ( #1370, #562, #430, #1286 ) ) ;
#984 = DIRECTION ( 'NONE',  ( 0.000000000000000000, 0.000000000000000000, 1.000000000000000000 ) ) ;
#985 = CARTESIAN_POINT ( 'NONE',  ( 43.73428289111403444, -25.25000000000020250, -30.00000000000000000 ) ) ;
#986 = EDGE_CURVE ( 'NONE', #718, #696, #228, .T. ) ;
#987 = CARTESIAN_POINT ( 'NONE',  ( 48.67210506462314612, 16.95416847668915139, 4.000000000000000000 ) ) ;
#988 = ORIENTED_EDGE ( 'NONE', *, *, #787, .T. ) ;
#989 = ORIENTED_EDGE ( 'NONE', *, *, #245, .T. ) ;
#990 = AXIS2_PLACEMENT_3D ( 'NONE', #160, #1365, #908 ) ;
#991 = CARTESIAN_POINT ( 'NONE',  ( 43.73428289111403444, -25.25000000000020250, -30.00000000000000000 ) ) ;
#992 = CIRCLE ( 'NONE', #605, 58.50000000000000000 ) ;
#993 = ORIENTED_EDGE ( 'NONE', *, *, #166, .T. ) ;
#994 = VECTOR ( 'NONE', #361, 1000.000000000000000 ) ;
#995 = EDGE_LOOP ( 'NONE', ( #564, #884, #225, #1131 ) ) ;
#996 = FACE_OUTER_BOUND ( 'NONE', #186, .T. ) ;
#997 = EDGE_CURVE ( 'NONE', #1399, #24, #547, .T. ) ;
#998 = VERTEX_POINT ( 'NONE', #280 ) ;
#999 = EDGE_CURVE ( 'NONE', #495, #726, #85, .T. ) ;
#1000 = DIRECTION ( 'NONE',  ( 1.000000000000000000, 0.000000000000000000, 0.000000000000000000 ) ) ;
#1001 = ORIENTED_EDGE ( 'NONE', *, *, #238, .T. ) ;
#1002 = CARTESIAN_POINT ( 'NONE',  ( -10.00000000000003020, 50.49999999999998579, -30.00000000000000000 ) ) ;
#1003 = FILL_AREA_STYLE ('',( #881 ) ) ;
#1004 = VERTEX_POINT ( 'NONE', #1047 ) ;
#1005 = ADVANCED_FACE ( 'NONE', ( #1255 ), #616, .F. ) ;
#1006 = CIRCLE ( 'NONE', #797, 3.950000000000000178 ) ;
#1007 = EDGE_LOOP ( 'NONE', ( #339, #1166, #226, #244 ) ) ;
#1008 = CARTESIAN_POINT ( 'NONE',  ( 0.000000000000000000, 0.000000000000000000, 47.00000000000000000 ) ) ;
#1009 = CARTESIAN_POINT ( 'NONE',  ( 36.23428289111403444, -25.25000000000020250, 0.000000000000000000 ) ) ;
#1010 = ORIENTED_EDGE ( 'NONE', *, *, #157, .F. ) ;
#1011 = AXIS2_PLACEMENT_3D ( 'NONE', #991, #1180, #335 ) ;
#1012 = CARTESIAN_POINT ( 'NONE',  ( -37.67210506462297559, 21.75000000000017408, 0.000000000000000000 ) ) ;
#1013 = EDGE_CURVE ( 'NONE', #959, #998, #664, .T. ) ;
#1014 = STYLED_ITEM ( 'NONE', ( #786 ), #709 ) ;
#1015 = AXIS2_PLACEMENT_3D ( 'NONE', #464, #1028, #155 ) ;
#1016 = DIRECTION ( 'NONE',  ( 0.000000000000000000, 0.000000000000000000, 1.000000000000000000 ) ) ;
#1017 = DIRECTION ( 'NONE',  ( 0.4999999999999920619, -0.8660254037844431485, 0.000000000000000000 ) ) ;
#1018 = CIRCLE ( 'NONE', #1330, 12.00000000000000355 ) ;
#1019 = ORIENTED_EDGE ( 'NONE', *, *, #175, .F. ) ;
#1020 = DIRECTION ( 'NONE',  ( 1.000000000000000000, 0.000000000000000000, 0.000000000000000000 ) ) ;
#1021 = FACE_OUTER_BOUND ( 'NONE', #760, .T. ) ;
#1022 = CARTESIAN_POINT ( 'NONE',  ( 0.000000000000000000, 50.49999999999998579, 0.000000000000000000 ) ) ;
#1023 = ORIENTED_EDGE ( 'NONE', *, *, #723, .T. ) ;
#1024 = FACE_OUTER_BOUND ( 'NONE', #259, .T. ) ;
#1025 = DIRECTION ( 'NONE',  ( 1.000000000000000000, 0.000000000000000000, 0.000000000000000000 ) ) ;
#1026 = AXIS2_PLACEMENT_3D ( 'NONE', #541, #4, #435 ) ;
#1027 = VECTOR ( 'NONE', #304, 1000.000000000000114 ) ;
#1028 = DIRECTION ( 'NONE',  ( 0.000000000000000000, 0.000000000000000000, 1.000000000000000000 ) ) ;
#1029 = LINE ( 'NONE', #621, #289 ) ;
#1030 = VERTEX_POINT ( 'NONE', #77 ) ;
#1031 = APPLICATION_PROTOCOL_DEFINITION ( 'draft international standard', 'automotive_design', 1998, #749 ) ;
#1032 = DIRECTION ( 'NONE',  ( 1.000000000000000000, 0.000000000000000000, 0.000000000000000000 ) ) ;
#1033 = LINE ( 'NONE', #606, #81 ) ;
#1034 = DIRECTION ( 'NONE',  ( 1.000000000000000000, 0.000000000000000000, 0.000000000000000000 ) ) ;
#1035 = CIRCLE ( 'NONE', #1235, 60.50000000000019895 ) ;
#1036 = LINE ( 'NONE', #38, #1328 ) ;
#1037 = DIRECTION ( 'NONE',  ( 0.000000000000000000, 0.000000000000000000, 1.000000000000000000 ) ) ;
#1038 = VECTOR ( 'NONE', #560, 1000.000000000000000 ) ;
#1039 = VERTEX_POINT ( 'NONE', #1149 ) ;
#1040 = CARTESIAN_POINT ( 'NONE',  ( -43.73428289111437550, -25.24999999999958789, -30.00000000000000000 ) ) ;
#1041 = VECTOR ( 'NONE', #1393, 1000.000000000000000 ) ;
#1042 = LINE ( 'NONE', #1339, #898 ) ;
#1043 = EDGE_CURVE ( 'NONE', #816, #1282, #835, .T. ) ;
#1044 = CARTESIAN_POINT ( 'NONE',  ( -43.73428289111437550, -25.24999999999958789, -30.00000000000000000 ) ) ;
#1045 = DIRECTION ( 'NONE',  ( -0.000000000000000000, 0.000000000000000000, 1.000000000000000000 ) ) ;
#1046 = VERTEX_POINT ( 'NONE', #603 ) ;
#1047 = CARTESIAN_POINT ( 'NONE',  ( 11.80000000000165805, -43.49999999999891998, 0.000000000000000000 ) ) ;
#1048 = CARTESIAN_POINT ( 'NONE',  ( 26.67210506462314967, 16.95416847668927574, 4.000000000000000000 ) ) ;
#1049 = FACE_OUTER_BOUND ( 'NONE', #931, .T. ) ;
#1050 = ORIENTED_EDGE ( 'NONE', *, *, #890, .F. ) ;
#1051 = DIRECTION ( 'NONE',  ( 0.000000000000000000, 0.000000000000000000, 1.000000000000000000 ) ) ;
#1052 = PLANE ( 'NONE',  #466 ) ;
#1053 = DIRECTION ( 'NONE',  ( -0.000000000000000000, 0.000000000000000000, -1.000000000000000000 ) ) ;
#1054 = DIRECTION ( 'NONE',  ( -1.000000000000000000, 0.000000000000000000, 0.000000000000000000 ) ) ;
#1055 = EDGE_CURVE ( 'NONE', #1066, #203, #73, .T. ) ;
#1056 = ORIENTED_EDGE ( 'NONE', *, *, #166, .F. ) ;
#1057 = CLOSED_SHELL ( 'NONE', ( #1005, #392, #74, #374, #827, #319, #582, #893, #343, #177, #573, #581, #1253, #702, #741, #874, #1136, #585, #208, #693, #883, #830, #788, #382, #720, #563, #1243, #30, #341, #1225, #268, #72, #158, #965, #640, #687, #381, #796, #402, #349, #1091, #927, #1306, #686, #332, #308, #100, #1223 ) ) ;
#1058 = DIRECTION ( 'NONE',  ( -0.000000000000000000, -0.000000000000000000, -1.000000000000000000 ) ) ;
#1059 = AXIS2_PLACEMENT_3D ( 'NONE', #1316, #357, #1017 ) ;
#1060 = DIRECTION ( 'NONE',  ( 0.5000000000000041078, 0.8660254037844361541, 0.000000000000000000 ) ) ;
#1061 = ORIENTED_EDGE ( 'NONE', *, *, #468, .T. ) ;
#1062 = ORIENTED_EDGE ( 'NONE', *, *, #124, .F. ) ;
#1063 = EDGE_CURVE ( 'NONE', #1112, #690, #868, .T. ) ;
#1064 = FACE_OUTER_BOUND ( 'NONE', #1206, .T. ) ;
#1065 = CARTESIAN_POINT ( 'NONE',  ( 43.73428289111403444, -25.25000000000020250, -30.00000000000000000 ) ) ;
#1066 = VERTEX_POINT ( 'NONE', #940 ) ;
#1067 = CARTESIAN_POINT ( 'NONE',  ( 0.000000000000000000, 0.000000000000000000, 5.000000000000000000 ) ) ;
#1068 = CIRCLE ( 'NONE', #953, 10.00000000000000178 ) ;
#1069 = CARTESIAN_POINT ( 'NONE',  ( -3.950000000000000178, 0.000000000000000000, 7.500000000000000000 ) ) ;
#1070 = CARTESIAN_POINT ( 'NONE',  ( 37.67210506462317454, 21.75000000000196110, -30.00000000000000355 ) ) ;
#1071 = ORIENTED_EDGE ( 'NONE', *, *, #393, .F. ) ;
#1072 = UNCERTAINTY_MEASURE_WITH_UNIT (LENGTH_MEASURE( 1.000000000000000082E-05 ), #1310, 'distance_accuracy_value', 'NONE');
#1073 = VECTOR ( 'NONE', #747, 1000.000000000000000 ) ;
#1074 = CARTESIAN_POINT ( 'NONE',  ( 0.000000000000000000, 32.75000000000196820, 0.000000000000000000 ) ) ;
#1075 = VERTEX_POINT ( 'NONE', #1340 ) ;
#1076 = DIRECTION ( 'NONE',  ( 0.000000000000000000, -1.000000000000000000, 0.000000000000000000 ) ) ;
#1077 = FACE_BOUND ( 'NONE', #198, .T. ) ;
#1078 = DIRECTION ( 'NONE',  ( 1.000000000000000000, 0.000000000000000000, 0.000000000000000000 ) ) ;
#1079 = AXIS2_PLACEMENT_3D ( 'NONE', #698, #1142, #501 ) ;
#1080 = EDGE_CURVE ( 'NONE', #662, #1317, #1381, .T. ) ;
#1081 = ORIENTED_EDGE ( 'NONE', *, *, #814, .F. ) ;
#1082 = CARTESIAN_POINT ( 'NONE',  ( -7.500000000000000000, 50.49999999999998579, -30.00000000000000000 ) ) ;
#1083 = EDGE_CURVE ( 'NONE', #313, #669, #154, .T. ) ;
#1084 = CIRCLE ( 'NONE', #813, 66.49999999999998579 ) ;
#1085 = PLANE ( 'NONE',  #1026 ) ;
#1086 = CARTESIAN_POINT ( 'NONE',  ( 48.67210506462314612, 16.95416847668915139, -30.00000000000000355 ) ) ;
#1087 = DIRECTION ( 'NONE',  ( 1.000000000000000000, 0.000000000000000000, 0.000000000000000000 ) ) ;
#1088 = EDGE_LOOP ( 'NONE', ( #25, #754 ) ) ;
#1089 = ORIENTED_EDGE ( 'NONE', *, *, #333, .T. ) ;
#1090 = ORIENTED_EDGE ( 'NONE', *, *, #463, .F. ) ;
#1091 = ADVANCED_FACE ( 'NONE', ( #135 ), #588, .F. ) ;
#1092 = CARTESIAN_POINT ( 'NONE',  ( 0.000000000000000000, 0.000000000000000000, 4.000000000000000000 ) ) ;
#1093 = FACE_OUTER_BOUND ( 'NONE', #31, .T. ) ;
#1094 = DIRECTION ( 'NONE',  ( 1.000000000000000000, 0.000000000000000000, -0.000000000000000000 ) ) ;
#1095 = EDGE_LOOP ( 'NONE', ( #1298, #889, #742, #1050 ) ) ;
#1096 = AXIS2_PLACEMENT_3D ( 'NONE', #624, #1155, #1032 ) ;
#1097 = VERTEX_POINT ( 'NONE', #47 ) ;
#1098 = AXIS2_PLACEMENT_3D ( 'NONE', #795, #461, #1025 ) ;
#1099 = CARTESIAN_POINT ( 'NONE',  ( 58.50000000000000000, 7.164183775012014056E-15, 47.00000000000000000 ) ) ;
#1100 = EDGE_LOOP ( 'NONE', ( #746, #676, #416, #173 ) ) ;
#1101 = PRODUCT_RELATED_PRODUCT_CATEGORY ( 'part', '', ( #1153 ) ) ;
#1102 = EDGE_LOOP ( 'NONE', ( #119, #10 ) ) ;
#1103 = DIRECTION ( 'NONE',  ( -0.000000000000000000, 0.000000000000000000, -1.000000000000000000 ) ) ;
#1104 = EDGE_CURVE ( 'NONE', #669, #322, #482, .T. ) ;
#1105 = ORIENTED_EDGE ( 'NONE', *, *, #1211, .T. ) ;
#1106 = ORIENTED_EDGE ( 'NONE', *, *, #147, .T. ) ;
#1107 = AXIS2_PLACEMENT_3D ( 'NONE', #871, #887, #328 ) ;
#1108 = ORIENTED_EDGE ( 'NONE', *, *, #272, .T. ) ;
#1109 = CARTESIAN_POINT ( 'NONE',  ( 37.67210506462317454, 21.75000000000196110, -30.00000000000000355 ) ) ;
#1110 = CARTESIAN_POINT ( 'NONE',  ( 37.67210506462317454, 21.75000000000196110, 0.000000000000000000 ) ) ;
#1111 = ORIENTED_EDGE ( 'NONE', *, *, #245, .F. ) ;
#1112 = VERTEX_POINT ( 'NONE', #1133 ) ;
#1113 = DIRECTION ( 'NONE',  ( 0.000000000000000000, 0.000000000000000000, 1.000000000000000000 ) ) ;
#1114 = ORIENTED_EDGE ( 'NONE', *, *, #43, .T. ) ;
#1115 = AXIS2_PLACEMENT_3D ( 'NONE', #1110, #1147, #184 ) ;
#1116 = CIRCLE ( 'NONE', #910, 12.00000000000000355 ) ;
#1117 = DIRECTION ( 'NONE',  ( 1.000000000000000000, 0.000000000000000000, 0.000000000000000000 ) ) ;
#1118 = PLANE ( 'NONE',  #789 ) ;
#1119 = VERTEX_POINT ( 'NONE', #812 ) ;
#1120 = CARTESIAN_POINT ( 'NONE',  ( -29.57210506462297417, 21.75000000000017408, 4.000000000000000000 ) ) ;
#1121 = AXIS2_PLACEMENT_3D ( 'NONE', #589, #1113, #575 ) ;
#1122 = AXIS2_PLACEMENT_3D ( 'NONE', #911, #1016, #1228 ) ;
#1123 = CARTESIAN_POINT ( 'NONE',  ( 32.87627354131042523, 10.75000000000196643, 0.000000000000000000 ) ) ;
#1124 = DIRECTION ( 'NONE',  ( -0.000000000000000000, -0.000000000000000000, -1.000000000000000000 ) ) ;
#1125 = AXIS2_PLACEMENT_3D ( 'NONE', #526, #842, #1087 ) ;
#1126 = ORIENTED_EDGE ( 'NONE', *, *, #447, .F. ) ;
#1127 = DIRECTION ( 'NONE',  ( -0.000000000000000000, -0.000000000000000000, -1.000000000000000000 ) ) ;
#1128 = EDGE_CURVE ( 'NONE', #882, #829, #730, .T. ) ;
#1129 = PLANE ( 'NONE',  #255 ) ;
#1130 = CARTESIAN_POINT ( 'NONE',  ( 0.000000000000000000, 0.000000000000000000, 0.000000000000000000 ) ) ;
#1131 = ORIENTED_EDGE ( 'NONE', *, *, #424, .F. ) ;
#1132 = CARTESIAN_POINT ( 'NONE',  ( -43.73428289111437550, -25.24999999999958789, 0.000000000000000000 ) ) ;
#1133 = CARTESIAN_POINT ( 'NONE',  ( -33.73428289111431155, -25.24999999999958789, -30.00000000000000000 ) ) ;
#1134 = AXIS2_PLACEMENT_3D ( 'NONE', #260, #697, #818 ) ;
#1135 = DIRECTION ( 'NONE',  ( 1.000000000000000000, 0.000000000000000000, 0.000000000000000000 ) ) ;
#1136 = ADVANCED_FACE ( 'NONE', ( #782 ), #1143, .T. ) ;
#1137 = LINE ( 'NONE', #377, #866 ) ;
#1138 = ORIENTED_EDGE ( 'NONE', *, *, #64, .T. ) ;
#1139 = DIRECTION ( 'NONE',  ( 0.000000000000000000, 0.000000000000000000, 1.000000000000000000 ) ) ;
#1140 = EDGE_CURVE ( 'NONE', #690, #1112, #118, .T. ) ;
#1141 = AXIS2_PLACEMENT_3D ( 'NONE', #1070, #962, #415 ) ;
#1142 = DIRECTION ( 'NONE',  ( -0.000000000000000000, -0.000000000000000000, -1.000000000000000000 ) ) ;
#1143 = CYLINDRICAL_SURFACE ( 'NONE', #434, 66.49999999999998579 ) ;
#1144 = AXIS2_PLACEMENT_3D ( 'NONE', #1213, #1124, #39 ) ;
#1145 = AXIS2_PLACEMENT_3D ( 'NONE', #1346, #1231, #371 ) ;
#1146 = CARTESIAN_POINT ( 'NONE',  ( -10.00000000000000178, 0.000000000000000000, 9.000000000000001776 ) ) ;
#1147 = DIRECTION ( 'NONE',  ( 0.000000000000000000, 0.000000000000000000, 1.000000000000000000 ) ) ;
#1148 = EDGE_LOOP ( 'NONE', ( #1337, #367 ) ) ;
#1149 = CARTESIAN_POINT ( 'NONE',  ( 51.23428289111403444, -25.25000000000020250, 0.000000000000000000 ) ) ;
#1150 = AXIS2_PLACEMENT_3D ( 'NONE', #248, #1325, #454 ) ;
#1151 = EDGE_CURVE ( 'NONE', #216, #776, #80, .T. ) ;
#1152 = DIRECTION ( 'NONE',  ( 1.000000000000000000, 0.000000000000000000, 0.000000000000000000 ) ) ;
#1153 = PRODUCT ( 'boden2', 'boden2', '', ( #386 ) ) ;
#1154 = EDGE_LOOP ( 'NONE', ( #672, #586, #140, #1001 ) ) ;
#1155 = DIRECTION ( 'NONE',  ( 0.000000000000000000, 0.000000000000000000, 1.000000000000000000 ) ) ;
#1156 = DIRECTION ( 'NONE',  ( -1.000000000000000000, 0.000000000000000000, -0.000000000000000000 ) ) ;
#1157 = DIRECTION ( 'NONE',  ( -1.000000000000000000, 0.000000000000000000, 0.000000000000000000 ) ) ;
#1158 = CONICAL_SURFACE ( 'NONE', #29, 10.00000000000004441, 0.1651486774146232184 ) ;
#1159 = VECTOR ( 'NONE', #719, 1000.000000000000000 ) ;
#1160 = ORIENTED_EDGE ( 'NONE', *, *, #227, .T. ) ;
#1161 = ORIENTED_EDGE ( 'NONE', *, *, #472, .T. ) ;
#1162 = DIRECTION ( 'NONE',  ( 0.000000000000000000, 0.000000000000000000, 1.000000000000000000 ) ) ;
#1163 = DIRECTION ( 'NONE',  ( -1.000000000000000000, 0.000000000000000000, 0.000000000000000000 ) ) ;
#1164 = CARTESIAN_POINT ( 'NONE',  ( 0.000000000000000000, 0.000000000000000000, 47.00000000000000000 ) ) ;
#1165 = AXIS2_PLACEMENT_3D ( 'NONE', #625, #969, #282 ) ;
#1166 = ORIENTED_EDGE ( 'NONE', *, *, #847, .T. ) ;
#1167 = ORIENTED_EDGE ( 'NONE', *, *, #396, .T. ) ;
#1168 = CIRCLE ( 'NONE', #559, 62.50000000000000000 ) ;
#1169 = FACE_OUTER_BOUND ( 'NONE', #340, .T. ) ;
#1170 = DIRECTION ( 'NONE',  ( 1.000000000000000000, 0.000000000000000000, 0.000000000000000000 ) ) ;
#1171 = CARTESIAN_POINT ( 'NONE',  ( 48.67210506462314612, 26.54583152331476370, -30.00000000000000355 ) ) ;
#1172 = CIRCLE ( 'NONE', #1195, 12.00000000000000355 ) ;
#1173 = CARTESIAN_POINT ( 'NONE',  ( 43.73428289111403444, -25.25000000000020250, 0.000000000000000000 ) ) ;
#1174 = EDGE_CURVE ( 'NONE', #1297, #557, #1116, .T. ) ;
#1175 = EDGE_LOOP ( 'NONE', ( #242, #394, #1161, #1237, #869, #1308, #757, #439 ) ) ;
#1176 = CARTESIAN_POINT ( 'NONE',  ( 10.00000000000003020, 50.49999999999998579, -30.00000000000000000 ) ) ;
#1177 = CARTESIAN_POINT ( 'NONE',  ( 0.000000000000000000, 0.000000000000000000, -30.00000000000000000 ) ) ;
#1178 = LINE ( 'NONE', #521, #1027 ) ;
#1179 = ORIENTED_EDGE ( 'NONE', *, *, #489, .F. ) ;
#1180 = DIRECTION ( 'NONE',  ( 0.000000000000000000, -0.000000000000000000, -1.000000000000000000 ) ) ;
#1181 = DIRECTION ( 'NONE',  ( 0.000000000000000000, 0.000000000000000000, 1.000000000000000000 ) ) ;
#1182 = ORIENTED_EDGE ( 'NONE', *, *, #905, .F. ) ;
#1183 = CARTESIAN_POINT ( 'NONE',  ( 37.67210506462317454, 21.75000000000196110, 4.000000000000000000 ) ) ;
#1184 = AXIS2_PLACEMENT_3D ( 'NONE', #1276, #317, #301 ) ;
#1185 = CARTESIAN_POINT ( 'NONE',  ( 0.000000000000000000, 0.000000000000000000, 9.000000000000001776 ) ) ;
#1186 = LINE ( 'NONE', #105, #1322 ) ;
#1187 = ORIENTED_EDGE ( 'NONE', *, *, #1193, .T. ) ;
#1188 = CARTESIAN_POINT ( 'NONE',  ( -3.950000000000000178, 0.000000000000000000, 6.500000000000000888 ) ) ;
#1189 = LINE ( 'NONE', #1086, #57 ) ;
#1190 = DIRECTION ( 'NONE',  ( -1.000000000000000000, 0.000000000000000000, 0.000000000000000000 ) ) ;
#1191 = ORIENTED_EDGE ( 'NONE', *, *, #1283, .T. ) ;
#1192 = AXIS2_PLACEMENT_3D ( 'NONE', #1132, #397, #587 ) ;
#1193 = EDGE_CURVE ( 'NONE', #530, #857, #291, .T. ) ;
#1194 = ORIENTED_EDGE ( 'NONE', *, *, #820, .F. ) ;
#1195 = AXIS2_PLACEMENT_3D ( 'NONE', #1280, #303, #744 ) ;
#1196 = EDGE_LOOP ( 'NONE', ( #1179, #1194 ) ) ;
#1197 = DIRECTION ( 'NONE',  ( 0.5000000000000041078, 0.8660254037844361541, 0.000000000000000000 ) ) ;
#1198 = PLANE ( 'NONE',  #1107 ) ;
#1199 = CARTESIAN_POINT ( 'NONE',  ( 0.000000000000000000, 0.000000000000000000, 5.000000000000000000 ) ) ;
#1200 = EDGE_LOOP ( 'NONE', ( #1290, #35 ) ) ;
#1201 = ORIENTED_EDGE ( 'NONE', *, *, #1242, .T. ) ;
#1202 = DIRECTION ( 'NONE',  ( -0.000000000000000000, -0.000000000000000000, -1.000000000000000000 ) ) ;
#1203 = ORIENTED_EDGE ( 'NONE', *, *, #1371, .T. ) ;
#1204 = EDGE_LOOP ( 'NONE', ( #615, #1258 ) ) ;
#1205 = DIRECTION ( 'NONE',  ( 0.000000000000000000, -0.000000000000000000, -1.000000000000000000 ) ) ;
#1206 = EDGE_LOOP ( 'NONE', ( #362, #1081, #861, #347 ) ) ;
#1207 = AXIS2_PLACEMENT_3D ( 'NONE', #395, #948, #174 ) ;
#1208 = ORIENTED_EDGE ( 'NONE', *, *, #91, .F. ) ;
#1209 = AXIS2_PLACEMENT_3D ( 'NONE', #210, #1281, #753 ) ;
#1210 = ORIENTED_EDGE ( 'NONE', *, *, #471, .T. ) ;
#1211 = EDGE_CURVE ( 'NONE', #557, #264, #283, .T. ) ;
#1212 = FACE_OUTER_BOUND ( 'NONE', #355, .T. ) ;
#1213 = CARTESIAN_POINT ( 'NONE',  ( 0.000000000000000000, 0.000000000000000000, 9.000000000000001776 ) ) ;
#1214 = ORIENTED_EDGE ( 'NONE', *, *, #32, .F. ) ;
#1215 = AXIS2_PLACEMENT_3D ( 'NONE', #904, #356, #917 ) ;
#1216 = ORIENTED_EDGE ( 'NONE', *, *, #1140, .T. ) ;
#1217 = VECTOR ( 'NONE', #1273, 1000.000000000000000 ) ;
#1218 = CARTESIAN_POINT ( 'NONE',  ( 53.73428289111407707, -25.25000000000020250, -30.00000000000000000 ) ) ;
#1219 = LINE ( 'NONE', #1229, #994 ) ;
#1220 = ORIENTED_EDGE ( 'NONE', *, *, #290, .F. ) ;
#1221 = CYLINDRICAL_SURFACE ( 'NONE', #56, 62.50000000000000000 ) ;
#1222 = DIRECTION ( 'NONE',  ( -0.000000000000000000, -0.000000000000000000, -1.000000000000000000 ) ) ;
#1223 = ADVANCED_FACE ( 'NONE', ( #607 ), #497, .F. ) ;
#1224 = ORIENTED_EDGE ( 'NONE', *, *, #941, .T. ) ;
#1225 = ADVANCED_FACE ( 'NONE', ( #266 ), #1249, .F. ) ;
#1226 = CIRCLE ( 'NONE', #681, 11.80000000000000249 ) ;
#1227 = VECTOR ( 'NONE', #1366, 1000.000000000000000 ) ;
#1228 = DIRECTION ( 'NONE',  ( 1.000000000000000000, 0.000000000000000000, 0.000000000000000000 ) ) ;
#1229 = CARTESIAN_POINT ( 'NONE',  ( -36.23428289111437550, -25.24999999999958789, -30.00000000000000000 ) ) ;
#1230 = EDGE_LOOP ( 'NONE', ( #279, #185 ) ) ;
#1231 = DIRECTION ( 'NONE',  ( 0.000000000000000000, 0.000000000000000000, 1.000000000000000000 ) ) ;
#1232 = AXIS2_PLACEMENT_3D ( 'NONE', #778, #667, #123 ) ;
#1233 = CARTESIAN_POINT ( 'NONE',  ( 1.654474470486828741E-12, -43.49999999999891998, 4.000000000000000000 ) ) ;
#1234 = FACE_OUTER_BOUND ( 'NONE', #1314, .T. ) ;
#1235 = AXIS2_PLACEMENT_3D ( 'NONE', #188, #1162, #1170 ) ;
#1236 = ORIENTED_EDGE ( 'NONE', *, *, #1386, .T. ) ;
#1237 = ORIENTED_EDGE ( 'NONE', *, *, #199, .T. ) ;
#1238 = SHAPE_DEFINITION_REPRESENTATION ( #78, #772 ) ;
#1239 = DIRECTION ( 'NONE',  ( 1.000000000000000000, 0.000000000000000000, 0.000000000000000000 ) ) ;
#1240 = DIRECTION ( 'NONE',  ( 0.000000000000000000, -1.000000000000000000, 0.000000000000000000 ) ) ;
#1241 = CARTESIAN_POINT ( 'NONE',  ( 0.000000000000000000, 0.000000000000000000, 47.00000000000000000 ) ) ;
#1242 = EDGE_CURVE ( 'NONE', #1297, #622, #288, .T. ) ;
#1243 = ADVANCED_FACE ( 'NONE', ( #507 ), #1360, .F. ) ;
#1244 = DIRECTION ( 'NONE',  ( 0.000000000000000000, 0.000000000000000000, 1.000000000000000000 ) ) ;
#1245 = LINE ( 'NONE', #44, #71 ) ;
#1246 = EDGE_LOOP ( 'NONE', ( #113, #423, #834, #775 ) ) ;
#1247 = ORIENTED_EDGE ( 'NONE', *, *, #133, .F. ) ;
#1248 = CARTESIAN_POINT ( 'NONE',  ( 37.67210506462317454, 21.75000000000196110, -30.00000000000000355 ) ) ;
#1249 = PLANE ( 'NONE',  #619 ) ;
#1250 = CIRCLE ( 'NONE', #204, 3.950000000000000178 ) ;
#1251 = DIRECTION ( 'NONE',  ( -1.000000000000000000, 0.000000000000000000, 0.000000000000000000 ) ) ;
#1252 = CARTESIAN_POINT ( 'NONE',  ( 0.000000000000000000, 50.49999999999998579, -30.00000000000000000 ) ) ;
#1253 = ADVANCED_FACE ( 'NONE', ( #182 ), #618, .T. ) ;
#1254 = ORIENTED_EDGE ( 'NONE', *, *, #489, .T. ) ;
#1255 = FACE_OUTER_BOUND ( 'NONE', #817, .T. ) ;
#1256 = DIRECTION ( 'NONE',  ( 0.5000000000000041078, 0.8660254037844361541, 0.000000000000000000 ) ) ;
#1257 = FACE_OUTER_BOUND ( 'NONE', #677, .T. ) ;
#1258 = ORIENTED_EDGE ( 'NONE', *, *, #1323, .F. ) ;
#1259 = EDGE_CURVE ( 'NONE', #330, #1311, #363, .T. ) ;
#1260 = CARTESIAN_POINT ( 'NONE',  ( 51.23428289111403444, -25.25000000000020250, -30.00000000000000000 ) ) ;
#1261 = CIRCLE ( 'NONE', #716, 10.00000000000004441 ) ;
#1262 = CARTESIAN_POINT ( 'NONE',  ( 33.73428289111399181, -25.25000000000020250, -30.00000000000000000 ) ) ;
#1263 = DIRECTION ( 'NONE',  ( 1.000000000000000000, 0.000000000000000000, 0.000000000000000000 ) ) ;
#1264 = DIRECTION ( 'NONE',  ( 0.1643989873053535167, 0.000000000000000000, 0.9863939238321443037 ) ) ;
#1265 = ORIENTED_EDGE ( 'NONE', *, *, #1356, .T. ) ;
#1266 = DIRECTION ( 'NONE',  ( 1.000000000000000000, 0.000000000000000000, 0.000000000000000000 ) ) ;
#1267 = CARTESIAN_POINT ( 'NONE',  ( 0.000000000000000000, 0.000000000000000000, 0.000000000000000000 ) ) ;
#1268 = VECTOR ( 'NONE', #286, 1000.000000000000000 ) ;
#1269 = FACE_OUTER_BOUND ( 'NONE', #250, .T. ) ;
#1270 = VECTOR ( 'NONE', #1275, 1000.000000000000000 ) ;
#1271 = EDGE_LOOP ( 'NONE', ( #152, #896, #1210, #90 ) ) ;
#1272 = ORIENTED_EDGE ( 'NONE', *, *, #723, .F. ) ;
#1273 = DIRECTION ( 'NONE',  ( -0.000000000000000000, -0.000000000000000000, -1.000000000000000000 ) ) ;
#1274 = FACE_OUTER_BOUND ( 'NONE', #875, .T. ) ;
#1275 = DIRECTION ( 'NONE',  ( 0.000000000000000000, 0.000000000000000000, 1.000000000000000000 ) ) ;
#1276 = CARTESIAN_POINT ( 'NONE',  ( 0.000000000000000000, 0.000000000000000000, 7.500000000000000000 ) ) ;
#1277 = CIRCLE ( 'NONE', #1303, 3.950000000000000178 ) ;
#1278 = ORIENTED_EDGE ( 'NONE', *, *, #890, .T. ) ;
#1279 = VECTOR ( 'NONE', #58, 1000.000000000000000 ) ;
#1280 = CARTESIAN_POINT ( 'NONE',  ( 37.67210506462317454, 21.75000000000196110, 4.000000000000000000 ) ) ;
#1281 = DIRECTION ( 'NONE',  ( 0.000000000000000000, -0.000000000000000000, -1.000000000000000000 ) ) ;
#1282 = VERTEX_POINT ( 'NONE', #539 ) ;
#1283 = EDGE_CURVE ( 'NONE', #829, #450, #1178, .T. ) ;
#1284 = LINE ( 'NONE', #1074, #843 ) ;
#1285 = EDGE_CURVE ( 'NONE', #130, #460, #410, .T. ) ;
#1286 = ORIENTED_EDGE ( 'NONE', *, *, #175, .T. ) ;
#1287 = CARTESIAN_POINT ( 'NONE',  ( -62.50000000000000000, 0.000000000000000000, 40.00000000000063238 ) ) ;
#1288 = LINE ( 'NONE', #865, #20 ) ;
#1289 = DIRECTION ( 'NONE',  ( -0.000000000000000000, 0.000000000000000000, 1.000000000000000000 ) ) ;
#1290 = ORIENTED_EDGE ( 'NONE', *, *, #972, .T. ) ;
#1291 = DIRECTION ( 'NONE',  ( 0.000000000000000000, 0.000000000000000000, 1.000000000000000000 ) ) ;
#1292 =( GEOMETRIC_REPRESENTATION_CONTEXT ( 3 ) GLOBAL_UNCERTAINTY_ASSIGNED_CONTEXT ( ( #1072 ) ) GLOBAL_UNIT_ASSIGNED_CONTEXT ( ( #1310, #725, #614 ) ) REPRESENTATION_CONTEXT ( 'NONE', 'WORKASPACE' ) );
#1293 = LINE ( 'NONE', #1002, #300 ) ;
#1294 = EDGE_CURVE ( 'NONE', #726, #841, #594, .T. ) ;
#1295 = DIRECTION ( 'NONE',  ( 0.000000000000000000, 0.000000000000000000, 1.000000000000000000 ) ) ;
#1296 = AXIS2_PLACEMENT_3D ( 'NONE', #597, #297, #1034 ) ;
#1297 = VERTEX_POINT ( 'NONE', #528 ) ;
#1298 = ORIENTED_EDGE ( 'NONE', *, *, #553, .F. ) ;
#1299 = EDGE_LOOP ( 'NONE', ( #936, #1358 ) ) ;
#1300 = LINE ( 'NONE', #115, #755 ) ;
#1301 = DIRECTION ( 'NONE',  ( 0.000000000000000000, 0.000000000000000000, 1.000000000000000000 ) ) ;
#1302 = DIRECTION ( 'NONE',  ( -0.000000000000000000, -0.000000000000000000, 1.000000000000000000 ) ) ;
#1303 = AXIS2_PLACEMENT_3D ( 'NONE', #69, #153, #41 ) ;
#1304 = ORIENTED_EDGE ( 'NONE', *, *, #542, .F. ) ;
#1305 = ORIENTED_EDGE ( 'NONE', *, *, #803, .F. ) ;
#1306 = ADVANCED_FACE ( 'NONE', ( #196 ), #745, .F. ) ;
#1307 = VECTOR ( 'NONE', #215, 1000.000000000000114 ) ;
#1308 = ORIENTED_EDGE ( 'NONE', *, *, #711, .T. ) ;
#1309 = CARTESIAN_POINT ( 'NONE',  ( -14.99999999999993072, 50.49999999999998579, 0.000000000000000000 ) ) ;
#1310 =( LENGTH_UNIT ( ) NAMED_UNIT ( * ) SI_UNIT ( .MILLI., .METRE. ) );
#1311 = VERTEX_POINT ( 'NONE', #99 ) ;
#1312 = ORIENTED_EDGE ( 'NONE', *, *, #32, .T. ) ;
#1313 = CARTESIAN_POINT ( 'NONE',  ( 3.950000000000000178, 4.837354856632045057E-16, 7.500000000000000000 ) ) ;
#1314 = EDGE_LOOP ( 'NONE', ( #1019, #60 ) ) ;
#1315 = DIRECTION ( 'NONE',  ( 1.000000000000000000, 0.000000000000000000, 0.000000000000000000 ) ) ;
#1316 = CARTESIAN_POINT ( 'NONE',  ( -43.73428289111437550, -25.24999999999958789, -30.00000000000000000 ) ) ;
#1317 = VERTEX_POINT ( 'NONE', #1394 ) ;
#1318 = AXIS2_PLACEMENT_3D ( 'NONE', #1380, #197, #644 ) ;
#1319 = CARTESIAN_POINT ( 'NONE',  ( 26.67210506462314967, 26.54583152331463936, -30.00000000000000355 ) ) ;
#1320 = ORIENTED_EDGE ( 'NONE', *, *, #1083, .F. ) ;
#1321 = EDGE_CURVE ( 'NONE', #750, #264, #422, .T. ) ;
#1322 = VECTOR ( 'NONE', #970, 1000.000000000000000 ) ;
#1323 = EDGE_CURVE ( 'NONE', #378, #305, #295, .T. ) ;
#1324 = CARTESIAN_POINT ( 'NONE',  ( -10.00000000000000178, 0.000000000000000000, 9.000000000000001776 ) ) ;
#1325 = DIRECTION ( 'NONE',  ( 0.000000000000000000, 0.000000000000000000, 1.000000000000000000 ) ) ;
#1326 = ORIENTED_EDGE ( 'NONE', *, *, #784, .F. ) ;
#1327 = AXIS2_PLACEMENT_3D ( 'NONE', #237, #906, #253 ) ;
#1328 = VECTOR ( 'NONE', #1244, 1000.000000000000000 ) ;
#1329 = ORIENTED_EDGE ( 'NONE', *, *, #238, .F. ) ;
#1330 = AXIS2_PLACEMENT_3D ( 'NONE', #1183, #743, #207 ) ;
#1331 = EDGE_CURVE ( 'NONE', #776, #886, #1186, .T. ) ;
#1332 = CARTESIAN_POINT ( 'NONE',  ( -7.500000000000000000, 50.49999999999998579, -30.00000000000000000 ) ) ;
#1333 = DIRECTION ( 'NONE',  ( -1.000000000000000000, 0.000000000000000000, 0.000000000000000000 ) ) ;
#1334 = ORIENTED_EDGE ( 'NONE', *, *, #1083, .T. ) ;
#1335 = CARTESIAN_POINT ( 'NONE',  ( 0.000000000000000000, 50.49999999999998579, -30.00000000000000000 ) ) ;
#1336 = LINE ( 'NONE', #346, #148 ) ;
#1337 = ORIENTED_EDGE ( 'NONE', *, *, #905, .T. ) ;
#1338 = EDGE_CURVE ( 'NONE', #801, #457, #651, .T. ) ;
#1339 = CARTESIAN_POINT ( 'NONE',  ( 7.500000000000000000, 50.49999999999998579, -30.00000000000000000 ) ) ;
#1340 = CARTESIAN_POINT ( 'NONE',  ( -11.79999999999834870, -43.49999999999891998, 0.000000000000000000 ) ) ;
#1341 = CIRCLE ( 'NONE', #183, 7.500000000000000888 ) ;
#1342 = VECTOR ( 'NONE', #372, 1000.000000000000000 ) ;
#1343 = LINE ( 'NONE', #34, #126 ) ;
#1344 = DIRECTION ( 'NONE',  ( -0.000000000000000000, -0.000000000000000000, 1.000000000000000000 ) ) ;
#1345 = ORIENTED_EDGE ( 'NONE', *, *, #1371, .F. ) ;
#1346 = CARTESIAN_POINT ( 'NONE',  ( 0.000000000000000000, 50.49999999999998579, -30.00000000000000000 ) ) ;
#1347 = CARTESIAN_POINT ( 'NONE',  ( 26.67210506462314967, 0.000000000000000000, 4.000000000000000000 ) ) ;
#1348 = AXIS2_PLACEMENT_3D ( 'NONE', #87, #836, #287 ) ;
#1349 = CIRCLE ( 'NONE', #509, 8.100000000000003197 ) ;
#1350 = CARTESIAN_POINT ( 'NONE',  ( 0.000000000000000000, 0.000000000000000000, 0.000000000000000000 ) ) ;
#1351 = DIRECTION ( 'NONE',  ( 1.000000000000000000, 0.000000000000000000, 0.000000000000000000 ) ) ;
#1352 = ORIENTED_EDGE ( 'NONE', *, *, #321, .F. ) ;
#1353 = DIRECTION ( 'NONE',  ( 0.000000000000000000, 0.000000000000000000, -1.000000000000000000 ) ) ;
#1354 = FACE_OUTER_BOUND ( 'NONE', #548, .T. ) ;
#1355 = CARTESIAN_POINT ( 'NONE',  ( 0.000000000000000000, 0.000000000000000000, 5.000000000000000000 ) ) ;
#1356 = EDGE_CURVE ( 'NONE', #21, #816, #670, .T. ) ;
#1357 = CARTESIAN_POINT ( 'NONE',  ( 0.000000000000000000, 0.000000000000000000, 5.000000000000000000 ) ) ;
#1358 = ORIENTED_EDGE ( 'NONE', *, *, #373, .F. ) ;
#1359 = PLANE ( 'NONE',  #673 ) ;
#1360 = CYLINDRICAL_SURFACE ( 'NONE', #846, 3.950000000000000178 ) ;
#1361 = AXIS2_PLACEMENT_3D ( 'NONE', #1252, #610, #1368 ) ;
#1362 = DIRECTION ( 'NONE',  ( 0.000000000000000000, 0.000000000000000000, -1.000000000000000000 ) ) ;
#1363 = VERTEX_POINT ( 'NONE', #441 ) ;
#1364 = DIRECTION ( 'NONE',  ( 0.000000000000000000, 0.000000000000000000, 1.000000000000000000 ) ) ;
#1365 = DIRECTION ( 'NONE',  ( -1.000000000000000000, 0.000000000000000000, 0.000000000000000000 ) ) ;
#1366 = DIRECTION ( 'NONE',  ( 1.000000000000000000, 0.000000000000000000, -0.000000000000000000 ) ) ;
#1367 = CIRCLE ( 'NONE', #1079, 15.00000000000000000 ) ;
#1368 = DIRECTION ( 'NONE',  ( -1.000000000000000000, 0.000000000000000000, 0.000000000000000000 ) ) ;
#1369 = ORIENTED_EDGE ( 'NONE', *, *, #529, .F. ) ;
#1370 = ORIENTED_EDGE ( 'NONE', *, *, #593, .F. ) ;
#1371 = EDGE_CURVE ( 'NONE', #998, #18, #663, .T. ) ;
#1372 = CYLINDRICAL_SURFACE ( 'NONE', #854, 11.80000000000000249 ) ;
#1373 = DIRECTION ( 'NONE',  ( -0.000000000000000000, -0.000000000000000000, -1.000000000000000000 ) ) ;
#1374 = CARTESIAN_POINT ( 'NONE',  ( 0.000000000000000000, 50.49999999999998579, -30.00000000000000000 ) ) ;
#1375 = ORIENTED_EDGE ( 'NONE', *, *, #1140, .F. ) ;
#1376 = ORIENTED_EDGE ( 'NONE', *, *, #724, .F. ) ;
#1377 = CARTESIAN_POINT ( 'NONE',  ( -37.67210506462297559, 21.75000000000017408, -30.00000000000000355 ) ) ;
#1378 = LINE ( 'NONE', #736, #327 ) ;
#1379 = AXIS2_PLACEMENT_3D ( 'NONE', #498, #1344, #828 ) ;
#1380 = CARTESIAN_POINT ( 'NONE',  ( 0.000000000000000000, 0.000000000000000000, 47.00000000000000000 ) ) ;
#1381 = CIRCLE ( 'NONE', #251, 8.100000000000003197 ) ;
#1382 = ORIENTED_EDGE ( 'NONE', *, *, #914, .T. ) ;
#1383 = DIRECTION ( 'NONE',  ( 0.000000000000000000, 0.000000000000000000, -1.000000000000000000 ) ) ;
#1384 = CARTESIAN_POINT ( 'NONE',  ( 3.950000000000000178, 4.837354856632045057E-16, 0.000000000000000000 ) ) ;
#1385 = DIRECTION ( 'NONE',  ( 1.000000000000000000, 0.000000000000000000, 0.000000000000000000 ) ) ;
#1386 = EDGE_CURVE ( 'NONE', #959, #406, #876, .T. ) ;
#1387 = EDGE_LOOP ( 'NONE', ( #368, #385 ) ) ;
#1388 = EDGE_CURVE ( 'NONE', #45, #1097, #555, .T. ) ;
#1389 = FACE_BOUND ( 'NONE', #1102, .T. ) ;
#1390 = AXIS2_PLACEMENT_3D ( 'NONE', #1335, #483, #921 ) ;
#1391 = VERTEX_POINT ( 'NONE', #1082 ) ;
#1392 = LINE ( 'NONE', #552, #1217 ) ;
#1393 = DIRECTION ( 'NONE',  ( -0.000000000000000000, -0.000000000000000000, -1.000000000000000000 ) ) ;
#1394 = CARTESIAN_POINT ( 'NONE',  ( -45.77210506462298412, 21.75000000000017408, 0.000000000000000000 ) ) ;
#1395 = AXIS2_PLACEMENT_3D ( 'NONE', #638, #977, #92 ) ;
#1396 = VERTEX_POINT ( 'NONE', #121 ) ;
#1397 = CARTESIAN_POINT ( 'NONE',  ( 66.49999999999998579, 8.143901214329898396E-15, 5.000000000000000000 ) ) ;
#1398 = EDGE_CURVE ( 'NONE', #203, #1066, #758, .T. ) ;
#1399 = VERTEX_POINT ( 'NONE', #431 ) ;
ENDSEC;
END-ISO-10303-21;
