ISO-10303-21;
HEADER;
FILE_DESCRIPTION (( 'STEP AP214' ),
    '1' );
FILE_NAME ('Kuppel.STEP',
    '2026-03-05T14:22:29',
    ( '' ),
    ( '' ),
    'SwSTEP 2.0',
    'SolidWorks 2023',
    '' );
FILE_SCHEMA (( 'AUTOMOTIVE_DESIGN' ));
ENDSEC;

DATA;
#1 = ORIENTED_EDGE ( 'NONE', *, *, #523, .F. ) ;
#2 = CARTESIAN_POINT ( 'NONE',  ( -18.13401488931532768, -31.61898170394517038, 42.00000000000000000 ) ) ;
#3 = AXIS2_PLACEMENT_3D ( 'NONE', #1465, #254, #1595 ) ;
#4 = EDGE_CURVE ( 'NONE', #1615, #524, #205, .T. ) ;
#5 = AXIS2_PLACEMENT_3D ( 'NONE', #1643, #146, #545 ) ;
#6 = DIRECTION ( 'NONE',  ( 1.000000000000000000, 0.000000000000000000, -0.000000000000000000 ) ) ;
#7 = ORIENTED_EDGE ( 'NONE', *, *, #387, .T. ) ;
#8 = CARTESIAN_POINT ( 'NONE',  ( 58.50000000000000000, 7.164183775012014056E-15, 47.00000000000000000 ) ) ;
#9 = EDGE_CURVE ( 'NONE', #265, #1068, #571, .T. ) ;
#10 = DIRECTION ( 'NONE',  ( 1.000000000000000000, 0.000000000000000000, 0.000000000000000000 ) ) ;
#11 = CIRCLE ( 'NONE', #781, 2.000000000000001776 ) ;
#12 = ORIENTED_EDGE ( 'NONE', *, *, #950, .T. ) ;
#13 = AXIS2_PLACEMENT_3D ( 'NONE', #755, #1282, #477 ) ;
#14 = CARTESIAN_POINT ( 'NONE',  ( 18.13401488930650274, 31.61898170393991592, 0.000000000000000000 ) ) ;
#15 = AXIS2_PLACEMENT_3D ( 'NONE', #1210, #541, #952 ) ;
#16 = DIRECTION ( 'NONE',  ( -1.000000000000000000, 0.000000000000000000, 0.000000000000000000 ) ) ;
#17 = EDGE_LOOP ( 'NONE', ( #766, #846 ) ) ;
#18 = CARTESIAN_POINT ( 'NONE',  ( -0.1049732852271832440, 36.44984884206245113, 0.000000000000000000 ) ) ;
#19 = CARTESIAN_POINT ( 'NONE',  ( -34.44984884206949260, -0.1049732852253997123, 3.999999999999996447 ) ) ;
#20 = EDGE_LOOP ( 'NONE', ( #27, #679 ) ) ;
#21 = EDGE_CURVE ( 'NONE', #812, #1711, #304, .T. ) ;
#22 = CARTESIAN_POINT ( 'NONE',  ( -16.13401488931532413, -31.61898170394517038, 3.999999999999996447 ) ) ;
#23 = CIRCLE ( 'NONE', #671, 2.000000000000001776 ) ;
#24 = EDGE_CURVE ( 'NONE', #1061, #1176, #1485, .T. ) ;
#25 = CARTESIAN_POINT ( 'NONE',  ( 25.39999999999999858, 3.110602869834276076E-15, 0.000000000000000000 ) ) ;
#26 = VECTOR ( 'NONE', #1012, 1000.000000000000000 ) ;
#27 = ORIENTED_EDGE ( 'NONE', *, *, #1674, .F. ) ;
#28 = CYLINDRICAL_SURFACE ( 'NONE', #1482, 2.000000000000001776 ) ;
#29 = VERTEX_POINT ( 'NONE', #451 ) ;
#30 = ORIENTED_EDGE ( 'NONE', *, *, #908, .T. ) ;
#31 = VECTOR ( 'NONE', #1008, 1000.000000000000000 ) ;
#32 = VECTOR ( 'NONE', #244, 1000.000000000000000 ) ;
#33 = DIRECTION ( 'NONE',  ( -0.000000000000000000, -0.000000000000000000, -1.000000000000000000 ) ) ;
#34 = DIRECTION ( 'NONE',  ( 0.000000000000000000, 0.000000000000000000, 1.000000000000000000 ) ) ;
#35 = DIRECTION ( 'NONE',  ( -0.000000000000000000, -0.000000000000000000, -1.000000000000000000 ) ) ;
#36 = ORIENTED_EDGE ( 'NONE', *, *, #1642, .F. ) ;
#37 = CARTESIAN_POINT ( 'NONE',  ( 62.50000000000000000, 7.654042494670956226E-15, 47.00000000000000000 ) ) ;
#38 = ORIENTED_EDGE ( 'NONE', *, *, #890, .T. ) ;
#39 = ORIENTED_EDGE ( 'NONE', *, *, #4, .F. ) ;
#40 = AXIS2_PLACEMENT_3D ( 'NONE', #1125, #706, #1373 ) ;
#41 = DIRECTION ( 'NONE',  ( 0.000000000000000000, 0.000000000000000000, 1.000000000000000000 ) ) ;
#42 = VECTOR ( 'NONE', #895, 1000.000000000000000 ) ;
#43 = EDGE_CURVE ( 'NONE', #501, #1113, #1333, .T. ) ;
#44 = DIRECTION ( 'NONE',  ( -0.000000000000000000, -0.000000000000000000, -1.000000000000000000 ) ) ;
#45 = ORIENTED_EDGE ( 'NONE', *, *, #1006, .T. ) ;
#46 = CARTESIAN_POINT ( 'NONE',  ( 29.61898170393811824, -18.13401488931353356, 3.999999999999996447 ) ) ;
#47 = ORIENTED_EDGE ( 'NONE', *, *, #1238, .F. ) ;
#48 = CARTESIAN_POINT ( 'NONE',  ( -44.63620667976827860, -23.74999999999766587, 0.000000000000000000 ) ) ;
#49 = CARTESIAN_POINT ( 'NONE',  ( 36.44984884206066766, 0.1049732852201437361, 3.999999999999996447 ) ) ;
#50 = AXIS2_PLACEMENT_3D ( 'NONE', #945, #688, #16 ) ;
#51 = ORIENTED_EDGE ( 'NONE', *, *, #1196, .T. ) ;
#52 = DIRECTION ( 'NONE',  ( -1.000000000000000000, 0.000000000000000000, 0.000000000000000000 ) ) ;
#53 = CARTESIAN_POINT ( 'NONE',  ( -58.50000000000000000, 0.000000000000000000, 47.00000000000000000 ) ) ;
#54 = EDGE_LOOP ( 'NONE', ( #1045, #699 ) ) ;
#55 = CIRCLE ( 'NONE', #1264, 3.500000000000731859 ) ;
#56 = CYLINDRICAL_SURFACE ( 'NONE', #1480, 1.999999999999998224 ) ;
#57 = EDGE_CURVE ( 'NONE', #1085, #1068, #1694, .T. ) ;
#58 = CARTESIAN_POINT ( 'NONE',  ( -3.500000000000000888, 47.50000000000000711, 42.00000000000000000 ) ) ;
#59 = DIRECTION ( 'NONE',  ( -1.000000000000000000, 0.000000000000000000, 0.000000000000000000 ) ) ;
#60 = ORIENTED_EDGE ( 'NONE', *, *, #260, .F. ) ;
#61 = EDGE_CURVE ( 'NONE', #1136, #1243, #1100, .T. ) ;
#62 = EDGE_LOOP ( 'NONE', ( #1497, #1073, #1684, #151 ) ) ;
#63 = ORIENTED_EDGE ( 'NONE', *, *, #1083, .F. ) ;
#64 = DIRECTION ( 'NONE',  ( -1.000000000000000000, 0.000000000000000000, 0.000000000000000000 ) ) ;
#65 = DIRECTION ( 'NONE',  ( -0.000000000000000000, -0.000000000000000000, -1.000000000000000000 ) ) ;
#66 = CARTESIAN_POINT ( 'NONE',  ( -25.39999999999999858, 0.000000000000000000, 3.999999999999996447 ) ) ;
#67 = CARTESIAN_POINT ( 'NONE',  ( -62.50000000000000000, 0.000000000000000000, 47.00000000000000000 ) ) ;
#68 = CARTESIAN_POINT ( 'NONE',  ( -18.13401488931532768, -31.61898170394517038, 42.00000000000000000 ) ) ;
#69 = AXIS2_PLACEMENT_3D ( 'NONE', #1416, #738, #1259 ) ;
#70 = ORIENTED_EDGE ( 'NONE', *, *, #1267, .F. ) ;
#71 = CYLINDRICAL_SURFACE ( 'NONE', #702, 2.000000000000001776 ) ;
#72 = EDGE_CURVE ( 'NONE', #1162, #643, #957, .T. ) ;
#73 = CARTESIAN_POINT ( 'NONE',  ( -41.13620667976487510, -23.74999999999766587, 42.00000000000000000 ) ) ;
#74 = EDGE_CURVE ( 'NONE', #828, #562, #162, .T. ) ;
#75 = ORIENTED_EDGE ( 'NONE', *, *, #705, .T. ) ;
#76 = DIRECTION ( 'NONE',  ( -0.000000000000000000, -0.000000000000000000, -1.000000000000000000 ) ) ;
#77 = CARTESIAN_POINT ( 'NONE',  ( 18.31583395274975246, -31.51400841872239411, 42.00000000000000000 ) ) ;
#78 = ORIENTED_EDGE ( 'NONE', *, *, #653, .T. ) ;
#79 = LINE ( 'NONE', #1151, #331 ) ;
#80 = DIRECTION ( 'NONE',  ( 1.000000000000000000, 0.000000000000000000, 0.000000000000000000 ) ) ;
#81 = EDGE_CURVE ( 'NONE', #799, #1148, #616, .T. ) ;
#82 = ORIENTED_EDGE ( 'NONE', *, *, #822, .F. ) ;
#83 = AXIS2_PLACEMENT_3D ( 'NONE', #861, #1258, #52 ) ;
#84 = FACE_BOUND ( 'NONE', #659, .T. ) ;
#85 = CARTESIAN_POINT ( 'NONE',  ( -31.61898170394698226, 18.13401488930826844, 42.00000000000000000 ) ) ;
#86 = CARTESIAN_POINT ( 'NONE',  ( 20.13401488930650274, 31.61898170393991592, 0.000000000000000000 ) ) ;
#87 = VECTOR ( 'NONE', #614, 1000.000000000000000 ) ;
#88 = VERTEX_POINT ( 'NONE', #195 ) ;
#89 = VECTOR ( 'NONE', #1477, 1000.000000000000000 ) ;
#90 = CYLINDRICAL_SURFACE ( 'NONE', #1383, 66.49999999999998579 ) ;
#91 = DIRECTION ( 'NONE',  ( -1.000000000000000000, 0.000000000000000000, 0.000000000000000000 ) ) ;
#92 = VERTEX_POINT ( 'NONE', #202 ) ;
#93 = FACE_BOUND ( 'NONE', #620, .T. ) ;
#94 = CIRCLE ( 'NONE', #809, 3.500000000002521983 ) ;
#95 = CARTESIAN_POINT ( 'NONE',  ( -41.13620667976487510, -23.74999999999766587, 3.999999999999996447 ) ) ;
#96 = ADVANCED_FACE ( 'NONE', ( #1563 ), #1542, .F. ) ;
#97 = ORIENTED_EDGE ( 'NONE', *, *, #1019, .F. ) ;
#98 = CIRCLE ( 'NONE', #605, 2.000000000000001776 ) ;
#99 = DIRECTION ( 'NONE',  ( 0.000000000000000000, 0.000000000000000000, 1.000000000000000000 ) ) ;
#100 = AXIS2_PLACEMENT_3D ( 'NONE', #449, #1380, #568 ) ;
#101 = ADVANCED_FACE ( 'NONE', ( #498 ), #71, .F. ) ;
#102 = DIRECTION ( 'NONE',  ( -0.000000000000000000, -0.000000000000000000, -1.000000000000000000 ) ) ;
#103 = VERTEX_POINT ( 'NONE', #345 ) ;
#104 = DIRECTION ( 'NONE',  ( 0.000000000000000000, 0.000000000000000000, 1.000000000000000000 ) ) ;
#105 = DIRECTION ( 'NONE',  ( 0.000000000000000000, 0.000000000000000000, -1.000000000000000000 ) ) ;
#106 = CARTESIAN_POINT ( 'NONE',  ( 0.000000000000000000, 0.000000000000000000, 40.00000000000063238 ) ) ;
#107 = ORIENTED_EDGE ( 'NONE', *, *, #335, .T. ) ;
#108 = DIRECTION ( 'NONE',  ( -1.000000000000000000, 0.000000000000000000, 0.000000000000000000 ) ) ;
#109 = CIRCLE ( 'NONE', #1315, 1.999999999999998224 ) ;
#110 = CARTESIAN_POINT ( 'NONE',  ( 33.61898170393812535, -18.13401488931353356, 3.999999999999996447 ) ) ;
#111 = ORIENTED_EDGE ( 'NONE', *, *, #1513, .F. ) ;
#112 = DIRECTION ( 'NONE',  ( 1.000000000000000000, 0.000000000000000000, 0.000000000000000000 ) ) ;
#113 = FACE_BOUND ( 'NONE', #640, .T. ) ;
#114 = DIRECTION ( 'NONE',  ( -1.000000000000000000, 0.000000000000000000, 0.000000000000000000 ) ) ;
#115 = CIRCLE ( 'NONE', #256, 62.50000000000000000 ) ;
#116 = EDGE_LOOP ( 'NONE', ( #418, #307 ) ) ;
#117 = AXIS2_PLACEMENT_3D ( 'NONE', #1426, #376, #1434 ) ;
#118 = DIRECTION ( 'NONE',  ( 0.000000000000000000, 0.000000000000000000, 1.000000000000000000 ) ) ;
#119 = EDGE_CURVE ( 'NONE', #336, #1402, #905, .T. ) ;
#120 = PRESENTATION_STYLE_ASSIGNMENT (( #1202 ) ) ;
#121 = EDGE_LOOP ( 'NONE', ( #564, #951, #1627, #1316 ) ) ;
#122 = DIRECTION ( 'NONE',  ( 0.000000000000000000, 0.000000000000000000, 1.000000000000000000 ) ) ;
#123 = ORIENTED_EDGE ( 'NONE', *, *, #130, .T. ) ;
#124 = CARTESIAN_POINT ( 'NONE',  ( -37.63620667976147161, -23.74999999999766587, 3.999999999999996447 ) ) ;
#125 = CIRCLE ( 'NONE', #633, 2.000000000000001776 ) ;
#126 = DIRECTION ( 'NONE',  ( -1.000000000000000000, 0.000000000000000000, 0.000000000000000000 ) ) ;
#127 = AXIS2_PLACEMENT_3D ( 'NONE', #1255, #986, #432 ) ;
#128 = EDGE_LOOP ( 'NONE', ( #1519, #290, #583, #931 ) ) ;
#129 = CARTESIAN_POINT ( 'NONE',  ( -16.31583395275860227, 31.51400841871716096, 3.999999999999996447 ) ) ;
#130 = EDGE_CURVE ( 'NONE', #1116, #1607, #1712, .T. ) ;
#131 = ORIENTED_EDGE ( 'NONE', *, *, #335, .F. ) ;
#132 = DIRECTION ( 'NONE',  ( 0.000000000000000000, 0.000000000000000000, 1.000000000000000000 ) ) ;
#133 = CIRCLE ( 'NONE', #1374, 3.500000000005468515 ) ;
#134 = EDGE_LOOP ( 'NONE', ( #239, #163 ) ) ;
#135 = ADVANCED_FACE ( 'NONE', ( #328 ), #356, .F. ) ;
#136 = CARTESIAN_POINT ( 'NONE',  ( -5.382673574888913610E-12, -47.50000000000000000, 42.00000000000000000 ) ) ;
#137 = ORIENTED_EDGE ( 'NONE', *, *, #877, .T. ) ;
#138 = DIRECTION ( 'NONE',  ( -1.000000000000000000, 0.000000000000000000, 0.000000000000000000 ) ) ;
#139 = CARTESIAN_POINT ( 'NONE',  ( -41.13620667976217504, 23.75000000000234124, 0.000000000000000000 ) ) ;
#140 = CARTESIAN_POINT ( 'NONE',  ( -18.31583395275860582, 31.51400841871716096, 0.000000000000000000 ) ) ;
#141 = VECTOR ( 'NONE', #1194, 1000.000000000000114 ) ;
#142 = ORIENTED_EDGE ( 'NONE', *, *, #790, .F. ) ;
#143 = LINE ( 'NONE', #1027, #1483 ) ;
#144 = DIRECTION ( 'NONE',  ( 1.000000000000000000, 0.000000000000000000, 0.000000000000000000 ) ) ;
#145 = ORIENTED_EDGE ( 'NONE', *, *, #1016, .F. ) ;
#146 = DIRECTION ( 'NONE',  ( 0.000000000000000000, 0.000000000000000000, 1.000000000000000000 ) ) ;
#147 = ORIENTED_EDGE ( 'NONE', *, *, #262, .T. ) ;
#148 = EDGE_CURVE ( 'NONE', #791, #1402, #559, .T. ) ;
#149 = DIRECTION ( 'NONE',  ( -0.000000000000000000, -0.000000000000000000, -1.000000000000000000 ) ) ;
#150 = ADVANCED_FACE ( 'NONE', ( #1442 ), #742, .F. ) ;
#151 = ORIENTED_EDGE ( 'NONE', *, *, #1715, .F. ) ;
#152 = CIRCLE ( 'NONE', #1366, 25.39999999999999858 ) ;
#153 = DIRECTION ( 'NONE',  ( 0.000000000000000000, 0.000000000000000000, -1.000000000000000000 ) ) ;
#154 = CARTESIAN_POINT ( 'NONE',  ( -25.39999999999999858, 0.000000000000000000, 0.000000000000000000 ) ) ;
#155 = EDGE_LOOP ( 'NONE', ( #1329, #1493, #925, #1246 ) ) ;
#156 = DIRECTION ( 'NONE',  ( 1.000000000000000000, 0.000000000000000000, 0.000000000000000000 ) ) ;
#157 = ORIENTED_EDGE ( 'NONE', *, *, #1642, .T. ) ;
#158 = VERTEX_POINT ( 'NONE', #603 ) ;
#159 = CARTESIAN_POINT ( 'NONE',  ( 41.13620667975951051, 23.74999999999764100, 42.00000000000000000 ) ) ;
#160 = AXIS2_PLACEMENT_3D ( 'NONE', #280, #696, #677 ) ;
#161 = DIRECTION ( 'NONE',  ( 0.000000000000000000, 0.000000000000000000, 1.000000000000000000 ) ) ;
#162 = CIRCLE ( 'NONE', #1013, 2.000000000000001776 ) ;
#163 = ORIENTED_EDGE ( 'NONE', *, *, #1478, .F. ) ;
#164 = CARTESIAN_POINT ( 'NONE',  ( -5.382673574888913610E-12, -47.50000000000000000, 3.999999999999996447 ) ) ;
#165 = ORIENTED_EDGE ( 'NONE', *, *, #283, .T. ) ;
#166 = EDGE_CURVE ( 'NONE', #439, #799, #79, .T. ) ;
#167 = VERTEX_POINT ( 'NONE', #642 ) ;
#168 = CIRCLE ( 'NONE', #456, 58.50000000000000000 ) ;
#169 = DIRECTION ( 'NONE',  ( 0.000000000000000000, 0.000000000000000000, -1.000000000000000000 ) ) ;
#170 = DIRECTION ( 'NONE',  ( -1.000000000000000000, 0.000000000000000000, 0.000000000000000000 ) ) ;
#171 = VECTOR ( 'NONE', #932, 1000.000000000000000 ) ;
#172 = ORIENTED_EDGE ( 'NONE', *, *, #1640, .F. ) ;
#173 = DIRECTION ( 'NONE',  ( -0.000000000000000000, -0.000000000000000000, -1.000000000000000000 ) ) ;
#174 = ORIENTED_EDGE ( 'NONE', *, *, #1369, .T. ) ;
#175 = UNCERTAINTY_MEASURE_WITH_UNIT (LENGTH_MEASURE( 1.000000000000000082E-05 ), #1220, 'distance_accuracy_value', 'NONE');
#176 = ORIENTED_EDGE ( 'NONE', *, *, #1713, .F. ) ;
#177 = AXIS2_PLACEMENT_3D ( 'NONE', #441, #1241, #312 ) ;
#178 = CARTESIAN_POINT ( 'NONE',  ( 0.1049732852183500320, -36.44984884206770914, 0.000000000000000000 ) ) ;
#179 = VECTOR ( 'NONE', #1354, 1000.000000000000000 ) ;
#180 = CARTESIAN_POINT ( 'NONE',  ( 18.13401488930650274, 31.61898170393991592, 42.00000000000000000 ) ) ;
#181 = CIRCLE ( 'NONE', #865, 2.000000000000000444 ) ;
#182 = DIRECTION ( 'NONE',  ( 1.000000000000000000, 0.000000000000000000, 0.000000000000000000 ) ) ;
#183 = DIRECTION ( 'NONE',  ( -1.000000000000000000, 0.000000000000000000, 0.000000000000000000 ) ) ;
#184 = DIRECTION ( 'NONE',  ( -1.000000000000000000, 0.000000000000000000, 0.000000000000000000 ) ) ;
#185 = EDGE_LOOP ( 'NONE', ( #1504, #1651, #107, #1222 ) ) ;
#186 = EDGE_CURVE ( 'NONE', #1378, #103, #1269, .T. ) ;
#187 = CARTESIAN_POINT ( 'NONE',  ( 38.44984884206066766, 0.1049732852201439859, 0.000000000000000000 ) ) ;
#188 = DIRECTION ( 'NONE',  ( -1.000000000000000000, 0.000000000000000000, 0.000000000000000000 ) ) ;
#189 = CIRCLE ( 'NONE', #872, 2.000000000000001776 ) ;
#190 = ADVANCED_FACE ( 'NONE', ( #621 ), #1031, .F. ) ;
#191 = CARTESIAN_POINT ( 'NONE',  ( 18.31583395274975246, -31.51400841872239411, 0.000000000000000000 ) ) ;
#192 = DIRECTION ( 'NONE',  ( 0.000000000000000000, 0.000000000000000000, 1.000000000000000000 ) ) ;
#193 = FACE_OUTER_BOUND ( 'NONE', #834, .T. ) ;
#194 = EDGE_LOOP ( 'NONE', ( #805, #707, #1407, #851 ) ) ;
#195 = CARTESIAN_POINT ( 'NONE',  ( -2.104973285227183855, 36.44984884206245113, 0.000000000000000000 ) ) ;
#196 = VECTOR ( 'NONE', #769, 1000.000000000000000 ) ;
#197 = CARTESIAN_POINT ( 'NONE',  ( 41.13620667975951051, 23.74999999999764100, 0.000000000000000000 ) ) ;
#198 = ORIENTED_EDGE ( 'NONE', *, *, #21, .F. ) ;
#199 = CARTESIAN_POINT ( 'NONE',  ( 41.13620667975951051, 23.74999999999764100, 3.999999999999996447 ) ) ;
#200 = LINE ( 'NONE', #317, #811 ) ;
#201 = EDGE_CURVE ( 'NONE', #1162, #1018, #795, .T. ) ;
#202 = CARTESIAN_POINT ( 'NONE',  ( 20.13401488930650274, 31.61898170393991592, 3.999999999999996447 ) ) ;
#203 = ADVANCED_FACE ( 'NONE', ( #218 ), #90, .T. ) ;
#204 = DIRECTION ( 'NONE',  ( 1.000000000000000000, 0.000000000000000000, 0.000000000000000000 ) ) ;
#205 = LINE ( 'NONE', #753, #1034 ) ;
#206 = CARTESIAN_POINT ( 'NONE',  ( 44.63620667976202583, 23.74999999999764100, 42.00000000000000000 ) ) ;
#207 = DIRECTION ( 'NONE',  ( -0.000000000000000000, -0.000000000000000000, -1.000000000000000000 ) ) ;
#208 = CIRCLE ( 'NONE', #751, 66.49999999999998579 ) ;
#209 = VERTEX_POINT ( 'NONE', #630 ) ;
#210 = ORIENTED_EDGE ( 'NONE', *, *, #1028, .F. ) ;
#211 = CARTESIAN_POINT ( 'NONE',  ( -20.13401488931532768, -31.61898170394517038, 42.00000000000000000 ) ) ;
#212 = LINE ( 'NONE', #1279, #87 ) ;
#213 = ORIENTED_EDGE ( 'NONE', *, *, #1221, .T. ) ;
#214 = FACE_BOUND ( 'NONE', #1524, .T. ) ;
#215 = CARTESIAN_POINT ( 'NONE',  ( 0.000000000000000000, 0.000000000000000000, 40.00000000000063238 ) ) ;
#216 = ORIENTED_EDGE ( 'NONE', *, *, #9, .F. ) ;
#217 = LINE ( 'NONE', #1334, #459 ) ;
#218 = FACE_OUTER_BOUND ( 'NONE', #185, .T. ) ;
#219 = SHAPE_DEFINITION_REPRESENTATION ( #735, #1341 ) ;
#220 = EDGE_CURVE ( 'NONE', #1338, #92, #768, .T. ) ;
#221 = CARTESIAN_POINT ( 'NONE',  ( 29.51400841871534908, 18.31583395275154658, 3.999999999999996447 ) ) ;
#222 = EDGE_CURVE ( 'NONE', #836, #1649, #800, .T. ) ;
#223 = EDGE_LOOP ( 'NONE', ( #1435, #964, #358, #1277 ) ) ;
#224 = AXIS2_PLACEMENT_3D ( 'NONE', #394, #383, #1451 ) ;
#225 = DIRECTION ( 'NONE',  ( 0.000000000000000000, 0.000000000000000000, 1.000000000000000000 ) ) ;
#226 = DIRECTION ( 'NONE',  ( 1.000000000000000000, 0.000000000000000000, 0.000000000000000000 ) ) ;
#227 = ORIENTED_EDGE ( 'NONE', *, *, #962, .F. ) ;
#228 = CYLINDRICAL_SURFACE ( 'NONE', #1692, 1.999999999999998224 ) ;
#229 = AXIS2_PLACEMENT_3D ( 'NONE', #249, #118, #1461 ) ;
#230 = AXIS2_PLACEMENT_3D ( 'NONE', #553, #1207, #427 ) ;
#231 = CARTESIAN_POINT ( 'NONE',  ( 41.13620667975679623, -23.75000000000234834, 42.00000000000000000 ) ) ;
#232 = ORIENTED_EDGE ( 'NONE', *, *, #770, .T. ) ;
#233 = DIRECTION ( 'NONE',  ( 0.000000000000000000, 0.000000000000000000, 1.000000000000000000 ) ) ;
#234 = FACE_BOUND ( 'NONE', #831, .T. ) ;
#235 = CARTESIAN_POINT ( 'NONE',  ( 18.31583395274975246, -31.51400841872239411, 0.000000000000000000 ) ) ;
#236 = ORIENTED_EDGE ( 'NONE', *, *, #243, .T. ) ;
#237 = CIRCLE ( 'NONE', #1225, 3.500000000004971135 ) ;
#238 = FACE_OUTER_BOUND ( 'NONE', #664, .T. ) ;
#239 = ORIENTED_EDGE ( 'NONE', *, *, #908, .F. ) ;
#240 = CIRCLE ( 'NONE', #100, 25.39999999999999858 ) ;
#241 = FILL_AREA_STYLE ('',( #683 ) ) ;
#242 = EDGE_LOOP ( 'NONE', ( #137, #463, #316, #940 ) ) ;
#243 = EDGE_CURVE ( 'NONE', #1038, #1116, #1741, .T. ) ;
#244 = DIRECTION ( 'NONE',  ( -0.000000000000000000, -0.000000000000000000, -1.000000000000000000 ) ) ;
#245 = CARTESIAN_POINT ( 'NONE',  ( -66.49999999999998579, 0.000000000000000000, 5.000000000000000000 ) ) ;
#246 = DIRECTION ( 'NONE',  ( 0.000000000000000000, 0.000000000000000000, 1.000000000000000000 ) ) ;
#247 = EDGE_CURVE ( 'NONE', #1367, #1191, #538, .T. ) ;
#248 = ORIENTED_EDGE ( 'NONE', *, *, #1514, .F. ) ;
#249 = CARTESIAN_POINT ( 'NONE',  ( 41.13620667975951051, 23.74999999999764100, 3.999999999999996447 ) ) ;
#250 = AXIS2_PLACEMENT_3D ( 'NONE', #1092, #1538, #422 ) ;
#251 = AXIS2_PLACEMENT_3D ( 'NONE', #758, #873, #1284 ) ;
#252 = CARTESIAN_POINT ( 'NONE',  ( 20.31583395274975246, -31.51400841872239411, 42.00000000000000000 ) ) ;
#253 = ORIENTED_EDGE ( 'NONE', *, *, #1709, .T. ) ;
#254 = DIRECTION ( 'NONE',  ( 0.000000000000000000, 0.000000000000000000, -1.000000000000000000 ) ) ;
#255 = FACE_BOUND ( 'NONE', #685, .T. ) ;
#256 = AXIS2_PLACEMENT_3D ( 'NONE', #1722, #1600, #815 ) ;
#257 = EDGE_LOOP ( 'NONE', ( #1193, #1035, #276, #778 ) ) ;
#258 = FACE_OUTER_BOUND ( 'NONE', #1429, .T. ) ;
#259 = CARTESIAN_POINT ( 'NONE',  ( 60.50000000000019895, 7.409113134841512751E-15, 47.00000000000000000 ) ) ;
#260 = EDGE_CURVE ( 'NONE', #1321, #974, #168, .T. ) ;
#261 = ORIENTED_EDGE ( 'NONE', *, *, #839, .T. ) ;
#262 = EDGE_CURVE ( 'NONE', #1705, #1590, #992, .T. ) ;
#263 = DIRECTION ( 'NONE',  ( 0.000000000000000000, 0.000000000000000000, -1.000000000000000000 ) ) ;
#264 = AXIS2_PLACEMENT_3D ( 'NONE', #1261, #569, #597 ) ;
#265 = VERTEX_POINT ( 'NONE', #110 ) ;
#266 = CARTESIAN_POINT ( 'NONE',  ( 0.000000000000000000, 0.000000000000000000, 0.000000000000000000 ) ) ;
#267 = AXIS2_PLACEMENT_3D ( 'NONE', #2, #379, #114 ) ;
#268 = CARTESIAN_POINT ( 'NONE',  ( -60.50000000000019895, 0.000000000000000000, 47.00000000000000000 ) ) ;
#269 = EDGE_CURVE ( 'NONE', #270, #1367, #594, .T. ) ;
#270 = VERTEX_POINT ( 'NONE', #374 ) ;
#271 = CARTESIAN_POINT ( 'NONE',  ( -31.61898170394698226, 18.13401488930826844, 3.999999999999996447 ) ) ;
#272 = ORIENTED_EDGE ( 'NONE', *, *, #890, .F. ) ;
#273 = FACE_OUTER_BOUND ( 'NONE', #1681, .T. ) ;
#274 = AXIS2_PLACEMENT_3D ( 'NONE', #1736, #953, #1630 ) ;
#275 = DIRECTION ( 'NONE',  ( 0.2747211278973756832, 3.364363499376717464E-17, -0.9615239476408238284 ) ) ;
#276 = ORIENTED_EDGE ( 'NONE', *, *, #416, .T. ) ;
#277 = ADVANCED_FACE ( 'NONE', ( #916 ), #1728, .F. ) ;
#278 = DIRECTION ( 'NONE',  ( -1.000000000000000000, 0.000000000000000000, 0.000000000000000000 ) ) ;
#279 = MANIFOLD_SOLID_BREP ( 'Schnitt-Linear austragen1', #1564 ) ;
#280 = CARTESIAN_POINT ( 'NONE',  ( -31.51400841872419178, -18.31583395275679749, 0.000000000000000000 ) ) ;
#281 = EDGE_CURVE ( 'NONE', #1147, #501, #1488, .T. ) ;
#282 = EDGE_LOOP ( 'NONE', ( #272, #845, #1235, #701 ) ) ;
#283 = EDGE_CURVE ( 'NONE', #1098, #1136, #1583, .T. ) ;
#284 = FACE_OUTER_BOUND ( 'NONE', #1521, .T. ) ;
#285 = AXIS2_PLACEMENT_3D ( 'NONE', #73, #1170, #1576 ) ;
#286 = CARTESIAN_POINT ( 'NONE',  ( 3.500000000000085709, -47.50000000000000000, 3.999999999999996447 ) ) ;
#287 = ORIENTED_EDGE ( 'NONE', *, *, #1573, .T. ) ;
#288 = DIRECTION ( 'NONE',  ( -1.000000000000000000, 0.000000000000000000, 0.000000000000000000 ) ) ;
#289 = DIRECTION ( 'NONE',  ( -0.000000000000000000, -0.000000000000000000, -1.000000000000000000 ) ) ;
#290 = ORIENTED_EDGE ( 'NONE', *, *, #21, .T. ) ;
#291 = CARTESIAN_POINT ( 'NONE',  ( 41.13620667975679623, -23.75000000000234834, 0.000000000000000000 ) ) ;
#292 = ORIENTED_EDGE ( 'NONE', *, *, #1199, .T. ) ;
#293 = CYLINDRICAL_SURFACE ( 'NONE', #339, 2.000000000000001776 ) ;
#294 = ORIENTED_EDGE ( 'NONE', *, *, #464, .F. ) ;
#295 = CARTESIAN_POINT ( 'NONE',  ( 18.13401488930650274, 31.61898170393991592, 3.999999999999996447 ) ) ;
#296 = CARTESIAN_POINT ( 'NONE',  ( -66.49999999999998579, 0.000000000000000000, 0.000000000000000000 ) ) ;
#297 = ORIENTED_EDGE ( 'NONE', *, *, #1422, .T. ) ;
#298 = FACE_OUTER_BOUND ( 'NONE', #1103, .T. ) ;
#299 = EDGE_CURVE ( 'NONE', #270, #363, #1740, .T. ) ;
#300 = ORIENTED_EDGE ( 'NONE', *, *, #4, .T. ) ;
#301 = VERTEX_POINT ( 'NONE', #1479 ) ;
#302 = CYLINDRICAL_SURFACE ( 'NONE', #1005, 62.50000000000000000 ) ;
#303 = CARTESIAN_POINT ( 'NONE',  ( 38.44984884206066766, 0.1049732852201439859, 3.999999999999996447 ) ) ;
#304 = LINE ( 'NONE', #715, #494 ) ;
#305 = ORIENTED_EDGE ( 'NONE', *, *, #705, .F. ) ;
#306 = DIRECTION ( 'NONE',  ( -0.000000000000000000, -0.000000000000000000, -1.000000000000000000 ) ) ;
#307 = ORIENTED_EDGE ( 'NONE', *, *, #518, .F. ) ;
#308 = ORIENTED_EDGE ( 'NONE', *, *, #1143, .T. ) ;
#309 = VECTOR ( 'NONE', #1273, 1000.000000000000000 ) ;
#310 = CARTESIAN_POINT ( 'NONE',  ( 31.61898170393812180, -18.13401488931353356, 3.999999999999996447 ) ) ;
#311 = EDGE_CURVE ( 'NONE', #840, #823, #1337, .T. ) ;
#312 = DIRECTION ( 'NONE',  ( 1.000000000000000000, 0.000000000000000000, -0.000000000000000000 ) ) ;
#313 = CIRCLE ( 'NONE', #1666, 62.50000000000000000 ) ;
#314 = CIRCLE ( 'NONE', #1217, 3.500000000003403056 ) ;
#315 = DIRECTION ( 'NONE',  ( 0.000000000000000000, 0.000000000000000000, -1.000000000000000000 ) ) ;
#316 = ORIENTED_EDGE ( 'NONE', *, *, #1016, .T. ) ;
#317 = CARTESIAN_POINT ( 'NONE',  ( 29.61898170393811824, -18.13401488931353356, 42.00000000000000000 ) ) ;
#318 = ORIENTED_EDGE ( 'NONE', *, *, #186, .T. ) ;
#319 = CIRCLE ( 'NONE', #1617, 58.50000000000000000 ) ;
#320 = DIRECTION ( 'NONE',  ( 0.000000000000000000, 0.000000000000000000, -1.000000000000000000 ) ) ;
#321 = EDGE_CURVE ( 'NONE', #1409, #167, #1582, .T. ) ;
#322 = AXIS2_PLACEMENT_3D ( 'NONE', #95, #492, #637 ) ;
#323 = CARTESIAN_POINT ( 'NONE',  ( -16.13401488931532413, -31.61898170394517038, 0.000000000000000000 ) ) ;
#324 = ORIENTED_EDGE ( 'NONE', *, *, #943, .T. ) ;
#325 = LINE ( 'NONE', #1678, #1551 ) ;
#326 = CYLINDRICAL_SURFACE ( 'NONE', #864, 62.50000000000000000 ) ;
#327 = EDGE_LOOP ( 'NONE', ( #544, #984 ) ) ;
#328 = FACE_OUTER_BOUND ( 'NONE', #577, .T. ) ;
#329 = DIRECTION ( 'NONE',  ( 0.000000000000000000, 0.000000000000000000, -1.000000000000000000 ) ) ;
#330 = CIRCLE ( 'NONE', #1680, 2.000000000000000444 ) ;
#331 = VECTOR ( 'NONE', #1304, 1000.000000000000000 ) ;
#332 = FACE_OUTER_BOUND ( 'NONE', #1572, .T. ) ;
#333 = EDGE_CURVE ( 'NONE', #1353, #771, #115, .T. ) ;
#334 = CARTESIAN_POINT ( 'NONE',  ( -37.63620667976147161, -23.74999999999766587, 42.00000000000000000 ) ) ;
#335 = EDGE_CURVE ( 'NONE', #507, #741, #397, .T. ) ;
#336 = VERTEX_POINT ( 'NONE', #1084 ) ;
#337 = DIRECTION ( 'NONE',  ( -1.000000000000000000, 0.000000000000000000, 0.000000000000000000 ) ) ;
#338 = DIRECTION ( 'NONE',  ( 1.000000000000000000, 0.000000000000000000, 0.000000000000000000 ) ) ;
#339 = AXIS2_PLACEMENT_3D ( 'NONE', #868, #1361, #588 ) ;
#340 = AXIS2_PLACEMENT_3D ( 'NONE', #1248, #34, #876 ) ;
#341 = DIRECTION ( 'NONE',  ( -1.000000000000000000, 0.000000000000000000, 0.000000000000000000 ) ) ;
#342 = CARTESIAN_POINT ( 'NONE',  ( -41.13620667976217504, 23.75000000000234124, 3.999999999999996447 ) ) ;
#343 = CARTESIAN_POINT ( 'NONE',  ( 60.50000000000019895, 7.531577814756235277E-15, 47.00000000000000000 ) ) ;
#344 = ORIENTED_EDGE ( 'NONE', *, *, #119, .F. ) ;
#345 = CARTESIAN_POINT ( 'NONE',  ( -29.51400841872418823, -18.31583395275679749, 0.000000000000000000 ) ) ;
#346 = FACE_OUTER_BOUND ( 'NONE', #413, .T. ) ;
#347 = CIRCLE ( 'NONE', #1339, 62.50000000000000000 ) ;
#348 = ORIENTED_EDGE ( 'NONE', *, *, #979, .F. ) ;
#349 = FACE_BOUND ( 'NONE', #1043, .T. ) ;
#350 = EDGE_CURVE ( 'NONE', #1147, #1635, #534, .T. ) ;
#351 = CARTESIAN_POINT ( 'NONE',  ( -20.31583395275860582, 31.51400841871716096, 0.000000000000000000 ) ) ;
#352 = AXIS2_PLACEMENT_3D ( 'NONE', #457, #153, #549 ) ;
#353 = VERTEX_POINT ( 'NONE', #286 ) ;
#354 = EDGE_CURVE ( 'NONE', #716, #591, #827, .T. ) ;
#355 = EDGE_LOOP ( 'NONE', ( #1010, #420, #7, #227 ) ) ;
#356 = CYLINDRICAL_SURFACE ( 'NONE', #393, 2.000000000000000444 ) ;
#357 = CARTESIAN_POINT ( 'NONE',  ( 33.51400841871534908, 18.31583395275154658, 42.00000000000000000 ) ) ;
#358 = ORIENTED_EDGE ( 'NONE', *, *, #1715, .T. ) ;
#359 = CIRCLE ( 'NONE', #1546, 2.000000000000001776 ) ;
#360 = FACE_BOUND ( 'NONE', #780, .T. ) ;
#361 = DIRECTION ( 'NONE',  ( -1.000000000000000000, 0.000000000000000000, 0.000000000000000000 ) ) ;
#362 = CARTESIAN_POINT ( 'NONE',  ( 18.13401488930650274, 31.61898170393991592, 42.00000000000000000 ) ) ;
#363 = VERTEX_POINT ( 'NONE', #546 ) ;
#364 = DIRECTION ( 'NONE',  ( -0.000000000000000000, -0.000000000000000000, -1.000000000000000000 ) ) ;
#365 = EDGE_LOOP ( 'NONE', ( #12, #318, #404, #39 ) ) ;
#366 = DIRECTION ( 'NONE',  ( 1.000000000000000000, 0.000000000000000000, 0.000000000000000000 ) ) ;
#367 = VECTOR ( 'NONE', #674, 1000.000000000000000 ) ;
#368 = FACE_BOUND ( 'NONE', #1440, .T. ) ;
#369 = CYLINDRICAL_SURFACE ( 'NONE', #663, 2.000000000000001776 ) ;
#370 = ORIENTED_EDGE ( 'NONE', *, *, #874, .T. ) ;
#371 = LINE ( 'NONE', #649, #171 ) ;
#372 = ORIENTED_EDGE ( 'NONE', *, *, #373, .F. ) ;
#373 = EDGE_CURVE ( 'NONE', #1254, #1527, #1610, .T. ) ;
#374 = CARTESIAN_POINT ( 'NONE',  ( -60.50000000000019895, 0.000000000000000000, 47.00000000000000000 ) ) ;
#375 = VERTEX_POINT ( 'NONE', #1134 ) ;
#376 = DIRECTION ( 'NONE',  ( 0.000000000000000000, 0.000000000000000000, 1.000000000000000000 ) ) ;
#377 = EDGE_CURVE ( 'NONE', #29, #1243, #728, .T. ) ;
#378 = CARTESIAN_POINT ( 'NONE',  ( 18.31583395274975246, -31.51400841872239411, 3.999999999999996447 ) ) ;
#379 = DIRECTION ( 'NONE',  ( -0.000000000000000000, -0.000000000000000000, -1.000000000000000000 ) ) ;
#380 = ORIENTED_EDGE ( 'NONE', *, *, #770, .F. ) ;
#381 = VECTOR ( 'NONE', #1487, 1000.000000000000000 ) ;
#382 = CARTESIAN_POINT ( 'NONE',  ( -38.44984884206949971, -0.1049732852253999482, 42.00000000000000000 ) ) ;
#383 = DIRECTION ( 'NONE',  ( -0.000000000000000000, -0.000000000000000000, -1.000000000000000000 ) ) ;
#384 = ORIENTED_EDGE ( 'NONE', *, *, #537, .T. ) ;
#385 = DIRECTION ( 'NONE',  ( 1.000000000000000000, 0.000000000000000000, 0.000000000000000000 ) ) ;
#386 = CARTESIAN_POINT ( 'NONE',  ( 0.000000000000000000, 47.50000000000000711, 42.00000000000000000 ) ) ;
#387 = EDGE_CURVE ( 'NONE', #959, #375, #880, .T. ) ;
#388 = ORIENTED_EDGE ( 'NONE', *, *, #464, .T. ) ;
#389 = DIRECTION ( 'NONE',  ( -0.000000000000000000, -0.000000000000000000, -1.000000000000000000 ) ) ;
#390 = AXIS2_PLACEMENT_3D ( 'NONE', #662, #1365, #1233 ) ;
#391 = EDGE_LOOP ( 'NONE', ( #1332, #380 ) ) ;
#392 = ADVANCED_FACE ( 'NONE', ( #878 ), #293, .F. ) ;
#393 = AXIS2_PLACEMENT_3D ( 'NONE', #889, #883, #1425 ) ;
#394 = CARTESIAN_POINT ( 'NONE',  ( -41.13620667976217504, 23.75000000000234124, 42.00000000000000000 ) ) ;
#395 = ORIENTED_EDGE ( 'NONE', *, *, #1459, .T. ) ;
#396 = DIRECTION ( 'NONE',  ( -0.000000000000000000, -0.000000000000000000, -1.000000000000000000 ) ) ;
#397 = CIRCLE ( 'NONE', #1663, 66.49999999999998579 ) ;
#398 = ORIENTED_EDGE ( 'NONE', *, *, #1019, .T. ) ;
#399 = ORIENTED_EDGE ( 'NONE', *, *, #1072, .F. ) ;
#400 = CARTESIAN_POINT ( 'NONE',  ( -44.63620667976290690, 23.75000000000234124, 3.999999999999996447 ) ) ;
#401 = EDGE_CURVE ( 'NONE', #209, #657, #1394, .T. ) ;
#402 = DIRECTION ( 'NONE',  ( 1.000000000000000000, 0.000000000000000000, 0.000000000000000000 ) ) ;
#403 = AXIS2_PLACEMENT_3D ( 'NONE', #666, #1201, #530 ) ;
#404 = ORIENTED_EDGE ( 'NONE', *, *, #595, .T. ) ;
#405 = AXIS2_PLACEMENT_3D ( 'NONE', #736, #1262, #1739 ) ;
#406 = CYLINDRICAL_SURFACE ( 'NONE', #1463, 3.500000000005468515 ) ;
#407 = AXIS2_PLACEMENT_3D ( 'NONE', #1526, #727, #1382 ) ;
#408 = ORIENTED_EDGE ( 'NONE', *, *, #201, .F. ) ;
#409 = LINE ( 'NONE', #948, #381 ) ;
#410 = AXIS2_PLACEMENT_3D ( 'NONE', #1385, #1665, #1265 ) ;
#411 = DIRECTION ( 'NONE',  ( 1.000000000000000000, 0.000000000000000000, 0.000000000000000000 ) ) ;
#412 = CIRCLE ( 'NONE', #352, 2.000000000000001776 ) ;
#413 = EDGE_LOOP ( 'NONE', ( #1101, #236, #123, #213 ) ) ;
#414 = EDGE_CURVE ( 'NONE', #1371, #661, #325, .T. ) ;
#415 = CARTESIAN_POINT ( 'NONE',  ( 36.44984884206066766, 0.1049732852201437361, 3.999999999999996447 ) ) ;
#416 = EDGE_CURVE ( 'NONE', #363, #1353, #1403, .T. ) ;
#417 = DIRECTION ( 'NONE',  ( 0.000000000000000000, 0.000000000000000000, 1.000000000000000000 ) ) ;
#418 = ORIENTED_EDGE ( 'NONE', *, *, #950, .F. ) ;
#419 = CYLINDRICAL_SURFACE ( 'NONE', #1387, 3.500000000000000888 ) ;
#420 = ORIENTED_EDGE ( 'NONE', *, *, #1537, .T. ) ;
#421 = AXIS2_PLACEMENT_3D ( 'NONE', #656, #513, #1559 ) ;
#422 = DIRECTION ( 'NONE',  ( -1.000000000000000000, 0.000000000000000000, 0.000000000000000000 ) ) ;
#423 = ORIENTED_EDGE ( 'NONE', *, *, #433, .T. ) ;
#424 = LINE ( 'NONE', #960, #467 ) ;
#425 = CARTESIAN_POINT ( 'NONE',  ( -29.61898170394697871, 18.13401488930826844, 0.000000000000000000 ) ) ;
#426 = VERTEX_POINT ( 'NONE', #958 ) ;
#427 = DIRECTION ( 'NONE',  ( -1.000000000000000000, 0.000000000000000000, 0.000000000000000000 ) ) ;
#428 = AXIS2_PLACEMENT_3D ( 'NONE', #1566, #632, #80 ) ;
#429 = CARTESIAN_POINT ( 'NONE',  ( -1.895026714781650412, -36.44984884206770914, 42.00000000000000000 ) ) ;
#430 = EDGE_CURVE ( 'NONE', #29, #1098, #1292, .T. ) ;
#431 = EDGE_LOOP ( 'NONE', ( #1301, #486, #253, #756 ) ) ;
#432 = DIRECTION ( 'NONE',  ( -1.000000000000000000, 0.000000000000000000, 0.000000000000000000 ) ) ;
#433 = EDGE_CURVE ( 'NONE', #1527, #591, #1671, .T. ) ;
#434 = DIRECTION ( 'NONE',  ( -0.000000000000000000, -0.000000000000000000, -1.000000000000000000 ) ) ;
#435 = ORIENTED_EDGE ( 'NONE', *, *, #81, .T. ) ;
#436 = CARTESIAN_POINT ( 'NONE',  ( -36.44984884206949971, -0.1049732852253999482, 42.00000000000000000 ) ) ;
#437 = ORIENTED_EDGE ( 'NONE', *, *, #247, .F. ) ;
#438 = APPLICATION_CONTEXT ( 'automotive_design' ) ;
#439 = VERTEX_POINT ( 'NONE', #19 ) ;
#440 = CARTESIAN_POINT ( 'NONE',  ( -31.61898170394698226, 18.13401488930826844, 42.00000000000000000 ) ) ;
#441 = CARTESIAN_POINT ( 'NONE',  ( 0.000000000000000000, 0.000000000000000000, 47.00000000000000000 ) ) ;
#442 = CARTESIAN_POINT ( 'NONE',  ( 33.61898170393812535, -18.13401488931353356, 42.00000000000000000 ) ) ;
#443 = ORIENTED_EDGE ( 'NONE', *, *, #983, .F. ) ;
#444 = CARTESIAN_POINT ( 'NONE',  ( -29.51400841872418823, -18.31583395275679749, 3.999999999999996447 ) ) ;
#445 = VERTEX_POINT ( 'NONE', #1505 ) ;
#446 = ADVANCED_FACE ( 'NONE', ( #737 ), #461, .F. ) ;
#447 = ADVANCED_FACE ( 'NONE', ( #332 ), #997, .F. ) ;
#448 = ORIENTED_EDGE ( 'NONE', *, *, #1478, .T. ) ;
#449 = CARTESIAN_POINT ( 'NONE',  ( 0.000000000000000000, 0.000000000000000000, 0.000000000000000000 ) ) ;
#450 = CARTESIAN_POINT ( 'NONE',  ( -5.382673574888913610E-12, -47.50000000000000000, 42.00000000000000000 ) ) ;
#451 = CARTESIAN_POINT ( 'NONE',  ( -37.63620667976144318, 23.75000000000234124, 3.999999999999996447 ) ) ;
#452 = ORIENTED_EDGE ( 'NONE', *, *, #414, .F. ) ;
#453 = DIRECTION ( 'NONE',  ( -1.000000000000000000, 0.000000000000000000, 0.000000000000000000 ) ) ;
#454 = ORIENTED_EDGE ( 'NONE', *, *, #822, .T. ) ;
#455 = EDGE_CURVE ( 'NONE', #1030, #1711, #23, .T. ) ;
#456 = AXIS2_PLACEMENT_3D ( 'NONE', #1592, #1325, #517 ) ;
#457 = CARTESIAN_POINT ( 'NONE',  ( 31.51400841871534908, 18.31583395275154658, 0.000000000000000000 ) ) ;
#458 = CARTESIAN_POINT ( 'NONE',  ( -34.44984884206949260, -0.1049732852253997123, 0.000000000000000000 ) ) ;
#459 = VECTOR ( 'NONE', #765, 1000.000000000000000 ) ;
#460 = CIRCLE ( 'NONE', #1510, 3.500000000004971135 ) ;
#461 = CYLINDRICAL_SURFACE ( 'NONE', #954, 3.500000000004971135 ) ;
#462 = CARTESIAN_POINT ( 'NONE',  ( 0.000000000000000000, 0.000000000000000000, 47.00000000000000000 ) ) ;
#463 = ORIENTED_EDGE ( 'NONE', *, *, #703, .T. ) ;
#464 = EDGE_CURVE ( 'NONE', #88, #1188, #330, .T. ) ;
#465 = AXIS2_PLACEMENT_3D ( 'NONE', #1528, #1395, #184 ) ;
#466 = LINE ( 'NONE', #987, #944 ) ;
#467 = VECTOR ( 'NONE', #832, 1000.000000000000000 ) ;
#468 = EDGE_CURVE ( 'NONE', #808, #836, #754, .T. ) ;
#469 = DIRECTION ( 'NONE',  ( -1.000000000000000000, 0.000000000000000000, 0.000000000000000000 ) ) ;
#470 = LINE ( 'NONE', #334, #490 ) ;
#471 = ORIENTED_EDGE ( 'NONE', *, *, #888, .F. ) ;
#472 = CARTESIAN_POINT ( 'NONE',  ( -41.13620667976487510, -23.74999999999766587, 3.999999999999996447 ) ) ;
#473 = DIRECTION ( 'NONE',  ( 1.000000000000000000, 0.000000000000000000, 0.000000000000000000 ) ) ;
#474 = AXIS2_PLACEMENT_3D ( 'NONE', #1319, #105, #1587 ) ;
#475 = AXIS2_PLACEMENT_3D ( 'NONE', #231, #611, #1432 ) ;
#476 = CARTESIAN_POINT ( 'NONE',  ( 36.44984884206066766, 0.1049732852201437361, 0.000000000000000000 ) ) ;
#477 = DIRECTION ( 'NONE',  ( 1.000000000000000000, 0.000000000000000000, 0.000000000000000000 ) ) ;
#478 = ORIENTED_EDGE ( 'NONE', *, *, #24, .T. ) ;
#479 = CARTESIAN_POINT ( 'NONE',  ( 31.51400841871534908, 18.31583395275154658, 42.00000000000000000 ) ) ;
#480 = AXIS2_PLACEMENT_3D ( 'NONE', #807, #509, #821 ) ;
#481 = DIRECTION ( 'NONE',  ( -0.000000000000000000, -0.000000000000000000, -1.000000000000000000 ) ) ;
#482 = EDGE_CURVE ( 'NONE', #562, #828, #733, .T. ) ;
#483 = EDGE_LOOP ( 'NONE', ( #600, #423, #75, #210 ) ) ;
#484 = FACE_BOUND ( 'NONE', #1003, .T. ) ;
#485 = DIRECTION ( 'NONE',  ( 0.000000000000000000, 0.000000000000000000, -1.000000000000000000 ) ) ;
#486 = ORIENTED_EDGE ( 'NONE', *, *, #790, .T. ) ;
#487 = DIRECTION ( 'NONE',  ( -0.000000000000000000, -0.000000000000000000, -1.000000000000000000 ) ) ;
#488 = VECTOR ( 'NONE', #1517, 1000.000000000000000 ) ;
#489 = CARTESIAN_POINT ( 'NONE',  ( 33.51400841871534908, 18.31583395275154658, 3.999999999999996447 ) ) ;
#490 = VECTOR ( 'NONE', #306, 1000.000000000000000 ) ;
#491 = FACE_BOUND ( 'NONE', #1453, .T. ) ;
#492 = DIRECTION ( 'NONE',  ( 0.000000000000000000, 0.000000000000000000, 1.000000000000000000 ) ) ;
#493 = AXIS2_PLACEMENT_3D ( 'NONE', #1223, #1095, #1628 ) ;
#494 = VECTOR ( 'NONE', #850, 1000.000000000000000 ) ;
#495 = ORIENTED_EDGE ( 'NONE', *, *, #1586, .T. ) ;
#496 = CARTESIAN_POINT ( 'NONE',  ( -41.13620667976487510, -23.74999999999766587, 42.00000000000000000 ) ) ;
#497 = ORIENTED_EDGE ( 'NONE', *, *, #1221, .F. ) ;
#498 = FACE_OUTER_BOUND ( 'NONE', #610, .T. ) ;
#499 = CARTESIAN_POINT ( 'NONE',  ( 0.000000000000000000, 0.000000000000000000, 0.000000000000000000 ) ) ;
#500 = DIRECTION ( 'NONE',  ( -0.000000000000000000, -0.000000000000000000, -1.000000000000000000 ) ) ;
#501 = VERTEX_POINT ( 'NONE', #1015 ) ;
#502 = VECTOR ( 'NONE', #1544, 1000.000000000000000 ) ;
#503 = FACE_BOUND ( 'NONE', #1268, .T. ) ;
#504 = CARTESIAN_POINT ( 'NONE',  ( 18.13401488930650274, 31.61898170393991592, 0.000000000000000000 ) ) ;
#505 = ORIENTED_EDGE ( 'NONE', *, *, #837, .F. ) ;
#506 = FACE_OUTER_BOUND ( 'NONE', #1580, .T. ) ;
#507 = VERTEX_POINT ( 'NONE', #1552 ) ;
#508 = ADVANCED_FACE ( 'NONE', ( #1230 ), #556, .F. ) ;
#509 = DIRECTION ( 'NONE',  ( 0.000000000000000000, 0.000000000000000000, 1.000000000000000000 ) ) ;
#510 = ORIENTED_EDGE ( 'NONE', *, *, #703, .F. ) ;
#511 = DIRECTION ( 'NONE',  ( 1.000000000000000000, 0.000000000000000000, 0.000000000000000000 ) ) ;
#512 = CIRCLE ( 'NONE', #711, 2.000000000000001776 ) ;
#513 = DIRECTION ( 'NONE',  ( 0.000000000000000000, 0.000000000000000000, 1.000000000000000000 ) ) ;
#514 = LINE ( 'NONE', #1718, #576 ) ;
#515 = ORIENTED_EDGE ( 'NONE', *, *, #1531, .T. ) ;
#516 = CYLINDRICAL_SURFACE ( 'NONE', #539, 2.000000000000001776 ) ;
#517 = DIRECTION ( 'NONE',  ( 1.000000000000000000, 0.000000000000000000, 0.000000000000000000 ) ) ;
#518 = EDGE_CURVE ( 'NONE', #1378, #1615, #189, .T. ) ;
#519 = ORIENTED_EDGE ( 'NONE', *, *, #1586, .F. ) ;
#520 = CYLINDRICAL_SURFACE ( 'NONE', #772, 25.39999999999999858 ) ;
#521 = EDGE_CURVE ( 'NONE', #1635, #1147, #109, .T. ) ;
#522 = FACE_BOUND ( 'NONE', #1641, .T. ) ;
#523 = EDGE_CURVE ( 'NONE', #1631, #1272, #1725, .T. ) ;
#524 = VERTEX_POINT ( 'NONE', #624 ) ;
#525 = DIRECTION ( 'NONE',  ( -0.000000000000000000, -0.000000000000000000, -1.000000000000000000 ) ) ;
#526 = EDGE_LOOP ( 'NONE', ( #1388, #1472, #1567, #1174 ) ) ;
#527 = EDGE_LOOP ( 'NONE', ( #216, #1611, #174, #999 ) ) ;
#528 = CARTESIAN_POINT ( 'NONE',  ( 18.31583395274975246, -31.51400841872239411, 42.00000000000000000 ) ) ;
#529 = ORIENTED_EDGE ( 'NONE', *, *, #220, .F. ) ;
#530 = DIRECTION ( 'NONE',  ( -1.000000000000000000, 0.000000000000000000, 0.000000000000000000 ) ) ;
#531 = ORIENTED_EDGE ( 'NONE', *, *, #269, .T. ) ;
#532 = CYLINDRICAL_SURFACE ( 'NONE', #700, 66.49999999999998579 ) ;
#533 = ADVANCED_FACE ( 'NONE', ( #1181, #1596, #617, #920, #113, #522, #928, #1467, #1446, #1154, #773, #793, #360, #901, #255, #1568, #503, #1287, #1706, #1457 ), #1281, .F. ) ;
#534 = CIRCLE ( 'NONE', #1413, 1.999999999999998224 ) ;
#535 = ORIENTED_EDGE ( 'NONE', *, *, #523, .T. ) ;
#536 = CARTESIAN_POINT ( 'NONE',  ( 0.000000000000000000, 0.000000000000000000, 5.000000000000000000 ) ) ;
#537 = EDGE_CURVE ( 'NONE', #1061, #741, #1299, .T. ) ;
#538 = LINE ( 'NONE', #259, #678 ) ;
#539 = AXIS2_PLACEMENT_3D ( 'NONE', #1598, #1469, #1608 ) ;
#540 = ORIENTED_EDGE ( 'NONE', *, *, #61, .F. ) ;
#541 = DIRECTION ( 'NONE',  ( 0.000000000000000000, 0.000000000000000000, -1.000000000000000000 ) ) ;
#542 = CARTESIAN_POINT ( 'NONE',  ( 0.000000000000000000, 0.000000000000000000, 4.000000000000000000 ) ) ;
#543 = CIRCLE ( 'NONE', #1536, 2.000000000000001776 ) ;
#544 = ORIENTED_EDGE ( 'NONE', *, *, #806, .F. ) ;
#545 = DIRECTION ( 'NONE',  ( 1.000000000000000000, 0.000000000000000000, 0.000000000000000000 ) ) ;
#546 = CARTESIAN_POINT ( 'NONE',  ( -62.50000000000000000, 0.000000000000000000, 40.00000000000063238 ) ) ;
#547 = CONICAL_SURFACE ( 'NONE', #1340, 60.50000000000019895, 0.2782996590051088903 ) ;
#548 = ORIENTED_EDGE ( 'NONE', *, *, #581, .T. ) ;
#549 = DIRECTION ( 'NONE',  ( -1.000000000000000000, 0.000000000000000000, 0.000000000000000000 ) ) ;
#550 = DIRECTION ( 'NONE',  ( -1.000000000000000000, 0.000000000000000000, 0.000000000000000000 ) ) ;
#551 = ORIENTED_EDGE ( 'NONE', *, *, #874, .F. ) ;
#552 = EDGE_CURVE ( 'NONE', #1402, #791, #1655, .T. ) ;
#553 = CARTESIAN_POINT ( 'NONE',  ( -31.51400841872419178, -18.31583395275679749, 42.00000000000000000 ) ) ;
#554 = ORIENTED_EDGE ( 'NONE', *, *, #1006, .F. ) ;
#555 = VECTOR ( 'NONE', #76, 1000.000000000000000 ) ;
#556 = CYLINDRICAL_SURFACE ( 'NONE', #1178, 3.500000000000000888 ) ;
#557 = ADVANCED_FACE ( 'NONE', ( #84, #1046, #1688, #1163, #484, #1026, #93, #635, #349, #894, #368, #1427, #214, #1036, #763, #909, #1696, #234, #491, #784 ), #1309, .T. ) ;
#558 = VERTEX_POINT ( 'NONE', #833 ) ;
#559 = CIRCLE ( 'NONE', #251, 2.000000000000001776 ) ;
#560 = CARTESIAN_POINT ( 'NONE',  ( 0.000000000000000000, 0.000000000000000000, 47.00000000000000000 ) ) ;
#561 = CARTESIAN_POINT ( 'NONE',  ( 0.000000000000000000, 0.000000000000000000, 5.000000000000000000 ) ) ;
#562 = VERTEX_POINT ( 'NONE', #129 ) ;
#563 = DIRECTION ( 'NONE',  ( -1.000000000000000000, 0.000000000000000000, 0.000000000000000000 ) ) ;
#564 = ORIENTED_EDGE ( 'NONE', *, *, #897, .F. ) ;
#565 =( GEOMETRIC_REPRESENTATION_CONTEXT ( 3 ) GLOBAL_UNCERTAINTY_ASSIGNED_CONTEXT ( ( #175 ) ) GLOBAL_UNIT_ASSIGNED_CONTEXT ( ( #1220, #1609, #1314 ) ) REPRESENTATION_CONTEXT ( 'NONE', 'WORKASPACE' ) );
#566 = AXIS2_PLACEMENT_3D ( 'NONE', #752, #1044, #91 ) ;
#567 = EDGE_LOOP ( 'NONE', ( #540, #732 ) ) ;
#568 = DIRECTION ( 'NONE',  ( -1.000000000000000000, 0.000000000000000000, 0.000000000000000000 ) ) ;
#569 = DIRECTION ( 'NONE',  ( 0.000000000000000000, 0.000000000000000000, 1.000000000000000000 ) ) ;
#570 = EDGE_CURVE ( 'NONE', #1148, #799, #1150, .T. ) ;
#571 = LINE ( 'NONE', #442, #1253 ) ;
#572 = VERTEX_POINT ( 'NONE', #1348 ) ;
#573 = EDGE_CURVE ( 'NONE', #1590, #1705, #645, .T. ) ;
#574 = DIRECTION ( 'NONE',  ( -1.000000000000000000, 0.000000000000000000, 0.000000000000000000 ) ) ;
#575 = ORIENTED_EDGE ( 'NONE', *, *, #651, .T. ) ;
#576 = VECTOR ( 'NONE', #1055, 1000.000000000000000 ) ;
#577 = EDGE_LOOP ( 'NONE', ( #1245, #448, #1547, #388 ) ) ;
#578 = AXIS2_PLACEMENT_3D ( 'NONE', #1525, #994, #970 ) ;
#579 = DIRECTION ( 'NONE',  ( -0.000000000000000000, -0.000000000000000000, -1.000000000000000000 ) ) ;
#580 = PLANE ( 'NONE',  #177 ) ;
#581 = EDGE_CURVE ( 'NONE', #1371, #1631, #359, .T. ) ;
#582 = CARTESIAN_POINT ( 'NONE',  ( 0.000000000000000000, 0.000000000000000000, 5.000000000000000000 ) ) ;
#583 = ORIENTED_EDGE ( 'NONE', *, *, #1257, .T. ) ;
#584 = DIRECTION ( 'NONE',  ( 0.000000000000000000, 0.000000000000000000, 1.000000000000000000 ) ) ;
#585 = AXIS2_PLACEMENT_3D ( 'NONE', #528, #396, #937 ) ;
#586 = DIRECTION ( 'NONE',  ( -0.000000000000000000, -0.000000000000000000, -1.000000000000000000 ) ) ;
#587 = FACE_OUTER_BOUND ( 'NONE', #976, .T. ) ;
#588 = DIRECTION ( 'NONE',  ( -1.000000000000000000, 0.000000000000000000, 0.000000000000000000 ) ) ;
#589 = DIRECTION ( 'NONE',  ( -0.000000000000000000, -0.000000000000000000, -1.000000000000000000 ) ) ;
#590 = PRODUCT_DEFINITION ( 'UNKNOWN', '', #1702, #1523 ) ;
#591 = VERTEX_POINT ( 'NONE', #1639 ) ;
#592 = ORIENTED_EDGE ( 'NONE', *, *, #518, .T. ) ;
#593 = ADVANCED_FACE ( 'NONE', ( #1492 ), #406, .F. ) ;
#594 = CIRCLE ( 'NONE', #480, 60.50000000000019895 ) ;
#595 = EDGE_CURVE ( 'NONE', #103, #524, #615, .T. ) ;
#596 =( LENGTH_UNIT ( ) NAMED_UNIT ( * ) SI_UNIT ( .MILLI., .METRE. ) );
#597 = DIRECTION ( 'NONE',  ( 1.000000000000000000, 0.000000000000000000, 0.000000000000000000 ) ) ;
#598 = CARTESIAN_POINT ( 'NONE',  ( -18.31583395275860582, 31.51400841871716096, 3.999999999999996447 ) ) ;
#599 = DIRECTION ( 'NONE',  ( -1.000000000000000000, 0.000000000000000000, 0.000000000000000000 ) ) ;
#600 = ORIENTED_EDGE ( 'NONE', *, *, #373, .T. ) ;
#601 = VERTEX_POINT ( 'NONE', #154 ) ;
#602 = ORIENTED_EDGE ( 'NONE', *, *, #983, .T. ) ;
#603 = CARTESIAN_POINT ( 'NONE',  ( -3.500000000010851320, -47.50000000000000000, 3.999999999999996447 ) ) ;
#604 =( GEOMETRIC_REPRESENTATION_CONTEXT ( 3 ) GLOBAL_UNCERTAINTY_ASSIGNED_CONTEXT ( ( #709 ) ) GLOBAL_UNIT_ASSIGNED_CONTEXT ( ( #596, #612, #1418 ) ) REPRESENTATION_CONTEXT ( 'NONE', 'WORKASPACE' ) );
#605 = AXIS2_PLACEMENT_3D ( 'NONE', #1274, #584, #608 ) ;
#606 = CYLINDRICAL_SURFACE ( 'NONE', #40, 2.000000000000001776 ) ;
#607 = DIRECTION ( 'NONE',  ( 0.000000000000000000, 0.000000000000000000, -1.000000000000000000 ) ) ;
#608 = DIRECTION ( 'NONE',  ( 1.000000000000000000, 0.000000000000000000, 0.000000000000000000 ) ) ;
#609 = ORIENTED_EDGE ( 'NONE', *, *, #61, .T. ) ;
#610 = EDGE_LOOP ( 'NONE', ( #261, #1657, #287, #1280 ) ) ;
#611 = DIRECTION ( 'NONE',  ( -0.000000000000000000, -0.000000000000000000, -1.000000000000000000 ) ) ;
#612 =( NAMED_UNIT ( * ) PLANE_ANGLE_UNIT ( ) SI_UNIT ( $, .RADIAN. ) );
#613 = ADVANCED_FACE ( 'NONE', ( #670 ), #1205, .F. ) ;
#614 = DIRECTION ( 'NONE',  ( -0.000000000000000000, -0.000000000000000000, -1.000000000000000000 ) ) ;
#615 = CIRCLE ( 'NONE', #160, 2.000000000000001776 ) ;
#616 = CIRCLE ( 'NONE', #1318, 2.000000000000001776 ) ;
#617 = FACE_BOUND ( 'NONE', #871, .T. ) ;
#618 = FACE_OUTER_BOUND ( 'NONE', #257, .T. ) ;
#619 = ORIENTED_EDGE ( 'NONE', *, *, #222, .T. ) ;
#620 = EDGE_LOOP ( 'NONE', ( #529, #718 ) ) ;
#621 = FACE_OUTER_BOUND ( 'NONE', #1312, .T. ) ;
#622 = AXIS2_PLACEMENT_3D ( 'NONE', #199, #1625, #10 ) ;
#623 = CARTESIAN_POINT ( 'NONE',  ( 31.61898170393812180, -18.13401488931353356, 3.999999999999996447 ) ) ;
#624 = CARTESIAN_POINT ( 'NONE',  ( -33.51400841872419534, -18.31583395275679749, 0.000000000000000000 ) ) ;
#625 = DIRECTION ( 'NONE',  ( 0.000000000000000000, 0.000000000000000000, 1.000000000000000000 ) ) ;
#626 = CIRCLE ( 'NONE', #5, 2.000000000000001776 ) ;
#627 = ORIENTED_EDGE ( 'NONE', *, *, #57, .F. ) ;
#628 = ADVANCED_FACE ( 'NONE', ( #826 ), #532, .T. ) ;
#629 = FACE_OUTER_BOUND ( 'NONE', #893, .T. ) ;
#630 = CARTESIAN_POINT ( 'NONE',  ( -1.895026714781650412, -36.44984884206770914, 3.999999999999996447 ) ) ;
#631 = AXIS2_PLACEMENT_3D ( 'NONE', #1473, #263, #810 ) ;
#632 = DIRECTION ( 'NONE',  ( 0.000000000000000000, 0.000000000000000000, 1.000000000000000000 ) ) ;
#633 = AXIS2_PLACEMENT_3D ( 'NONE', #820, #1351, #1146 ) ;
#634 = VERTEX_POINT ( 'NONE', #1621 ) ;
#635 = FACE_BOUND ( 'NONE', #1575, .T. ) ;
#636 = AXIS2_PLACEMENT_3D ( 'NONE', #499, #1433, #338 ) ;
#637 = DIRECTION ( 'NONE',  ( 1.000000000000000000, 0.000000000000000000, 0.000000000000000000 ) ) ;
#638 = CIRCLE ( 'NONE', #1620, 2.000000000000001776 ) ;
#639 = EDGE_CURVE ( 'NONE', #353, #158, #133, .T. ) ;
#640 = EDGE_LOOP ( 'NONE', ( #816, #1165 ) ) ;
#641 = CARTESIAN_POINT ( 'NONE',  ( 33.61898170393812535, -18.13401488931353356, 0.000000000000000000 ) ) ;
#642 = CARTESIAN_POINT ( 'NONE',  ( 37.63620667975182243, -23.75000000000234834, 3.999999999999996447 ) ) ;
#643 = VERTEX_POINT ( 'NONE', #25 ) ;
#644 = CARTESIAN_POINT ( 'NONE',  ( -31.51400841872419178, -18.31583395275679749, 3.999999999999996447 ) ) ;
#645 = CIRCLE ( 'NONE', #274, 2.000000000000001776 ) ;
#646 = DIRECTION ( 'NONE',  ( 1.000000000000000000, 0.000000000000000000, 0.000000000000000000 ) ) ;
#647 = DIRECTION ( 'NONE',  ( 0.000000000000000000, 0.000000000000000000, -1.000000000000000000 ) ) ;
#648 = EDGE_LOOP ( 'NONE', ( #1468, #172 ) ) ;
#649 = CARTESIAN_POINT ( 'NONE',  ( -2.104973285227183855, 36.44984884206245113, 42.00000000000000000 ) ) ;
#650 = CARTESIAN_POINT ( 'NONE',  ( 29.51400841871534908, 18.31583395275154658, 42.00000000000000000 ) ) ;
#651 = EDGE_CURVE ( 'NONE', #1272, #661, #1260, .T. ) ;
#652 = ORIENTED_EDGE ( 'NONE', *, *, #1408, .T. ) ;
#653 = EDGE_CURVE ( 'NONE', #1206, #445, #1601, .T. ) ;
#654 = CARTESIAN_POINT ( 'NONE',  ( 37.63620667975182243, -23.75000000000234834, 42.00000000000000000 ) ) ;
#655 = AXIS2_PLACEMENT_3D ( 'NONE', #1420, #968, #183 ) ;
#656 = CARTESIAN_POINT ( 'NONE',  ( 0.000000000000000000, 0.000000000000000000, 0.000000000000000000 ) ) ;
#657 = VERTEX_POINT ( 'NONE', #1097 ) ;
#658 = CARTESIAN_POINT ( 'NONE',  ( -2.104973285227183855, 36.44984884206245113, 3.999999999999996447 ) ) ;
#659 = EDGE_LOOP ( 'NONE', ( #1424, #348 ) ) ;
#660 = CARTESIAN_POINT ( 'NONE',  ( -44.63620667976290690, 23.75000000000234124, 42.00000000000000000 ) ) ;
#661 = VERTEX_POINT ( 'NONE', #425 ) ;
#662 = CARTESIAN_POINT ( 'NONE',  ( -18.31583395275860582, 31.51400841871716096, 42.00000000000000000 ) ) ;
#663 = AXIS2_PLACEMENT_3D ( 'NONE', #85, #1320, #361 ) ;
#664 = EDGE_LOOP ( 'NONE', ( #142, #1229, #1149, #980 ) ) ;
#665 = CIRCLE ( 'NONE', #322, 3.500000000003403056 ) ;
#666 = CARTESIAN_POINT ( 'NONE',  ( 0.1049732852183500320, -36.44984884206770914, 42.00000000000000000 ) ) ;
#667 = DIRECTION ( 'NONE',  ( 0.000000000000000000, 0.000000000000000000, 1.000000000000000000 ) ) ;
#668 = VERTEX_POINT ( 'NONE', #1484 ) ;
#669 = ADVANCED_FACE ( 'NONE', ( #961 ), #1198, .F. ) ;
#670 = FACE_OUTER_BOUND ( 'NONE', #922, .T. ) ;
#671 = AXIS2_PLACEMENT_3D ( 'NONE', #476, #607, #469 ) ;
#672 = ORIENTED_EDGE ( 'NONE', *, *, #1307, .F. ) ;
#673 = CARTESIAN_POINT ( 'NONE',  ( -33.61898170394698582, 18.13401488930826844, 0.000000000000000000 ) ) ;
#674 = DIRECTION ( 'NONE',  ( -0.000000000000000000, -0.000000000000000000, -1.000000000000000000 ) ) ;
#675 = ORIENTED_EDGE ( 'NONE', *, *, #1713, .T. ) ;
#676 = LINE ( 'NONE', #1698, #42 ) ;
#677 = DIRECTION ( 'NONE',  ( -1.000000000000000000, 0.000000000000000000, 0.000000000000000000 ) ) ;
#678 = VECTOR ( 'NONE', #275, 1000.000000000000114 ) ;
#679 = ORIENTED_EDGE ( 'NONE', *, *, #1270, .F. ) ;
#680 = DIRECTION ( 'NONE',  ( -0.000000000000000000, -0.000000000000000000, -1.000000000000000000 ) ) ;
#681 = DIRECTION ( 'NONE',  ( 0.000000000000000000, 0.000000000000000000, -1.000000000000000000 ) ) ;
#682 = VECTOR ( 'NONE', #1716, 1000.000000000000000 ) ;
#683 = FILL_AREA_STYLE_COLOUR ( '', #854 ) ;
#684 = VECTOR ( 'NONE', #680, 1000.000000000000000 ) ;
#685 = EDGE_LOOP ( 'NONE', ( #627, #1723 ) ) ;
#686 = FACE_OUTER_BOUND ( 'NONE', #1078, .T. ) ;
#687 = ADVANCED_FACE ( 'NONE', ( #1509 ), #802, .F. ) ;
#688 = DIRECTION ( 'NONE',  ( 0.000000000000000000, 0.000000000000000000, -1.000000000000000000 ) ) ;
#689 = ORIENTED_EDGE ( 'NONE', *, *, #639, .F. ) ;
#690 = CARTESIAN_POINT ( 'NONE',  ( 66.49999999999998579, 8.143901214329898396E-15, 5.000000000000000000 ) ) ;
#691 = EDGE_CURVE ( 'NONE', #445, #1206, #1347, .T. ) ;
#692 = CIRCLE ( 'NONE', #69, 2.000000000000000444 ) ;
#693 = DIRECTION ( 'NONE',  ( 0.000000000000000000, 0.000000000000000000, 1.000000000000000000 ) ) ;
#694 = ORIENTED_EDGE ( 'NONE', *, *, #1028, .T. ) ;
#695 = DIRECTION ( 'NONE',  ( 0.000000000000000000, 0.000000000000000000, 1.000000000000000000 ) ) ;
#696 = DIRECTION ( 'NONE',  ( 0.000000000000000000, 0.000000000000000000, -1.000000000000000000 ) ) ;
#697 = EDGE_LOOP ( 'NONE', ( #452, #548, #535, #575 ) ) ;
#698 = DIRECTION ( 'NONE',  ( -1.000000000000000000, 0.000000000000000000, 0.000000000000000000 ) ) ;
#699 = ORIENTED_EDGE ( 'NONE', *, *, #350, .F. ) ;
#700 = AXIS2_PLACEMENT_3D ( 'NONE', #561, #1356, #817 ) ;
#701 = ORIENTED_EDGE ( 'NONE', *, *, #299, .F. ) ;
#702 = AXIS2_PLACEMENT_3D ( 'NONE', #1023, #1556, #337 ) ;
#703 = EDGE_CURVE ( 'NONE', #558, #1649, #1342, .T. ) ;
#704 = DIRECTION ( 'NONE',  ( -1.000000000000000000, 0.000000000000000000, 0.000000000000000000 ) ) ;
#705 = EDGE_CURVE ( 'NONE', #591, #716, #94, .T. ) ;
#706 = DIRECTION ( 'NONE',  ( -0.000000000000000000, -0.000000000000000000, -1.000000000000000000 ) ) ;
#707 = ORIENTED_EDGE ( 'NONE', *, *, #1364, .T. ) ;
#708 = CYLINDRICAL_SURFACE ( 'NONE', #230, 2.000000000000001776 ) ;
#709 = UNCERTAINTY_MEASURE_WITH_UNIT (LENGTH_MEASURE( 1.000000000000000082E-05 ), #596, 'distance_accuracy_value', 'NONE');
#710 = ORIENTED_EDGE ( 'NONE', *, *, #430, .F. ) ;
#711 = AXIS2_PLACEMENT_3D ( 'NONE', #644, #1286, #112 ) ;
#712 = DIRECTION ( 'NONE',  ( -1.000000000000000000, 0.000000000000000000, 0.000000000000000000 ) ) ;
#713 = ADVANCED_FACE ( 'NONE', ( #1411 ), #56, .F. ) ;
#714 = CARTESIAN_POINT ( 'NONE',  ( 29.51400841871534908, 18.31583395275154658, 0.000000000000000000 ) ) ;
#715 = CARTESIAN_POINT ( 'NONE',  ( 38.44984884206066766, 0.1049732852201439859, 42.00000000000000000 ) ) ;
#716 = VERTEX_POINT ( 'NONE', #1391 ) ;
#717 = CARTESIAN_POINT ( 'NONE',  ( -62.50000000000000000, 0.000000000000000000, 5.000000000000000000 ) ) ;
#718 = ORIENTED_EDGE ( 'NONE', *, *, #1605, .F. ) ;
#719 = AXIS2_PLACEMENT_3D ( 'NONE', #450, #1670, #1007 ) ;
#720 = APPLICATION_CONTEXT ( 'automotive_design' ) ;
#721 = CIRCLE ( 'NONE', #410, 3.500000000000731859 ) ;
#722 = ORIENTED_EDGE ( 'NONE', *, *, #1422, .F. ) ;
#723 = AXIS2_PLACEMENT_3D ( 'NONE', #1560, #625, #1164 ) ;
#724 = FACE_OUTER_BOUND ( 'NONE', #365, .T. ) ;
#725 = AXIS2_PLACEMENT_3D ( 'NONE', #582, #1656, #182 ) ;
#726 = ADVANCED_FACE ( 'NONE', ( #587 ), #1142, .F. ) ;
#727 = DIRECTION ( 'NONE',  ( 0.000000000000000000, 0.000000000000000000, -1.000000000000000000 ) ) ;
#728 = LINE ( 'NONE', #1102, #1326 ) ;
#729 = EDGE_CURVE ( 'NONE', #572, #1607, #1697, .T. ) ;
#730 = CYLINDRICAL_SURFACE ( 'NONE', #1452, 1.999999999999998224 ) ;
#731 = ORIENTED_EDGE ( 'NONE', *, *, #24, .F. ) ;
#732 = ORIENTED_EDGE ( 'NONE', *, *, #1311, .F. ) ;
#733 = CIRCLE ( 'NONE', #927, 2.000000000000001776 ) ;
#734 = CARTESIAN_POINT ( 'NONE',  ( -3.500000000000000888, 47.50000000000000711, 3.999999999999996447 ) ) ;
#735 = PRODUCT_DEFINITION_SHAPE ( 'NONE', 'NONE',  #590 ) ;
#736 = CARTESIAN_POINT ( 'NONE',  ( 31.61898170393812180, -18.13401488931353356, 0.000000000000000000 ) ) ;
#737 = FACE_OUTER_BOUND ( 'NONE', #355, .T. ) ;
#738 = DIRECTION ( 'NONE',  ( 0.000000000000000000, 0.000000000000000000, 1.000000000000000000 ) ) ;
#739 = ORIENTED_EDGE ( 'NONE', *, *, #311, .F. ) ;
#740 = AXIS2_PLACEMENT_3D ( 'NONE', #1271, #849, #1033 ) ;
#741 = VERTEX_POINT ( 'NONE', #296 ) ;
#742 = CYLINDRICAL_SURFACE ( 'NONE', #475, 3.500000000004971135 ) ;
#743 = APPLICATION_PROTOCOL_DEFINITION ( 'draft international standard', 'automotive_design', 1998, #438 ) ;
#744 = DIRECTION ( 'NONE',  ( -0.000000000000000000, -0.000000000000000000, -1.000000000000000000 ) ) ;
#745 = EDGE_CURVE ( 'NONE', #562, #1705, #466, .T. ) ;
#746 = DIRECTION ( 'NONE',  ( 1.000000000000000000, 0.000000000000000000, 0.000000000000000000 ) ) ;
#747 = FACE_OUTER_BOUND ( 'NONE', #985, .T. ) ;
#748 = EDGE_CURVE ( 'NONE', #863, #812, #11, .T. ) ;
#749 = DIRECTION ( 'NONE',  ( 0.000000000000000000, 0.000000000000000000, -1.000000000000000000 ) ) ;
#750 = PRODUCT_CONTEXT ( 'NONE', #720, 'mechanical' ) ;
#751 = AXIS2_PLACEMENT_3D ( 'NONE', #1244, #1114, #941 ) ;
#752 = CARTESIAN_POINT ( 'NONE',  ( 0.000000000000000000, 0.000000000000000000, 47.00000000000000000 ) ) ;
#753 = CARTESIAN_POINT ( 'NONE',  ( -33.51400841872419534, -18.31583395275679749, 42.00000000000000000 ) ) ;
#754 = LINE ( 'NONE', #58, #1491 ) ;
#755 = CARTESIAN_POINT ( 'NONE',  ( -36.44984884206949971, -0.1049732852253999482, 3.999999999999996447 ) ) ;
#756 = ORIENTED_EDGE ( 'NONE', *, *, #1327, .F. ) ;
#757 = ORIENTED_EDGE ( 'NONE', *, *, #1285, .F. ) ;
#758 = CARTESIAN_POINT ( 'NONE',  ( -18.13401488931532768, -31.61898170394517038, 0.000000000000000000 ) ) ;
#759 = ADVANCED_FACE ( 'NONE', ( #1120, #1654 ), #580, .T. ) ;
#760 = CARTESIAN_POINT ( 'NONE',  ( 0.1049732852183500320, -36.44984884206770914, 42.00000000000000000 ) ) ;
#761 = EDGE_CURVE ( 'NONE', #1448, #1412, #1167, .T. ) ;
#762 = ORIENTED_EDGE ( 'NONE', *, *, #119, .T. ) ;
#763 = FACE_BOUND ( 'NONE', #648, .T. ) ;
#764 = DIRECTION ( 'NONE',  ( -0.000000000000000000, -0.000000000000000000, -1.000000000000000000 ) ) ;
#765 = DIRECTION ( 'NONE',  ( -0.000000000000000000, -0.000000000000000000, -1.000000000000000000 ) ) ;
#766 = ORIENTED_EDGE ( 'NONE', *, *, #1456, .F. ) ;
#767 = DIRECTION ( 'NONE',  ( -0.000000000000000000, -0.000000000000000000, -1.000000000000000000 ) ) ;
#768 = CIRCLE ( 'NONE', #936, 1.999999999999998224 ) ;
#769 = DIRECTION ( 'NONE',  ( -0.000000000000000000, -0.000000000000000000, -1.000000000000000000 ) ) ;
#770 = EDGE_CURVE ( 'NONE', #1412, #1448, #319, .T. ) ;
#771 = VERTEX_POINT ( 'NONE', #1401 ) ;
#772 = AXIS2_PLACEMENT_3D ( 'NONE', #1455, #1549, #341 ) ;
#773 = FACE_BOUND ( 'NONE', #1089, .T. ) ;
#774 = LINE ( 'NONE', #1569, #179 ) ;
#775 = VECTOR ( 'NONE', #923, 1000.000000000000000 ) ;
#776 = EDGE_LOOP ( 'NONE', ( #47, #1464 ) ) ;
#777 = FACE_OUTER_BOUND ( 'NONE', #1346, .T. ) ;
#778 = ORIENTED_EDGE ( 'NONE', *, *, #333, .T. ) ;
#779 = CARTESIAN_POINT ( 'NONE',  ( -44.63620667976827860, -23.74999999999766587, 42.00000000000000000 ) ) ;
#780 = EDGE_LOOP ( 'NONE', ( #1025, #1209 ) ) ;
#781 = AXIS2_PLACEMENT_3D ( 'NONE', #49, #161, #473 ) ;
#782 = DIRECTION ( 'NONE',  ( 0.000000000000000000, 0.000000000000000000, 1.000000000000000000 ) ) ;
#783 = AXIS2_PLACEMENT_3D ( 'NONE', #902, #1437, #794 ) ;
#784 = FACE_OUTER_BOUND ( 'NONE', #391, .T. ) ;
#785 = FACE_OUTER_BOUND ( 'NONE', #896, .T. ) ;
#786 = CIRCLE ( 'NONE', #813, 1.999999999999998224 ) ;
#787 = ADVANCED_FACE ( 'NONE', ( #1662 ), #606, .F. ) ;
#788 = EDGE_LOOP ( 'NONE', ( #531, #38 ) ) ;
#789 = DIRECTION ( 'NONE',  ( 1.000000000000000000, 0.000000000000000000, -0.000000000000000000 ) ) ;
#790 = EDGE_CURVE ( 'NONE', #92, #1121, #1256, .T. ) ;
#791 = VERTEX_POINT ( 'NONE', #323 ) ;
#792 = DIRECTION ( 'NONE',  ( 0.000000000000000000, 0.000000000000000000, 1.000000000000000000 ) ) ;
#793 = FACE_BOUND ( 'NONE', #1633, .T. ) ;
#794 = DIRECTION ( 'NONE',  ( -1.000000000000000000, 0.000000000000000000, 0.000000000000000000 ) ) ;
#795 = CIRCLE ( 'NONE', #1466, 25.39999999999999858 ) ;
#796 = EDGE_LOOP ( 'NONE', ( #82, #1606 ) ) ;
#797 = FACE_OUTER_BOUND ( 'NONE', #1443, .T. ) ;
#798 = DIRECTION ( 'NONE',  ( -0.000000000000000000, -0.000000000000000000, -1.000000000000000000 ) ) ;
#799 = VERTEX_POINT ( 'NONE', #458 ) ;
#800 = CIRCLE ( 'NONE', #1439, 3.500000000000000888 ) ;
#801 = VECTOR ( 'NONE', #500, 1000.000000000000000 ) ;
#802 = CYLINDRICAL_SURFACE ( 'NONE', #585, 1.999999999999998224 ) ;
#803 = EDGE_LOOP ( 'NONE', ( #1215, #1074, #165, #609 ) ) ;
#804 = CYLINDRICAL_SURFACE ( 'NONE', #403, 2.000000000000000444 ) ;
#805 = ORIENTED_EDGE ( 'NONE', *, *, #1445, .F. ) ;
#806 = EDGE_CURVE ( 'NONE', #524, #103, #543, .T. ) ;
#807 = CARTESIAN_POINT ( 'NONE',  ( 0.000000000000000000, 0.000000000000000000, 47.00000000000000000 ) ) ;
#808 = VERTEX_POINT ( 'NONE', #734 ) ;
#809 = AXIS2_PLACEMENT_3D ( 'NONE', #197, #329, #188 ) ;
#810 = DIRECTION ( 'NONE',  ( -1.000000000000000000, 0.000000000000000000, 0.000000000000000000 ) ) ;
#811 = VECTOR ( 'NONE', #887, 1000.000000000000000 ) ;
#812 = VERTEX_POINT ( 'NONE', #303 ) ;
#813 = AXIS2_PLACEMENT_3D ( 'NONE', #295, #41, #1240 ) ;
#814 = DIRECTION ( 'NONE',  ( 0.000000000000000000, 0.000000000000000000, -1.000000000000000000 ) ) ;
#815 = DIRECTION ( 'NONE',  ( 1.000000000000000000, 0.000000000000000000, 0.000000000000000000 ) ) ;
#816 = ORIENTED_EDGE ( 'NONE', *, *, #573, .F. ) ;
#817 = DIRECTION ( 'NONE',  ( -1.000000000000000000, 0.000000000000000000, 0.000000000000000000 ) ) ;
#818 = AXIS2_PLACEMENT_3D ( 'NONE', #1224, #1604, #550 ) ;
#819 = ORIENTED_EDGE ( 'NONE', *, *, #825, .T. ) ;
#820 = CARTESIAN_POINT ( 'NONE',  ( -31.61898170394698226, 18.13401488930826844, 0.000000000000000000 ) ) ;
#821 = DIRECTION ( 'NONE',  ( 1.000000000000000000, 0.000000000000000000, 0.000000000000000000 ) ) ;
#822 = EDGE_CURVE ( 'NONE', #209, #634, #1029, .T. ) ;
#823 = VERTEX_POINT ( 'NONE', #714 ) ;
#824 = CARTESIAN_POINT ( 'NONE',  ( 41.13620667975679623, -23.75000000000234834, 3.999999999999996447 ) ) ;
#825 = EDGE_CURVE ( 'NONE', #558, #808, #882, .T. ) ;
#826 = FACE_OUTER_BOUND ( 'NONE', #1486, .T. ) ;
#827 = CIRCLE ( 'NONE', #655, 3.500000000002521983 ) ;
#828 = VERTEX_POINT ( 'NONE', #1112 ) ;
#829 = DIRECTION ( 'NONE',  ( -1.000000000000000000, 0.000000000000000000, 0.000000000000000000 ) ) ;
#830 = CARTESIAN_POINT ( 'NONE',  ( 41.13620667975679623, -23.75000000000234834, 42.00000000000000000 ) ) ;
#831 = EDGE_LOOP ( 'NONE', ( #870, #710 ) ) ;
#832 = DIRECTION ( 'NONE',  ( -0.000000000000000000, -0.000000000000000000, -1.000000000000000000 ) ) ;
#833 = CARTESIAN_POINT ( 'NONE',  ( 3.500000000000000888, 47.50000000000000711, 3.999999999999996447 ) ) ;
#834 = EDGE_LOOP ( 'NONE', ( #443, #917, #762, #1350 ) ) ;
#835 = DIRECTION ( 'NONE',  ( 0.000000000000000000, 0.000000000000000000, -1.000000000000000000 ) ) ;
#836 = VERTEX_POINT ( 'NONE', #1133 ) ;
#837 = EDGE_CURVE ( 'NONE', #657, #1384, #1553, .T. ) ;
#838 = AXIS2_PLACEMENT_3D ( 'NONE', #1173, #1707, #1579 ) ;
#839 = EDGE_CURVE ( 'NONE', #1398, #265, #1720, .T. ) ;
#840 = VERTEX_POINT ( 'NONE', #221 ) ;
#841 = CARTESIAN_POINT ( 'NONE',  ( -33.61898170394698582, 18.13401488930826844, 3.999999999999996447 ) ) ;
#842 = CARTESIAN_POINT ( 'NONE',  ( 0.000000000000000000, 0.000000000000000000, 4.000000000000003553 ) ) ;
#843 = ORIENTED_EDGE ( 'NONE', *, *, #201, .T. ) ;
#844 = CARTESIAN_POINT ( 'NONE',  ( 36.44984884206066766, 0.1049732852201437361, 0.000000000000000000 ) ) ;
#845 = ORIENTED_EDGE ( 'NONE', *, *, #247, .T. ) ;
#846 = ORIENTED_EDGE ( 'NONE', *, *, #43, .F. ) ;
#847 = VECTOR ( 'NONE', #1059, 1000.000000000000000 ) ;
#848 = CARTESIAN_POINT ( 'NONE',  ( 3.500000000000000888, 47.50000000000000711, 0.000000000000000000 ) ) ;
#849 = DIRECTION ( 'NONE',  ( 0.000000000000000000, 0.000000000000000000, -1.000000000000000000 ) ) ;
#850 = DIRECTION ( 'NONE',  ( -0.000000000000000000, -0.000000000000000000, -1.000000000000000000 ) ) ;
#851 = ORIENTED_EDGE ( 'NONE', *, *, #837, .T. ) ;
#852 = CYLINDRICAL_SURFACE ( 'NONE', #783, 2.000000000000001776 ) ;
#853 = ORIENTED_EDGE ( 'NONE', *, *, #1267, .T. ) ;
#854 = COLOUR_RGB ( '',0.7921568627450980005, 0.8196078431372548767, 0.9333333333333333481 ) ;
#855 = EDGE_CURVE ( 'NONE', #863, #1030, #907, .T. ) ;
#856 = EDGE_LOOP ( 'NONE', ( #1602, #554 ) ) ;
#857 = AXIS2_PLACEMENT_3D ( 'NONE', #760, #481, #1024 ) ;
#858 = CYLINDRICAL_SURFACE ( 'NONE', #127, 2.000000000000001776 ) ;
#859 = CIRCLE ( 'NONE', #1668, 2.000000000000000444 ) ;
#860 = DIRECTION ( 'NONE',  ( -0.000000000000000000, -0.000000000000000000, -1.000000000000000000 ) ) ;
#861 = CARTESIAN_POINT ( 'NONE',  ( 41.13620667975679623, -23.75000000000234834, 0.000000000000000000 ) ) ;
#862 = LINE ( 'NONE', #53, #1673 ) ;
#863 = VERTEX_POINT ( 'NONE', #1444 ) ;
#864 = AXIS2_PLACEMENT_3D ( 'NONE', #462, #1421, #1155 ) ;
#865 = AXIS2_PLACEMENT_3D ( 'NONE', #178, #1516, #1661 ) ;
#866 = DIRECTION ( 'NONE',  ( -1.000000000000000000, 0.000000000000000000, 0.000000000000000000 ) ) ;
#867 = CARTESIAN_POINT ( 'NONE',  ( 20.13401488930650274, 31.61898170393991592, 42.00000000000000000 ) ) ;
#868 = CARTESIAN_POINT ( 'NONE',  ( 31.51400841871534908, 18.31583395275154658, 42.00000000000000000 ) ) ;
#869 = FACE_OUTER_BOUND ( 'NONE', #62, .T. ) ;
#870 = ORIENTED_EDGE ( 'NONE', *, *, #943, .F. ) ;
#871 = EDGE_LOOP ( 'NONE', ( #505, #36 ) ) ;
#872 = AXIS2_PLACEMENT_3D ( 'NONE', #1578, #225, #1065 ) ;
#873 = DIRECTION ( 'NONE',  ( 0.000000000000000000, 0.000000000000000000, -1.000000000000000000 ) ) ;
#874 = EDGE_CURVE ( 'NONE', #336, #1737, #1051, .T. ) ;
#875 = VECTOR ( 'NONE', #1177, 1000.000000000000000 ) ;
#876 = DIRECTION ( 'NONE',  ( 1.000000000000000000, 0.000000000000000000, 0.000000000000000000 ) ) ;
#877 = EDGE_CURVE ( 'NONE', #808, #558, #1415, .T. ) ;
#878 = FACE_OUTER_BOUND ( 'NONE', #1249, .T. ) ;
#879 = CARTESIAN_POINT ( 'NONE',  ( 16.13401488930650629, 31.61898170393991592, 42.00000000000000000 ) ) ;
#880 = CIRCLE ( 'NONE', #83, 3.500000000004971135 ) ;
#881 = ORIENTED_EDGE ( 'NONE', *, *, #1307, .T. ) ;
#882 = CIRCLE ( 'NONE', #340, 3.500000000000000888 ) ;
#883 = DIRECTION ( 'NONE',  ( -0.000000000000000000, -0.000000000000000000, -1.000000000000000000 ) ) ;
#884 = CARTESIAN_POINT ( 'NONE',  ( 31.51400841871534908, 18.31583395275154658, 3.999999999999996447 ) ) ;
#885 = VERTEX_POINT ( 'NONE', #489 ) ;
#886 = CARTESIAN_POINT ( 'NONE',  ( -0.1049732852271832440, 36.44984884206245113, 0.000000000000000000 ) ) ;
#887 = DIRECTION ( 'NONE',  ( -0.000000000000000000, -0.000000000000000000, -1.000000000000000000 ) ) ;
#888 = EDGE_CURVE ( 'NONE', #353, #445, #1296, .T. ) ;
#889 = CARTESIAN_POINT ( 'NONE',  ( -0.1049732852271832440, 36.44984884206245113, 42.00000000000000000 ) ) ;
#890 = EDGE_CURVE ( 'NONE', #1367, #270, #1498, .T. ) ;
#891 = AXIS2_PLACEMENT_3D ( 'NONE', #844, #1082, #1376 ) ;
#892 = CARTESIAN_POINT ( 'NONE',  ( 44.63620667976176293, -23.75000000000234834, 0.000000000000000000 ) ) ;
#893 = EDGE_LOOP ( 'NONE', ( #906, #1541, #1171, #988 ) ) ;
#894 = FACE_BOUND ( 'NONE', #1335, .T. ) ;
#895 = DIRECTION ( 'NONE',  ( -0.000000000000000000, -0.000000000000000000, -1.000000000000000000 ) ) ;
#896 = EDGE_LOOP ( 'NONE', ( #652, #1708, #881, #1 ) ) ;
#897 = EDGE_CURVE ( 'NONE', #885, #301, #1695, .T. ) ;
#898 = CARTESIAN_POINT ( 'NONE',  ( 0.000000000000000000, 0.000000000000000000, 5.000000000000000000 ) ) ;
#899 = CYLINDRICAL_SURFACE ( 'NONE', #285, 3.500000000003403056 ) ;
#900 = ORIENTED_EDGE ( 'NONE', *, *, #1199, .F. ) ;
#901 = FACE_BOUND ( 'NONE', #17, .T. ) ;
#902 = CARTESIAN_POINT ( 'NONE',  ( 36.44984884206066766, 0.1049732852201437361, 42.00000000000000000 ) ) ;
#903 = CARTESIAN_POINT ( 'NONE',  ( 66.49999999999998579, 8.143901214329898396E-15, 5.000000000000000000 ) ) ;
#904 = ORIENTED_EDGE ( 'NONE', *, *, #1589, .F. ) ;
#905 = LINE ( 'NONE', #211, #26 ) ;
#906 = ORIENTED_EDGE ( 'NONE', *, *, #1462, .T. ) ;
#907 = LINE ( 'NONE', #1557, #32 ) ;
#908 = EDGE_CURVE ( 'NONE', #1048, #668, #1187, .T. ) ;
#909 = FACE_BOUND ( 'NONE', #1502, .T. ) ;
#910 = DIRECTION ( 'NONE',  ( 0.000000000000000000, 0.000000000000000000, -1.000000000000000000 ) ) ;
#911 = ADVANCED_FACE ( 'NONE', ( #1308 ), #1328, .T. ) ;
#912 = AXIS2_PLACEMENT_3D ( 'NONE', #536, #132, #156 ) ;
#913 = ORIENTED_EDGE ( 'NONE', *, *, #1126, .F. ) ;
#914 = CARTESIAN_POINT ( 'NONE',  ( 0.000000000000000000, 0.000000000000000000, 5.000000000000000000 ) ) ;
#915 = ORIENTED_EDGE ( 'NONE', *, *, #354, .F. ) ;
#916 = FACE_OUTER_BOUND ( 'NONE', #803, .T. ) ;
#917 = ORIENTED_EDGE ( 'NONE', *, *, #1185, .T. ) ;
#918 = CARTESIAN_POINT ( 'NONE',  ( -41.13620667976217504, 23.75000000000234124, 3.999999999999996447 ) ) ;
#919 = CIRCLE ( 'NONE', #13, 2.000000000000001776 ) ;
#920 = FACE_BOUND ( 'NONE', #327, .T. ) ;
#921 = CARTESIAN_POINT ( 'NONE',  ( 44.63620667976202583, 23.74999999999764100, 3.999999999999996447 ) ) ;
#922 = EDGE_LOOP ( 'NONE', ( #1529, #1489, #147, #969 ) ) ;
#923 = DIRECTION ( 'NONE',  ( -0.000000000000000000, -0.000000000000000000, -1.000000000000000000 ) ) ;
#924 = SURFACE_STYLE_FILL_AREA ( #241 ) ;
#925 = ORIENTED_EDGE ( 'NONE', *, *, #1400, .T. ) ;
#926 = CARTESIAN_POINT ( 'NONE',  ( 0.000000000000000000, 0.000000000000000000, 5.000000000000000000 ) ) ;
#927 = AXIS2_PLACEMENT_3D ( 'NONE', #598, #693, #746 ) ;
#928 = FACE_BOUND ( 'NONE', #1298, .T. ) ;
#929 = ADVANCED_FACE ( 'NONE', ( #346 ), #899, .F. ) ;
#930 = AXIS2_PLACEMENT_3D ( 'NONE', #139, #681, #1219 ) ;
#931 = ORIENTED_EDGE ( 'NONE', *, *, #855, .F. ) ;
#932 = DIRECTION ( 'NONE',  ( -0.000000000000000000, -0.000000000000000000, -1.000000000000000000 ) ) ;
#933 = CARTESIAN_POINT ( 'NONE',  ( -18.31583395275860582, 31.51400841871716096, 3.999999999999996447 ) ) ;
#934 = DIRECTION ( 'NONE',  ( 0.000000000000000000, 0.000000000000000000, 1.000000000000000000 ) ) ;
#935 = ORIENTED_EDGE ( 'NONE', *, *, #354, .T. ) ;
#936 = AXIS2_PLACEMENT_3D ( 'NONE', #1168, #1675, #1417 ) ;
#937 = DIRECTION ( 'NONE',  ( -1.000000000000000000, 0.000000000000000000, 0.000000000000000000 ) ) ;
#938 = VECTOR ( 'NONE', #1727, 1000.000000000000000 ) ;
#939 = ORIENTED_EDGE ( 'NONE', *, *, #570, .T. ) ;
#940 = ORIENTED_EDGE ( 'NONE', *, *, #468, .F. ) ;
#941 = DIRECTION ( 'NONE',  ( 1.000000000000000000, 0.000000000000000000, 0.000000000000000000 ) ) ;
#942 = ORIENTED_EDGE ( 'NONE', *, *, #1161, .T. ) ;
#943 = EDGE_CURVE ( 'NONE', #1098, #29, #55, .T. ) ;
#944 = VECTOR ( 'NONE', #65, 1000.000000000000000 ) ;
#945 = CARTESIAN_POINT ( 'NONE',  ( -31.61898170394698226, 18.13401488930826844, 0.000000000000000000 ) ) ;
#946 = ORIENTED_EDGE ( 'NONE', *, *, #1496, .F. ) ;
#947 = CIRCLE ( 'NONE', #723, 58.50000000000000000 ) ;
#948 = CARTESIAN_POINT ( 'NONE',  ( -3.500000000010851320, -47.50000000000000000, 42.00000000000000000 ) ) ;
#949 = SURFACE_SIDE_STYLE ('',( #924 ) ) ;
#950 = EDGE_CURVE ( 'NONE', #1615, #1378, #512, .T. ) ;
#951 = ORIENTED_EDGE ( 'NONE', *, *, #979, .T. ) ;
#952 = DIRECTION ( 'NONE',  ( -1.000000000000000000, 0.000000000000000000, 0.000000000000000000 ) ) ;
#953 = DIRECTION ( 'NONE',  ( 0.000000000000000000, 0.000000000000000000, -1.000000000000000000 ) ) ;
#954 = AXIS2_PLACEMENT_3D ( 'NONE', #830, #1263, #1664 ) ;
#955 = ORIENTED_EDGE ( 'NONE', *, *, #1161, .F. ) ;
#956 = CARTESIAN_POINT ( 'NONE',  ( -38.44984884206949971, -0.1049732852253999482, 0.000000000000000000 ) ) ;
#957 = LINE ( 'NONE', #1360, #847 ) ;
#958 = CARTESIAN_POINT ( 'NONE',  ( -38.44984884206949971, -0.1049732852253999482, 3.999999999999996447 ) ) ;
#959 = VERTEX_POINT ( 'NONE', #892 ) ;
#960 = CARTESIAN_POINT ( 'NONE',  ( 16.31583395274975601, -31.51400841872239411, 42.00000000000000000 ) ) ;
#961 = FACE_OUTER_BOUND ( 'NONE', #1001, .T. ) ;
#962 = EDGE_CURVE ( 'NONE', #167, #375, #1180, .T. ) ;
#963 = AXIS2_PLACEMENT_3D ( 'NONE', #1160, #792, #511 ) ;
#964 = ORIENTED_EDGE ( 'NONE', *, *, #350, .T. ) ;
#965 = ADVANCED_FACE ( 'NONE', ( #1053 ), #520, .F. ) ;
#966 = CARTESIAN_POINT ( 'NONE',  ( -41.13620667976487510, -23.74999999999766587, 0.000000000000000000 ) ) ;
#967 = ORIENTED_EDGE ( 'NONE', *, *, #1204, .T. ) ;
#968 = DIRECTION ( 'NONE',  ( 0.000000000000000000, 0.000000000000000000, -1.000000000000000000 ) ) ;
#969 = ORIENTED_EDGE ( 'NONE', *, *, #1565, .F. ) ;
#970 = DIRECTION ( 'NONE',  ( -1.000000000000000000, 0.000000000000000000, 0.000000000000000000 ) ) ;
#971 = DIRECTION ( 'NONE',  ( -1.000000000000000000, 0.000000000000000000, 0.000000000000000000 ) ) ;
#972 = ORIENTED_EDGE ( 'NONE', *, *, #1400, .F. ) ;
#973 = DIRECTION ( 'NONE',  ( -0.000000000000000000, -0.000000000000000000, -1.000000000000000000 ) ) ;
#974 = VERTEX_POINT ( 'NONE', #1585 ) ;
#975 = AXIS2_PLACEMENT_3D ( 'NONE', #68, #173, #59 ) ;
#976 = EDGE_LOOP ( 'NONE', ( #292, #1107, #1081, #757 ) ) ;
#977 = DIRECTION ( 'NONE',  ( 0.000000000000000000, 0.000000000000000000, 1.000000000000000000 ) ) ;
#978 = DIRECTION ( 'NONE',  ( 1.000000000000000000, 0.000000000000000000, 0.000000000000000000 ) ) ;
#979 = EDGE_CURVE ( 'NONE', #885, #840, #1386, .T. ) ;
#980 = ORIENTED_EDGE ( 'NONE', *, *, #1496, .T. ) ;
#981 = ORIENTED_EDGE ( 'NONE', *, *, #243, .F. ) ;
#982 = CARTESIAN_POINT ( 'NONE',  ( 58.50000000000000000, 7.164183775012014056E-15, 4.000000000000003553 ) ) ;
#983 = EDGE_CURVE ( 'NONE', #1737, #791, #212, .T. ) ;
#984 = ORIENTED_EDGE ( 'NONE', *, *, #595, .F. ) ;
#985 = EDGE_LOOP ( 'NONE', ( #1515, #395, #1231, #939 ) ) ;
#986 = DIRECTION ( 'NONE',  ( -0.000000000000000000, -0.000000000000000000, -1.000000000000000000 ) ) ;
#987 = CARTESIAN_POINT ( 'NONE',  ( -16.31583395275860227, 31.51400841871716096, 42.00000000000000000 ) ) ;
#988 = ORIENTED_EDGE ( 'NONE', *, *, #130, .F. ) ;
#989 = ORIENTED_EDGE ( 'NONE', *, *, #573, .T. ) ;
#990 = DIRECTION ( 'NONE',  ( -0.000000000000000000, -0.000000000000000000, -1.000000000000000000 ) ) ;
#991 = EDGE_LOOP ( 'NONE', ( #722, #1669 ) ) ;
#992 = CIRCLE ( 'NONE', #1242, 2.000000000000001776 ) ;
#993 = CIRCLE ( 'NONE', #229, 3.500000000002521983 ) ;
#994 = DIRECTION ( 'NONE',  ( -0.000000000000000000, -0.000000000000000000, -1.000000000000000000 ) ) ;
#995 = AXIS2_PLACEMENT_3D ( 'NONE', #164, #1503, #1368 ) ;
#996 = CARTESIAN_POINT ( 'NONE',  ( -31.51400841872419178, -18.31583395275679749, 0.000000000000000000 ) ) ;
#997 = CYLINDRICAL_SURFACE ( 'NONE', #250, 3.500000000002521983 ) ;
#998 = LINE ( 'NONE', #879, #1396 ) ;
#999 = ORIENTED_EDGE ( 'NONE', *, *, #57, .T. ) ;
#1000 = ADVANCED_FACE ( 'NONE', ( #1152 ), #1686, .F. ) ;
#1001 = EDGE_LOOP ( 'NONE', ( #1357, #1153, #1475, #989 ) ) ;
#1002 = CIRCLE ( 'NONE', #1729, 1.999999999999998224 ) ;
#1003 = EDGE_LOOP ( 'NONE', ( #1362, #1290 ) ) ;
#1004 = CARTESIAN_POINT ( 'NONE',  ( 0.000000000000000000, 0.000000000000000000, 42.00000000000000000 ) ) ;
#1005 = AXIS2_PLACEMENT_3D ( 'NONE', #1507, #579, #704 ) ;
#1006 = EDGE_CURVE ( 'NONE', #771, #1353, #313, .T. ) ;
#1007 = DIRECTION ( 'NONE',  ( -1.000000000000000000, 0.000000000000000000, 0.000000000000000000 ) ) ;
#1008 = DIRECTION ( 'NONE',  ( -0.000000000000000000, -0.000000000000000000, -1.000000000000000000 ) ) ;
#1009 = FACE_OUTER_BOUND ( 'NONE', #155, .T. ) ;
#1010 = ORIENTED_EDGE ( 'NONE', *, *, #1514, .T. ) ;
#1011 = ORIENTED_EDGE ( 'NONE', *, *, #1311, .T. ) ;
#1012 = DIRECTION ( 'NONE',  ( -0.000000000000000000, -0.000000000000000000, -1.000000000000000000 ) ) ;
#1013 = AXIS2_PLACEMENT_3D ( 'NONE', #933, #1470, #1336 ) ;
#1014 = DIRECTION ( 'NONE',  ( -1.000000000000000000, 0.000000000000000000, 0.000000000000000000 ) ) ;
#1015 = CARTESIAN_POINT ( 'NONE',  ( 20.31583395274975246, -31.51400841872239411, 0.000000000000000000 ) ) ;
#1016 = EDGE_CURVE ( 'NONE', #1649, #836, #1080, .T. ) ;
#1017 = CARTESIAN_POINT ( 'NONE',  ( 16.13401488930650629, 31.61898170393991592, 0.000000000000000000 ) ) ;
#1018 = VERTEX_POINT ( 'NONE', #66 ) ;
#1019 = EDGE_CURVE ( 'NONE', #1527, #1254, #993, .T. ) ;
#1020 = STYLED_ITEM ( 'NONE', ( #120 ), #279 ) ;
#1021 = ORIENTED_EDGE ( 'NONE', *, *, #1676, .F. ) ;
#1022 = AXIS2_PLACEMENT_3D ( 'NONE', #1724, #782, #1317 ) ;
#1023 = CARTESIAN_POINT ( 'NONE',  ( 31.61898170393812180, -18.13401488931353356, 42.00000000000000000 ) ) ;
#1024 = DIRECTION ( 'NONE',  ( -1.000000000000000000, 0.000000000000000000, 0.000000000000000000 ) ) ;
#1025 = ORIENTED_EDGE ( 'NONE', *, *, #552, .F. ) ;
#1026 = FACE_BOUND ( 'NONE', #134, .T. ) ;
#1027 = CARTESIAN_POINT ( 'NONE',  ( -25.39999999999999858, 0.000000000000000000, 42.00000000000000000 ) ) ;
#1028 = EDGE_CURVE ( 'NONE', #1254, #716, #217, .T. ) ;
#1029 = CIRCLE ( 'NONE', #264, 2.000000000000000444 ) ;
#1030 = VERTEX_POINT ( 'NONE', #1313 ) ;
#1031 = CYLINDRICAL_SURFACE ( 'NONE', #1237, 25.39999999999999858 ) ;
#1032 = AXIS2_PLACEMENT_3D ( 'NONE', #1288, #246, #226 ) ;
#1033 = DIRECTION ( 'NONE',  ( -1.000000000000000000, 0.000000000000000000, 0.000000000000000000 ) ) ;
#1034 = VECTOR ( 'NONE', #35, 1000.000000000000000 ) ;
#1035 = ORIENTED_EDGE ( 'NONE', *, *, #1534, .T. ) ;
#1036 = FACE_BOUND ( 'NONE', #54, .T. ) ;
#1037 = DIRECTION ( 'NONE',  ( 0.000000000000000000, 0.000000000000000000, 1.000000000000000000 ) ) ;
#1038 = VERTEX_POINT ( 'NONE', #124 ) ;
#1039 = DIRECTION ( 'NONE',  ( -0.000000000000000000, -0.000000000000000000, -1.000000000000000000 ) ) ;
#1040 = DIRECTION ( 'NONE',  ( -1.000000000000000000, 0.000000000000000000, 0.000000000000000000 ) ) ;
#1041 = EDGE_CURVE ( 'NONE', #668, #1188, #1075, .T. ) ;
#1042 = APPLICATION_PROTOCOL_DEFINITION ( 'draft international standard', 'automotive_design', 1998, #720 ) ;
#1043 = EDGE_LOOP ( 'NONE', ( #248, #1555 ) ) ;
#1044 = DIRECTION ( 'NONE',  ( 0.000000000000000000, 0.000000000000000000, -1.000000000000000000 ) ) ;
#1045 = ORIENTED_EDGE ( 'NONE', *, *, #521, .F. ) ;
#1046 = FACE_BOUND ( 'NONE', #1577, .T. ) ;
#1047 = DIRECTION ( 'NONE',  ( -1.000000000000000000, 0.000000000000000000, 0.000000000000000000 ) ) ;
#1048 = VERTEX_POINT ( 'NONE', #658 ) ;
#1049 = CARTESIAN_POINT ( 'NONE',  ( -66.49999999999998579, 0.000000000000000000, 5.000000000000000000 ) ) ;
#1050 = ORIENTED_EDGE ( 'NONE', *, *, #1462, .F. ) ;
#1051 = CIRCLE ( 'NONE', #428, 2.000000000000001776 ) ;
#1052 = ORIENTED_EDGE ( 'NONE', *, *, #1531, .F. ) ;
#1053 = FACE_OUTER_BOUND ( 'NONE', #1129, .T. ) ;
#1054 = DIRECTION ( 'NONE',  ( -0.000000000000000000, -0.000000000000000000, -1.000000000000000000 ) ) ;
#1055 = DIRECTION ( 'NONE',  ( -0.000000000000000000, -0.000000000000000000, -1.000000000000000000 ) ) ;
#1056 = ORIENTED_EDGE ( 'NONE', *, *, #691, .F. ) ;
#1057 = LINE ( 'NONE', #382, #775 ) ;
#1058 = ADVANCED_FACE ( 'NONE', ( #777 ), #1581, .F. ) ;
#1059 = DIRECTION ( 'NONE',  ( -0.000000000000000000, -0.000000000000000000, -1.000000000000000000 ) ) ;
#1060 = CARTESIAN_POINT ( 'NONE',  ( 0.000000000000000000, 0.000000000000000000, 0.000000000000000000 ) ) ;
#1061 = VERTEX_POINT ( 'NONE', #1049 ) ;
#1062 = DIRECTION ( 'NONE',  ( 0.000000000000000000, 0.000000000000000000, 1.000000000000000000 ) ) ;
#1063 = ADVANCED_FACE ( 'NONE', ( #238 ), #228, .F. ) ;
#1064 = CIRCLE ( 'NONE', #891, 2.000000000000001776 ) ;
#1065 = DIRECTION ( 'NONE',  ( 1.000000000000000000, 0.000000000000000000, 0.000000000000000000 ) ) ;
#1066 = EDGE_LOOP ( 'NONE', ( #1726, #967, #45, #1644 ) ) ;
#1067 = CARTESIAN_POINT ( 'NONE',  ( -41.13620667976217504, 23.75000000000234124, 42.00000000000000000 ) ) ;
#1068 = VERTEX_POINT ( 'NONE', #641 ) ;
#1069 = DIRECTION ( 'NONE',  ( -0.000000000000000000, -0.000000000000000000, -1.000000000000000000 ) ) ;
#1070 = ORIENTED_EDGE ( 'NONE', *, *, #825, .F. ) ;
#1071 = DIRECTION ( 'NONE',  ( 1.000000000000000000, 0.000000000000000000, 0.000000000000000000 ) ) ;
#1072 = EDGE_CURVE ( 'NONE', #1176, #507, #1192, .T. ) ;
#1073 = ORIENTED_EDGE ( 'NONE', *, *, #281, .T. ) ;
#1074 = ORIENTED_EDGE ( 'NONE', *, *, #430, .T. ) ;
#1075 = LINE ( 'NONE', #1175, #1295 ) ;
#1076 = ADVANCED_FACE ( 'NONE', ( #506 ), #1710, .F. ) ;
#1077 = CARTESIAN_POINT ( 'NONE',  ( 41.13620667975679623, -23.75000000000234834, 3.999999999999996447 ) ) ;
#1078 = EDGE_LOOP ( 'NONE', ( #370, #602, #1683, #344 ) ) ;
#1079 = CARTESIAN_POINT ( 'NONE',  ( 3.500000000000000888, 47.50000000000000711, 42.00000000000000000 ) ) ;
#1080 = CIRCLE ( 'NONE', #3, 3.500000000000000888 ) ;
#1081 = ORIENTED_EDGE ( 'NONE', *, *, #691, .T. ) ;
#1082 = DIRECTION ( 'NONE',  ( 0.000000000000000000, 0.000000000000000000, -1.000000000000000000 ) ) ;
#1083 = EDGE_CURVE ( 'NONE', #1048, #88, #371, .T. ) ;
#1084 = CARTESIAN_POINT ( 'NONE',  ( -20.13401488931532768, -31.61898170394517038, 3.999999999999996447 ) ) ;
#1085 = VERTEX_POINT ( 'NONE', #1438 ) ;
#1086 = DIRECTION ( 'NONE',  ( -1.000000000000000000, 0.000000000000000000, 0.000000000000000000 ) ) ;
#1087 = DIRECTION ( 'NONE',  ( 0.000000000000000000, 0.000000000000000000, 1.000000000000000000 ) ) ;
#1088 = AXIS2_PLACEMENT_3D ( 'NONE', #235, #1690, #278 ) ;
#1089 = EDGE_LOOP ( 'NONE', ( #497, #1343 ) ) ;
#1090 = AXIS2_PLACEMENT_3D ( 'NONE', #440, #586, #1372 ) ;
#1091 = DIRECTION ( 'NONE',  ( 0.000000000000000000, 0.000000000000000000, -1.000000000000000000 ) ) ;
#1092 = CARTESIAN_POINT ( 'NONE',  ( 41.13620667975951051, 23.74999999999764100, 42.00000000000000000 ) ) ;
#1093 = ORIENTED_EDGE ( 'NONE', *, *, #72, .T. ) ;
#1094 = ADVANCED_FACE ( 'NONE', ( #1734, #797 ), #1302, .T. ) ;
#1095 = DIRECTION ( 'NONE',  ( 0.000000000000000000, 0.000000000000000000, 1.000000000000000000 ) ) ;
#1096 = ADVANCED_FACE ( 'NONE', ( #1184 ), #516, .F. ) ;
#1097 = CARTESIAN_POINT ( 'NONE',  ( -1.895026714781650412, -36.44984884206770914, 0.000000000000000000 ) ) ;
#1098 = VERTEX_POINT ( 'NONE', #400 ) ;
#1099 = CARTESIAN_POINT ( 'NONE',  ( -3.500000000010851320, -47.50000000000000000, 0.000000000000000000 ) ) ;
#1100 = CIRCLE ( 'NONE', #930, 3.500000000000731859 ) ;
#1101 = ORIENTED_EDGE ( 'NONE', *, *, #1404, .F. ) ;
#1102 = CARTESIAN_POINT ( 'NONE',  ( -37.63620667976144318, 23.75000000000234124, 42.00000000000000000 ) ) ;
#1103 = EDGE_LOOP ( 'NONE', ( #1266, #592, #300, #1377 ) ) ;
#1104 = FACE_OUTER_BOUND ( 'NONE', #483, .T. ) ;
#1105 = CARTESIAN_POINT ( 'NONE',  ( -18.31583395275860582, 31.51400841871716096, 42.00000000000000000 ) ) ;
#1106 = AXIS2_PLACEMENT_3D ( 'NONE', #472, #1548, #411 ) ;
#1107 = ORIENTED_EDGE ( 'NONE', *, *, #888, .T. ) ;
#1108 = DIRECTION ( 'NONE',  ( 0.000000000000000000, 0.000000000000000000, -1.000000000000000000 ) ) ;
#1109 = ORIENTED_EDGE ( 'NONE', *, *, #1589, .T. ) ;
#1110 = FACE_OUTER_BOUND ( 'NONE', #697, .T. ) ;
#1111 = ADVANCED_FACE ( 'NONE', ( #258 ), #804, .F. ) ;
#1112 = CARTESIAN_POINT ( 'NONE',  ( -20.31583395275860582, 31.51400841871716096, 3.999999999999996447 ) ) ;
#1113 = VERTEX_POINT ( 'NONE', #1430 ) ;
#1114 = DIRECTION ( 'NONE',  ( 0.000000000000000000, 0.000000000000000000, 1.000000000000000000 ) ) ;
#1115 = AXIS2_PLACEMENT_3D ( 'NONE', #415, #1037, #1310 ) ;
#1116 = VERTEX_POINT ( 'NONE', #1291 ) ;
#1117 = CIRCLE ( 'NONE', #1562, 2.000000000000001776 ) ;
#1118 = EDGE_LOOP ( 'NONE', ( #198, #515, #1481, #1652 ) ) ;
#1119 = DIRECTION ( 'NONE',  ( 1.000000000000000000, 0.000000000000000000, 0.000000000000000000 ) ) ;
#1120 = FACE_OUTER_BOUND ( 'NONE', #788, .T. ) ;
#1121 = VERTEX_POINT ( 'NONE', #86 ) ;
#1122 = CARTESIAN_POINT ( 'NONE',  ( 58.50000000000000000, 7.164183775012014056E-15, 47.00000000000000000 ) ) ;
#1123 = AXIS2_PLACEMENT_3D ( 'NONE', #1105, #434, #971 ) ;
#1124 = CARTESIAN_POINT ( 'NONE',  ( 16.31583395274975601, -31.51400841872239411, 3.999999999999996447 ) ) ;
#1125 = CARTESIAN_POINT ( 'NONE',  ( 36.44984884206066766, 0.1049732852201437361, 42.00000000000000000 ) ) ;
#1126 = EDGE_CURVE ( 'NONE', #426, #1148, #1057, .T. ) ;
#1127 = DIRECTION ( 'NONE',  ( 1.000000000000000000, 0.000000000000000000, 0.000000000000000000 ) ) ;
#1128 = CYLINDRICAL_SURFACE ( 'NONE', #975, 2.000000000000001776 ) ;
#1129 = EDGE_LOOP ( 'NONE', ( #675, #1093, #1179, #519 ) ) ;
#1130 = VECTOR ( 'NONE', #1069, 1000.000000000000000 ) ;
#1131 = EDGE_LOOP ( 'NONE', ( #915, #305 ) ) ;
#1132 = ADVANCED_FACE ( 'NONE', ( #629 ), #1166, .F. ) ;
#1133 = CARTESIAN_POINT ( 'NONE',  ( -3.500000000000000888, 47.50000000000000711, 0.000000000000000000 ) ) ;
#1134 = CARTESIAN_POINT ( 'NONE',  ( 37.63620667975182243, -23.75000000000234834, 0.000000000000000000 ) ) ;
#1135 = DIRECTION ( 'NONE',  ( -0.000000000000000000, -0.000000000000000000, -1.000000000000000000 ) ) ;
#1136 = VERTEX_POINT ( 'NONE', #1616 ) ;
#1137 = EDGE_LOOP ( 'NONE', ( #1733, #1139 ) ) ;
#1138 = CIRCLE ( 'NONE', #838, 2.000000000000000444 ) ;
#1139 = ORIENTED_EDGE ( 'NONE', *, *, #1257, .F. ) ;
#1140 = DIRECTION ( 'NONE',  ( 0.000000000000000000, 0.000000000000000000, -1.000000000000000000 ) ) ;
#1141 = ADVANCED_FACE ( 'NONE', ( #273 ), #419, .F. ) ;
#1142 = CYLINDRICAL_SURFACE ( 'NONE', #719, 3.500000000005468515 ) ;
#1143 = EDGE_CURVE ( 'NONE', #1321, #1412, #1632, .T. ) ;
#1144 = ORIENTED_EDGE ( 'NONE', *, *, #283, .F. ) ;
#1145 = DIRECTION ( 'NONE',  ( 0.000000000000000000, 0.000000000000000000, -1.000000000000000000 ) ) ;
#1146 = DIRECTION ( 'NONE',  ( -1.000000000000000000, 0.000000000000000000, 0.000000000000000000 ) ) ;
#1147 = VERTEX_POINT ( 'NONE', #1216 ) ;
#1148 = VERTEX_POINT ( 'NONE', #956 ) ;
#1149 = ORIENTED_EDGE ( 'NONE', *, *, #1327, .T. ) ;
#1150 = CIRCLE ( 'NONE', #1406, 2.000000000000001776 ) ;
#1151 = CARTESIAN_POINT ( 'NONE',  ( -34.44984884206949260, -0.1049732852253997123, 42.00000000000000000 ) ) ;
#1152 = FACE_OUTER_BOUND ( 'NONE', #194, .T. ) ;
#1153 = ORIENTED_EDGE ( 'NONE', *, *, #482, .T. ) ;
#1154 = FACE_BOUND ( 'NONE', #1512, .T. ) ;
#1155 = DIRECTION ( 'NONE',  ( -1.000000000000000000, 0.000000000000000000, 0.000000000000000000 ) ) ;
#1156 = VECTOR ( 'NONE', #798, 1000.000000000000000 ) ;
#1157 = ORIENTED_EDGE ( 'NONE', *, *, #433, .F. ) ;
#1158 = CARTESIAN_POINT ( 'NONE',  ( 0.000000000000000000, 0.000000000000000000, 3.999999999999996447 ) ) ;
#1159 = AXIS2_PLACEMENT_3D ( 'NONE', #1591, #525, #108 ) ;
#1160 = CARTESIAN_POINT ( 'NONE',  ( 0.000000000000000000, 47.50000000000000711, 3.999999999999996447 ) ) ;
#1161 = EDGE_CURVE ( 'NONE', #1188, #88, #859, .T. ) ;
#1162 = VERTEX_POINT ( 'NONE', #1650 ) ;
#1163 = FACE_BOUND ( 'NONE', #116, .T. ) ;
#1164 = DIRECTION ( 'NONE',  ( 1.000000000000000000, 0.000000000000000000, 0.000000000000000000 ) ) ;
#1165 = ORIENTED_EDGE ( 'NONE', *, *, #262, .F. ) ;
#1166 = CYLINDRICAL_SURFACE ( 'NONE', #1359, 3.500000000003403056 ) ;
#1167 = CIRCLE ( 'NONE', #1392, 58.50000000000000000 ) ;
#1168 = CARTESIAN_POINT ( 'NONE',  ( 18.13401488930650274, 31.61898170393991592, 3.999999999999996447 ) ) ;
#1169 = AXIS2_PLACEMENT_3D ( 'NONE', #159, #33, #288 ) ;
#1170 = DIRECTION ( 'NONE',  ( -0.000000000000000000, -0.000000000000000000, -1.000000000000000000 ) ) ;
#1171 = ORIENTED_EDGE ( 'NONE', *, *, #729, .T. ) ;
#1172 = DIRECTION ( 'NONE',  ( 0.000000000000000000, 0.000000000000000000, 1.000000000000000000 ) ) ;
#1173 = CARTESIAN_POINT ( 'NONE',  ( -0.1049732852271832440, 36.44984884206245113, 3.999999999999996447 ) ) ;
#1174 = ORIENTED_EDGE ( 'NONE', *, *, #1238, .T. ) ;
#1175 = CARTESIAN_POINT ( 'NONE',  ( 1.895026714772817256, 36.44984884206245113, 42.00000000000000000 ) ) ;
#1176 = VERTEX_POINT ( 'NONE', #690 ) ;
#1177 = DIRECTION ( 'NONE',  ( -0.000000000000000000, -0.000000000000000000, -1.000000000000000000 ) ) ;
#1178 = AXIS2_PLACEMENT_3D ( 'NONE', #386, #1054, #1190 ) ;
#1179 = ORIENTED_EDGE ( 'NONE', *, *, #1270, .T. ) ;
#1180 = LINE ( 'NONE', #654, #682 ) ;
#1181 = FACE_BOUND ( 'NONE', #1239, .T. ) ;
#1182 = DIRECTION ( 'NONE',  ( 1.000000000000000000, 0.000000000000000000, 0.000000000000000000 ) ) ;
#1183 = ORIENTED_EDGE ( 'NONE', *, *, #748, .F. ) ;
#1184 = FACE_OUTER_BOUND ( 'NONE', #527, .T. ) ;
#1185 = EDGE_CURVE ( 'NONE', #1737, #336, #626, .T. ) ;
#1186 = DIRECTION ( 'NONE',  ( 0.000000000000000000, 0.000000000000000000, 1.000000000000000000 ) ) ;
#1187 = CIRCLE ( 'NONE', #1022, 2.000000000000000444 ) ;
#1188 = VERTEX_POINT ( 'NONE', #1738 ) ;
#1189 = DIRECTION ( 'NONE',  ( 1.000000000000000000, 0.000000000000000000, 0.000000000000000000 ) ) ;
#1190 = DIRECTION ( 'NONE',  ( -1.000000000000000000, 0.000000000000000000, 0.000000000000000000 ) ) ;
#1191 = VERTEX_POINT ( 'NONE', #1624 ) ;
#1192 = LINE ( 'NONE', #903, #938 ) ;
#1193 = ORIENTED_EDGE ( 'NONE', *, *, #1204, .F. ) ;
#1194 = DIRECTION ( 'NONE',  ( -0.2747211278973756832, 0.000000000000000000, -0.9615239476408238284 ) ) ;
#1195 = ORIENTED_EDGE ( 'NONE', *, *, #222, .F. ) ;
#1196 = EDGE_CURVE ( 'NONE', #1176, #1061, #1530, .T. ) ;
#1197 = AXIS2_PLACEMENT_3D ( 'NONE', #215, #910, #1447 ) ;
#1198 = CYLINDRICAL_SURFACE ( 'NONE', #1123, 2.000000000000001776 ) ;
#1199 = EDGE_CURVE ( 'NONE', #158, #353, #1613, .T. ) ;
#1200 = ORIENTED_EDGE ( 'NONE', *, *, #1445, .T. ) ;
#1201 = DIRECTION ( 'NONE',  ( -0.000000000000000000, -0.000000000000000000, -1.000000000000000000 ) ) ;
#1202 = SURFACE_STYLE_USAGE ( .BOTH. , #949 ) ;
#1203 = ORIENTED_EDGE ( 'NONE', *, *, #377, .T. ) ;
#1204 = EDGE_CURVE ( 'NONE', #1191, #771, #1494, .T. ) ;
#1205 = CYLINDRICAL_SURFACE ( 'NONE', #390, 2.000000000000001776 ) ;
#1206 = VERTEX_POINT ( 'NONE', #1099 ) ;
#1207 = DIRECTION ( 'NONE',  ( -0.000000000000000000, -0.000000000000000000, -1.000000000000000000 ) ) ;
#1208 = DIRECTION ( 'NONE',  ( 1.000000000000000000, 0.000000000000000000, 0.000000000000000000 ) ) ;
#1209 = ORIENTED_EDGE ( 'NONE', *, *, #148, .F. ) ;
#1210 = CARTESIAN_POINT ( 'NONE',  ( 31.61898170393812180, -18.13401488931353356, 0.000000000000000000 ) ) ;
#1211 = PRESENTATION_LAYER_ASSIGNMENT (  '', '', ( #1020 ) ) ;
#1212 = DIRECTION ( 'NONE',  ( 0.000000000000000000, 0.000000000000000000, -1.000000000000000000 ) ) ;
#1213 = PRODUCT_RELATED_PRODUCT_CATEGORY ( 'part', '', ( #1323 ) ) ;
#1214 = AXIS2_PLACEMENT_3D ( 'NONE', #1067, #389, #1324 ) ;
#1215 = ORIENTED_EDGE ( 'NONE', *, *, #377, .F. ) ;
#1216 = CARTESIAN_POINT ( 'NONE',  ( 20.31583395274975246, -31.51400841872239411, 3.999999999999996447 ) ) ;
#1217 = AXIS2_PLACEMENT_3D ( 'NONE', #966, #1108, #574 ) ;
#1218 = ADVANCED_FACE ( 'NONE', ( #298 ), #708, .F. ) ;
#1219 = DIRECTION ( 'NONE',  ( -1.000000000000000000, 0.000000000000000000, 0.000000000000000000 ) ) ;
#1220 =( LENGTH_UNIT ( ) NAMED_UNIT ( * ) SI_UNIT ( .MILLI., .METRE. ) );
#1221 = EDGE_CURVE ( 'NONE', #1607, #572, #314, .T. ) ;
#1222 = ORIENTED_EDGE ( 'NONE', *, *, #537, .F. ) ;
#1223 = CARTESIAN_POINT ( 'NONE',  ( 0.000000000000000000, 0.000000000000000000, 3.999999999999996447 ) ) ;
#1224 = CARTESIAN_POINT ( 'NONE',  ( -5.382673574888913610E-12, -47.50000000000000000, 0.000000000000000000 ) ) ;
#1225 = AXIS2_PLACEMENT_3D ( 'NONE', #824, #1458, #1619 ) ;
#1226 = EDGE_LOOP ( 'NONE', ( #471, #1622, #1450, #78 ) ) ;
#1227 = CIRCLE ( 'NONE', #1454, 1.999999999999998224 ) ;
#1228 = CARTESIAN_POINT ( 'NONE',  ( 0.000000000000000000, 47.50000000000000711, 42.00000000000000000 ) ) ;
#1229 = ORIENTED_EDGE ( 'NONE', *, *, #1605, .T. ) ;
#1230 = FACE_OUTER_BOUND ( 'NONE', #242, .T. ) ;
#1231 = ORIENTED_EDGE ( 'NONE', *, *, #1126, .T. ) ;
#1232 = DIRECTION ( 'NONE',  ( 1.000000000000000000, 0.000000000000000000, 0.000000000000000000 ) ) ;
#1233 = DIRECTION ( 'NONE',  ( -1.000000000000000000, 0.000000000000000000, 0.000000000000000000 ) ) ;
#1234 = VECTOR ( 'NONE', #1717, 1000.000000000000000 ) ;
#1235 = ORIENTED_EDGE ( 'NONE', *, *, #1522, .F. ) ;
#1236 = CARTESIAN_POINT ( 'NONE',  ( -37.63620667976144318, 23.75000000000234124, 0.000000000000000000 ) ) ;
#1237 = AXIS2_PLACEMENT_3D ( 'NONE', #1004, #364, #64 ) ;
#1238 = EDGE_CURVE ( 'NONE', #375, #959, #460, .T. ) ;
#1239 = EDGE_LOOP ( 'NONE', ( #111, #1021 ) ) ;
#1240 = DIRECTION ( 'NONE',  ( 1.000000000000000000, 0.000000000000000000, 0.000000000000000000 ) ) ;
#1241 = DIRECTION ( 'NONE',  ( 0.000000000000000000, 0.000000000000000000, 1.000000000000000000 ) ) ;
#1242 = AXIS2_PLACEMENT_3D ( 'NONE', #140, #1352, #126 ) ;
#1243 = VERTEX_POINT ( 'NONE', #1236 ) ;
#1244 = CARTESIAN_POINT ( 'NONE',  ( 0.000000000000000000, 0.000000000000000000, 0.000000000000000000 ) ) ;
#1245 = ORIENTED_EDGE ( 'NONE', *, *, #1041, .F. ) ;
#1246 = ORIENTED_EDGE ( 'NONE', *, *, #761, .T. ) ;
#1247 = CARTESIAN_POINT ( 'NONE',  ( -33.51400841872419534, -18.31583395275679749, 3.999999999999996447 ) ) ;
#1248 = CARTESIAN_POINT ( 'NONE',  ( 0.000000000000000000, 47.50000000000000711, 3.999999999999996447 ) ) ;
#1249 = EDGE_LOOP ( 'NONE', ( #1460, #1714, #1558, #739 ) ) ;
#1250 = ADVANCED_FACE ( 'NONE', ( #284 ), #28, .F. ) ;
#1251 = CARTESIAN_POINT ( 'NONE',  ( -36.44984884206949971, -0.1049732852253999482, 42.00000000000000000 ) ) ;
#1252 = CIRCLE ( 'NONE', #15, 2.000000000000001776 ) ;
#1253 = VECTOR ( 'NONE', #1518, 1000.000000000000000 ) ;
#1254 = VERTEX_POINT ( 'NONE', #1511 ) ;
#1255 = CARTESIAN_POINT ( 'NONE',  ( -31.51400841872419178, -18.31583395275679749, 42.00000000000000000 ) ) ;
#1256 = LINE ( 'NONE', #867, #1303 ) ;
#1257 = EDGE_CURVE ( 'NONE', #1711, #1030, #1064, .T. ) ;
#1258 = DIRECTION ( 'NONE',  ( 0.000000000000000000, 0.000000000000000000, -1.000000000000000000 ) ) ;
#1259 = DIRECTION ( 'NONE',  ( 1.000000000000000000, 0.000000000000000000, 0.000000000000000000 ) ) ;
#1260 = CIRCLE ( 'NONE', #50, 2.000000000000001776 ) ;
#1261 = CARTESIAN_POINT ( 'NONE',  ( 0.1049732852183500320, -36.44984884206770914, 3.999999999999996447 ) ) ;
#1262 = DIRECTION ( 'NONE',  ( 0.000000000000000000, 0.000000000000000000, -1.000000000000000000 ) ) ;
#1263 = DIRECTION ( 'NONE',  ( -0.000000000000000000, -0.000000000000000000, -1.000000000000000000 ) ) ;
#1264 = AXIS2_PLACEMENT_3D ( 'NONE', #918, #104, #366 ) ;
#1265 = DIRECTION ( 'NONE',  ( -1.000000000000000000, 0.000000000000000000, 0.000000000000000000 ) ) ;
#1266 = ORIENTED_EDGE ( 'NONE', *, *, #186, .F. ) ;
#1267 = EDGE_CURVE ( 'NONE', #741, #507, #208, .T. ) ;
#1268 = EDGE_LOOP ( 'NONE', ( #1195, #145 ) ) ;
#1269 = LINE ( 'NONE', #1294, #1682 ) ;
#1270 = EDGE_CURVE ( 'NONE', #643, #601, #152, .T. ) ;
#1271 = CARTESIAN_POINT ( 'NONE',  ( 0.1049732852183500320, -36.44984884206770914, 0.000000000000000000 ) ) ;
#1272 = VERTEX_POINT ( 'NONE', #673 ) ;
#1273 = DIRECTION ( 'NONE',  ( -0.000000000000000000, -0.000000000000000000, -1.000000000000000000 ) ) ;
#1274 = CARTESIAN_POINT ( 'NONE',  ( -31.61898170394698226, 18.13401488930826844, 3.999999999999996447 ) ) ;
#1275 = EDGE_LOOP ( 'NONE', ( #437, #1735, #1322, #1283 ) ) ;
#1276 = AXIS2_PLACEMENT_3D ( 'NONE', #1490, #1428, #1086 ) ;
#1277 = ORIENTED_EDGE ( 'NONE', *, *, #1456, .T. ) ;
#1278 = DIRECTION ( 'NONE',  ( -1.000000000000000000, 0.000000000000000000, 0.000000000000000000 ) ) ;
#1279 = CARTESIAN_POINT ( 'NONE',  ( -16.13401488931532413, -31.61898170394517038, 42.00000000000000000 ) ) ;
#1280 = ORIENTED_EDGE ( 'NONE', *, *, #1369, .F. ) ;
#1281 = PLANE ( 'NONE',  #421 ) ;
#1282 = DIRECTION ( 'NONE',  ( 0.000000000000000000, 0.000000000000000000, 1.000000000000000000 ) ) ;
#1283 = ORIENTED_EDGE ( 'NONE', *, *, #1534, .F. ) ;
#1284 = DIRECTION ( 'NONE',  ( -1.000000000000000000, 0.000000000000000000, 0.000000000000000000 ) ) ;
#1285 = EDGE_CURVE ( 'NONE', #158, #1206, #409, .T. ) ;
#1286 = DIRECTION ( 'NONE',  ( 0.000000000000000000, 0.000000000000000000, 1.000000000000000000 ) ) ;
#1287 = FACE_BOUND ( 'NONE', #567, .T. ) ;
#1288 = CARTESIAN_POINT ( 'NONE',  ( -36.44984884206949971, -0.1049732852253999482, 3.999999999999996447 ) ) ;
#1289 = ORIENTED_EDGE ( 'NONE', *, *, #468, .T. ) ;
#1290 = ORIENTED_EDGE ( 'NONE', *, *, #482, .F. ) ;
#1291 = CARTESIAN_POINT ( 'NONE',  ( -44.63620667976827860, -23.74999999999766587, 3.999999999999996447 ) ) ;
#1292 = CIRCLE ( 'NONE', #1629, 3.500000000000731859 ) ;
#1293 = ORIENTED_EDGE ( 'NONE', *, *, #401, .F. ) ;
#1294 = CARTESIAN_POINT ( 'NONE',  ( -29.51400841872418823, -18.31583395275679749, 42.00000000000000000 ) ) ;
#1295 = VECTOR ( 'NONE', #1700, 1000.000000000000000 ) ;
#1296 = LINE ( 'NONE', #1704, #196 ) ;
#1297 = AXIS2_PLACEMENT_3D ( 'NONE', #914, #99, #789 ) ;
#1298 = EDGE_LOOP ( 'NONE', ( #946, #1375 ) ) ;
#1299 = LINE ( 'NONE', #245, #555 ) ;
#1300 = CARTESIAN_POINT ( 'NONE',  ( -58.50000000000000000, 0.000000000000000000, 4.000000000000003553 ) ) ;
#1301 = ORIENTED_EDGE ( 'NONE', *, *, #220, .T. ) ;
#1302 = PLANE ( 'NONE',  #1297 ) ;
#1303 = VECTOR ( 'NONE', #860, 1000.000000000000000 ) ;
#1304 = DIRECTION ( 'NONE',  ( -0.000000000000000000, -0.000000000000000000, -1.000000000000000000 ) ) ;
#1305 = AXIS2_PLACEMENT_3D ( 'NONE', #1251, #990, #599 ) ;
#1306 = ORIENTED_EDGE ( 'NONE', *, *, #166, .T. ) ;
#1307 = EDGE_CURVE ( 'NONE', #661, #1272, #125, .T. ) ;
#1308 = FACE_OUTER_BOUND ( 'NONE', #1275, .T. ) ;
#1309 = PLANE ( 'NONE',  #1571 ) ;
#1310 = DIRECTION ( 'NONE',  ( 1.000000000000000000, 0.000000000000000000, 0.000000000000000000 ) ) ;
#1311 = EDGE_CURVE ( 'NONE', #1243, #1136, #721, .T. ) ;
#1312 = EDGE_LOOP ( 'NONE', ( #1701, #843, #495, #1660 ) ) ;
#1313 = CARTESIAN_POINT ( 'NONE',  ( 34.44984884206066056, 0.1049732852201437361, 0.000000000000000000 ) ) ;
#1314 =( NAMED_UNIT ( * ) SI_UNIT ( $, .STERADIAN. ) SOLID_ANGLE_UNIT ( ) );
#1315 = AXIS2_PLACEMENT_3D ( 'NONE', #378, #1172, #646 ) ;
#1316 = ORIENTED_EDGE ( 'NONE', *, *, #1513, .T. ) ;
#1317 = DIRECTION ( 'NONE',  ( 1.000000000000000000, 0.000000000000000000, 0.000000000000000000 ) ) ;
#1318 = AXIS2_PLACEMENT_3D ( 'NONE', #1508, #749, #1278 ) ;
#1319 = CARTESIAN_POINT ( 'NONE',  ( -18.13401488931532768, -31.61898170394517038, 0.000000000000000000 ) ) ;
#1320 = DIRECTION ( 'NONE',  ( -0.000000000000000000, -0.000000000000000000, -1.000000000000000000 ) ) ;
#1321 = VERTEX_POINT ( 'NONE', #1122 ) ;
#1322 = ORIENTED_EDGE ( 'NONE', *, *, #299, .T. ) ;
#1323 = PRODUCT ( 'Kuppel', 'Kuppel', '', ( #750 ) ) ;
#1324 = DIRECTION ( 'NONE',  ( -1.000000000000000000, 0.000000000000000000, 0.000000000000000000 ) ) ;
#1325 = DIRECTION ( 'NONE',  ( 0.000000000000000000, 0.000000000000000000, 1.000000000000000000 ) ) ;
#1326 = VECTOR ( 'NONE', #1634, 1000.000000000000000 ) ;
#1327 = EDGE_CURVE ( 'NONE', #1338, #1431, #998, .T. ) ;
#1328 = CONICAL_SURFACE ( 'NONE', #566, 60.50000000000019895, 0.2782996590051088903 ) ;
#1329 = ORIENTED_EDGE ( 'NONE', *, *, #1143, .F. ) ;
#1330 = ADVANCED_FACE ( 'NONE', ( #193 ), #1128, .F. ) ;
#1331 = DIRECTION ( 'NONE',  ( -1.000000000000000000, 0.000000000000000000, 0.000000000000000000 ) ) ;
#1332 = ORIENTED_EDGE ( 'NONE', *, *, #761, .F. ) ;
#1333 = CIRCLE ( 'NONE', #1476, 1.999999999999998224 ) ;
#1334 = CARTESIAN_POINT ( 'NONE',  ( 37.63620667975698808, 23.74999999999764100, 42.00000000000000000 ) ) ;
#1335 = EDGE_LOOP ( 'NONE', ( #900, #689 ) ) ;
#1336 = DIRECTION ( 'NONE',  ( 1.000000000000000000, 0.000000000000000000, 0.000000000000000000 ) ) ;
#1337 = LINE ( 'NONE', #650, #367 ) ;
#1338 = VERTEX_POINT ( 'NONE', #1405 ) ;
#1339 = AXIS2_PLACEMENT_3D ( 'NONE', #106, #647, #1182 ) ;
#1340 = AXIS2_PLACEMENT_3D ( 'NONE', #560, #169, #712 ) ;
#1341 = ADVANCED_BREP_SHAPE_REPRESENTATION ( 'Kuppel', ( #279, #636 ), #604 ) ;
#1342 = LINE ( 'NONE', #1079, #488 ) ;
#1343 = ORIENTED_EDGE ( 'NONE', *, *, #729, .F. ) ;
#1344 = DIRECTION ( 'NONE',  ( -1.000000000000000000, 0.000000000000000000, 0.000000000000000000 ) ) ;
#1345 = CARTESIAN_POINT ( 'NONE',  ( 18.31583395274975246, -31.51400841872239411, 3.999999999999996447 ) ) ;
#1346 = EDGE_LOOP ( 'NONE', ( #324, #1203, #1011, #1144 ) ) ;
#1347 = CIRCLE ( 'NONE', #631, 3.500000000005468515 ) ;
#1348 = CARTESIAN_POINT ( 'NONE',  ( -37.63620667976147161, -23.74999999999766587, 0.000000000000000000 ) ) ;
#1349 = ADVANCED_FACE ( 'NONE', ( #1009 ), #1554, .F. ) ;
#1350 = ORIENTED_EDGE ( 'NONE', *, *, #552, .T. ) ;
#1351 = DIRECTION ( 'NONE',  ( 0.000000000000000000, 0.000000000000000000, -1.000000000000000000 ) ) ;
#1352 = DIRECTION ( 'NONE',  ( 0.000000000000000000, 0.000000000000000000, -1.000000000000000000 ) ) ;
#1353 = VERTEX_POINT ( 'NONE', #717 ) ;
#1354 = DIRECTION ( 'NONE',  ( -0.000000000000000000, -0.000000000000000000, -1.000000000000000000 ) ) ;
#1355 = MECHANICAL_DESIGN_GEOMETRIC_PRESENTATION_REPRESENTATION (  '', ( #1020 ), #565 ) ;
#1356 = DIRECTION ( 'NONE',  ( -0.000000000000000000, -0.000000000000000000, -1.000000000000000000 ) ) ;
#1357 = ORIENTED_EDGE ( 'NONE', *, *, #745, .F. ) ;
#1358 = DIRECTION ( 'NONE',  ( -0.000000000000000000, -0.000000000000000000, -1.000000000000000000 ) ) ;
#1359 = AXIS2_PLACEMENT_3D ( 'NONE', #496, #1039, #1570 ) ;
#1360 = CARTESIAN_POINT ( 'NONE',  ( 25.39999999999999858, 3.110602869834276076E-15, 42.00000000000000000 ) ) ;
#1361 = DIRECTION ( 'NONE',  ( -0.000000000000000000, -0.000000000000000000, -1.000000000000000000 ) ) ;
#1362 = ORIENTED_EDGE ( 'NONE', *, *, #74, .F. ) ;
#1363 = CARTESIAN_POINT ( 'NONE',  ( 31.51400841871534908, 18.31583395275154658, 3.999999999999996447 ) ) ;
#1364 = EDGE_CURVE ( 'NONE', #634, #209, #692, .T. ) ;
#1365 = DIRECTION ( 'NONE',  ( -0.000000000000000000, -0.000000000000000000, -1.000000000000000000 ) ) ;
#1366 = AXIS2_PLACEMENT_3D ( 'NONE', #266, #814, #1344 ) ;
#1367 = VERTEX_POINT ( 'NONE', #343 ) ;
#1368 = DIRECTION ( 'NONE',  ( 1.000000000000000000, 0.000000000000000000, 0.000000000000000000 ) ) ;
#1369 = EDGE_CURVE ( 'NONE', #1398, #1085, #200, .T. ) ;
#1370 = EDGE_LOOP ( 'NONE', ( #1561, #1070 ) ) ;
#1371 = VERTEX_POINT ( 'NONE', #1658 ) ;
#1372 = DIRECTION ( 'NONE',  ( -1.000000000000000000, 0.000000000000000000, 0.000000000000000000 ) ) ;
#1373 = DIRECTION ( 'NONE',  ( -1.000000000000000000, 0.000000000000000000, 0.000000000000000000 ) ) ;
#1374 = AXIS2_PLACEMENT_3D ( 'NONE', #1614, #417, #144 ) ;
#1375 = ORIENTED_EDGE ( 'NONE', *, *, #1709, .F. ) ;
#1376 = DIRECTION ( 'NONE',  ( -1.000000000000000000, 0.000000000000000000, 0.000000000000000000 ) ) ;
#1377 = ORIENTED_EDGE ( 'NONE', *, *, #806, .T. ) ;
#1378 = VERTEX_POINT ( 'NONE', #444 ) ;
#1379 = ADVANCED_FACE ( 'NONE', ( #869 ), #730, .F. ) ;
#1380 = DIRECTION ( 'NONE',  ( 0.000000000000000000, 0.000000000000000000, -1.000000000000000000 ) ) ;
#1381 = ADVANCED_FACE ( 'NONE', ( #747 ), #1545, .F. ) ;
#1382 = DIRECTION ( 'NONE',  ( -1.000000000000000000, 0.000000000000000000, 0.000000000000000000 ) ) ;
#1383 = AXIS2_PLACEMENT_3D ( 'NONE', #898, #767, #1693 ) ;
#1384 = VERTEX_POINT ( 'NONE', #1539 ) ;
#1385 = CARTESIAN_POINT ( 'NONE',  ( -41.13620667976217504, 23.75000000000234124, 0.000000000000000000 ) ) ;
#1386 = CIRCLE ( 'NONE', #1612, 2.000000000000001776 ) ;
#1387 = AXIS2_PLACEMENT_3D ( 'NONE', #1228, #1358, #138 ) ;
#1388 = ORIENTED_EDGE ( 'NONE', *, *, #1537, .F. ) ;
#1389 = CYLINDRICAL_SURFACE ( 'NONE', #1090, 2.000000000000001776 ) ;
#1390 = ADVANCED_FACE ( 'NONE', ( #618 ), #326, .T. ) ;
#1391 = CARTESIAN_POINT ( 'NONE',  ( 37.63620667975698808, 23.74999999999764100, 0.000000000000000000 ) ) ;
#1392 = AXIS2_PLACEMENT_3D ( 'NONE', #842, #44, #1647 ) ;
#1393 = DIRECTION ( 'NONE',  ( -1.000000000000000000, 0.000000000000000000, 0.000000000000000000 ) ) ;
#1394 = LINE ( 'NONE', #429, #31 ) ;
#1395 = DIRECTION ( 'NONE',  ( -0.000000000000000000, -0.000000000000000000, -1.000000000000000000 ) ) ;
#1396 = VECTOR ( 'NONE', #589, 1000.000000000000000 ) ;
#1397 = CIRCLE ( 'NONE', #493, 25.39999999999999858 ) ;
#1398 = VERTEX_POINT ( 'NONE', #46 ) ;
#1399 = CYLINDRICAL_SURFACE ( 'NONE', #578, 2.000000000000000444 ) ;
#1400 = EDGE_CURVE ( 'NONE', #974, #1448, #862, .T. ) ;
#1401 = CARTESIAN_POINT ( 'NONE',  ( 62.50000000000000000, 7.654042494670956226E-15, 5.000000000000000000 ) ) ;
#1402 = VERTEX_POINT ( 'NONE', #1672 ) ;
#1403 = LINE ( 'NONE', #67, #309 ) ;
#1404 = EDGE_CURVE ( 'NONE', #1038, #572, #470, .T. ) ;
#1405 = CARTESIAN_POINT ( 'NONE',  ( 16.13401488930650629, 31.61898170393991592, 3.999999999999996447 ) ) ;
#1406 = AXIS2_PLACEMENT_3D ( 'NONE', #1501, #1212, #1732 ) ;
#1407 = ORIENTED_EDGE ( 'NONE', *, *, #401, .T. ) ;
#1408 = EDGE_CURVE ( 'NONE', #1631, #1371, #98, .T. ) ;
#1409 = VERTEX_POINT ( 'NONE', #1679 ) ;
#1410 = DIRECTION ( 'NONE',  ( -1.000000000000000000, 0.000000000000000000, 0.000000000000000000 ) ) ;
#1411 = FACE_OUTER_BOUND ( 'NONE', #431, .T. ) ;
#1412 = VERTEX_POINT ( 'NONE', #982 ) ;
#1413 = AXIS2_PLACEMENT_3D ( 'NONE', #1345, #667, #1208 ) ;
#1414 = DIRECTION ( 'NONE',  ( -0.000000000000000000, -0.000000000000000000, -1.000000000000000000 ) ) ;
#1415 = CIRCLE ( 'NONE', #963, 3.500000000000000888 ) ;
#1416 = CARTESIAN_POINT ( 'NONE',  ( 0.1049732852183500320, -36.44984884206770914, 3.999999999999996447 ) ) ;
#1417 = DIRECTION ( 'NONE',  ( 1.000000000000000000, 0.000000000000000000, 0.000000000000000000 ) ) ;
#1418 =( NAMED_UNIT ( * ) SI_UNIT ( $, .STERADIAN. ) SOLID_ANGLE_UNIT ( ) );
#1419 = DIRECTION ( 'NONE',  ( 0.000000000000000000, 0.000000000000000000, 1.000000000000000000 ) ) ;
#1420 = CARTESIAN_POINT ( 'NONE',  ( 41.13620667975951051, 23.74999999999764100, 0.000000000000000000 ) ) ;
#1421 = DIRECTION ( 'NONE',  ( -0.000000000000000000, -0.000000000000000000, -1.000000000000000000 ) ) ;
#1422 = EDGE_CURVE ( 'NONE', #426, #439, #919, .T. ) ;
#1423 = CIRCLE ( 'NONE', #1088, 1.999999999999998224 ) ;
#1424 = ORIENTED_EDGE ( 'NONE', *, *, #1731, .F. ) ;
#1425 = DIRECTION ( 'NONE',  ( -1.000000000000000000, 0.000000000000000000, 0.000000000000000000 ) ) ;
#1426 = CARTESIAN_POINT ( 'NONE',  ( 0.000000000000000000, 0.000000000000000000, 47.00000000000000000 ) ) ;
#1427 = FACE_BOUND ( 'NONE', #991, .T. ) ;
#1428 = DIRECTION ( 'NONE',  ( 0.000000000000000000, 0.000000000000000000, -1.000000000000000000 ) ) ;
#1429 = EDGE_LOOP ( 'NONE', ( #454, #1200, #157, #1293 ) ) ;
#1430 = CARTESIAN_POINT ( 'NONE',  ( 16.31583395274975601, -31.51400841872239411, 0.000000000000000000 ) ) ;
#1431 = VERTEX_POINT ( 'NONE', #1017 ) ;
#1432 = DIRECTION ( 'NONE',  ( -1.000000000000000000, 0.000000000000000000, 0.000000000000000000 ) ) ;
#1433 = DIRECTION ( 'NONE',  ( 0.000000000000000000, 0.000000000000000000, 1.000000000000000000 ) ) ;
#1434 = DIRECTION ( 'NONE',  ( 1.000000000000000000, 0.000000000000000000, 0.000000000000000000 ) ) ;
#1435 = ORIENTED_EDGE ( 'NONE', *, *, #281, .F. ) ;
#1436 = CARTESIAN_POINT ( 'NONE',  ( -33.61898170394698582, 18.13401488930826844, 42.00000000000000000 ) ) ;
#1437 = DIRECTION ( 'NONE',  ( -0.000000000000000000, -0.000000000000000000, -1.000000000000000000 ) ) ;
#1438 = CARTESIAN_POINT ( 'NONE',  ( 29.61898170393811824, -18.13401488931353356, 0.000000000000000000 ) ) ;
#1439 = AXIS2_PLACEMENT_3D ( 'NONE', #1703, #1140, #1040 ) ;
#1440 = EDGE_LOOP ( 'NONE', ( #1050, #981 ) ) ;
#1441 = ADVANCED_FACE ( 'NONE', ( #1520 ), #852, .F. ) ;
#1442 = FACE_OUTER_BOUND ( 'NONE', #526, .T. ) ;
#1443 = EDGE_LOOP ( 'NONE', ( #478, #51 ) ) ;
#1444 = CARTESIAN_POINT ( 'NONE',  ( 34.44984884206066056, 0.1049732852201437361, 3.999999999999996447 ) ) ;
#1445 = EDGE_CURVE ( 'NONE', #634, #1384, #774, .T. ) ;
#1446 = FACE_BOUND ( 'NONE', #776, .T. ) ;
#1447 = DIRECTION ( 'NONE',  ( 1.000000000000000000, 0.000000000000000000, 0.000000000000000000 ) ) ;
#1448 = VERTEX_POINT ( 'NONE', #1300 ) ;
#1449 = DIRECTION ( 'NONE',  ( -1.000000000000000000, 0.000000000000000000, 0.000000000000000000 ) ) ;
#1450 = ORIENTED_EDGE ( 'NONE', *, *, #1285, .T. ) ;
#1451 = DIRECTION ( 'NONE',  ( -1.000000000000000000, 0.000000000000000000, 0.000000000000000000 ) ) ;
#1452 = AXIS2_PLACEMENT_3D ( 'NONE', #77, #207, #453 ) ;
#1453 = EDGE_LOOP ( 'NONE', ( #372, #97 ) ) ;
#1454 = AXIS2_PLACEMENT_3D ( 'NONE', #14, #320, #866 ) ;
#1455 = CARTESIAN_POINT ( 'NONE',  ( 0.000000000000000000, 0.000000000000000000, 42.00000000000000000 ) ) ;
#1456 = EDGE_CURVE ( 'NONE', #1113, #501, #1423, .T. ) ;
#1457 = FACE_OUTER_BOUND ( 'NONE', #1687, .T. ) ;
#1458 = DIRECTION ( 'NONE',  ( 0.000000000000000000, 0.000000000000000000, 1.000000000000000000 ) ) ;
#1459 = EDGE_CURVE ( 'NONE', #439, #426, #1593, .T. ) ;
#1460 = ORIENTED_EDGE ( 'NONE', *, *, #1731, .T. ) ;
#1461 = DIRECTION ( 'NONE',  ( 1.000000000000000000, 0.000000000000000000, 0.000000000000000000 ) ) ;
#1462 = EDGE_CURVE ( 'NONE', #1116, #1038, #665, .T. ) ;
#1463 = AXIS2_PLACEMENT_3D ( 'NONE', #136, #289, #1331 ) ;
#1464 = ORIENTED_EDGE ( 'NONE', *, *, #387, .F. ) ;
#1465 = CARTESIAN_POINT ( 'NONE',  ( 0.000000000000000000, 47.50000000000000711, 0.000000000000000000 ) ) ;
#1466 = AXIS2_PLACEMENT_3D ( 'NONE', #1158, #1574, #1685 ) ;
#1467 = FACE_BOUND ( 'NONE', #1506, .T. ) ;
#1468 = ORIENTED_EDGE ( 'NONE', *, *, #839, .F. ) ;
#1469 = DIRECTION ( 'NONE',  ( -0.000000000000000000, -0.000000000000000000, -1.000000000000000000 ) ) ;
#1470 = DIRECTION ( 'NONE',  ( 0.000000000000000000, 0.000000000000000000, 1.000000000000000000 ) ) ;
#1471 = DIRECTION ( 'NONE',  ( 1.000000000000000000, 0.000000000000000000, 0.000000000000000000 ) ) ;
#1472 = ORIENTED_EDGE ( 'NONE', *, *, #321, .T. ) ;
#1473 = CARTESIAN_POINT ( 'NONE',  ( -5.382673574888913610E-12, -47.50000000000000000, 0.000000000000000000 ) ) ;
#1474 = ORIENTED_EDGE ( 'NONE', *, *, #570, .F. ) ;
#1475 = ORIENTED_EDGE ( 'NONE', *, *, #1565, .T. ) ;
#1476 = AXIS2_PLACEMENT_3D ( 'NONE', #191, #315, #1393 ) ;
#1477 = DIRECTION ( 'NONE',  ( -0.000000000000000000, -0.000000000000000000, -1.000000000000000000 ) ) ;
#1478 = EDGE_CURVE ( 'NONE', #668, #1048, #1138, .T. ) ;
#1479 = CARTESIAN_POINT ( 'NONE',  ( 33.51400841871534908, 18.31583395275154658, 0.000000000000000000 ) ) ;
#1480 = AXIS2_PLACEMENT_3D ( 'NONE', #180, #1677, #1014 ) ;
#1481 = ORIENTED_EDGE ( 'NONE', *, *, #855, .T. ) ;
#1482 = AXIS2_PLACEMENT_3D ( 'NONE', #436, #973, #829 ) ;
#1483 = VECTOR ( 'NONE', #764, 1000.000000000000000 ) ;
#1484 = CARTESIAN_POINT ( 'NONE',  ( 1.895026714772817256, 36.44984884206245113, 3.999999999999996447 ) ) ;
#1485 = CIRCLE ( 'NONE', #725, 66.49999999999998579 ) ;
#1486 = EDGE_LOOP ( 'NONE', ( #399, #731, #384, #853 ) ) ;
#1487 = DIRECTION ( 'NONE',  ( -0.000000000000000000, -0.000000000000000000, -1.000000000000000000 ) ) ;
#1488 = LINE ( 'NONE', #252, #1156 ) ;
#1489 = ORIENTED_EDGE ( 'NONE', *, *, #745, .T. ) ;
#1490 = CARTESIAN_POINT ( 'NONE',  ( 31.51400841871534908, 18.31583395275154658, 0.000000000000000000 ) ) ;
#1491 = VECTOR ( 'NONE', #149, 1000.000000000000000 ) ;
#1492 = FACE_OUTER_BOUND ( 'NONE', #1226, .T. ) ;
#1493 = ORIENTED_EDGE ( 'NONE', *, *, #260, .T. ) ;
#1494 = LINE ( 'NONE', #37, #89 ) ;
#1495 = DIRECTION ( 'NONE',  ( -1.000000000000000000, 0.000000000000000000, 0.000000000000000000 ) ) ;
#1496 = EDGE_CURVE ( 'NONE', #1431, #1121, #1002, .T. ) ;
#1497 = ORIENTED_EDGE ( 'NONE', *, *, #521, .T. ) ;
#1498 = CIRCLE ( 'NONE', #117, 60.50000000000019895 ) ;
#1499 = CARTESIAN_POINT ( 'NONE',  ( -16.31583395275860227, 31.51400841871716096, 0.000000000000000000 ) ) ;
#1500 = ADVANCED_FACE ( 'NONE', ( #785 ), #369, .F. ) ;
#1501 = CARTESIAN_POINT ( 'NONE',  ( -36.44984884206949971, -0.1049732852253999482, 0.000000000000000000 ) ) ;
#1502 = EDGE_LOOP ( 'NONE', ( #176, #408 ) ) ;
#1503 = DIRECTION ( 'NONE',  ( 0.000000000000000000, 0.000000000000000000, 1.000000000000000000 ) ) ;
#1504 = ORIENTED_EDGE ( 'NONE', *, *, #1196, .F. ) ;
#1505 = CARTESIAN_POINT ( 'NONE',  ( 3.500000000000085709, -47.50000000000000000, 0.000000000000000000 ) ) ;
#1506 = EDGE_LOOP ( 'NONE', ( #1532, #672 ) ) ;
#1507 = CARTESIAN_POINT ( 'NONE',  ( 0.000000000000000000, 0.000000000000000000, 47.00000000000000000 ) ) ;
#1508 = CARTESIAN_POINT ( 'NONE',  ( -36.44984884206949971, -0.1049732852253999482, 0.000000000000000000 ) ) ;
#1509 = FACE_OUTER_BOUND ( 'NONE', #223, .T. ) ;
#1510 = AXIS2_PLACEMENT_3D ( 'NONE', #291, #835, #698 ) ;
#1511 = CARTESIAN_POINT ( 'NONE',  ( 37.63620667975698808, 23.74999999999764100, 3.999999999999996447 ) ) ;
#1512 = EDGE_LOOP ( 'NONE', ( #1594, #1056 ) ) ;
#1513 = EDGE_CURVE ( 'NONE', #823, #301, #1540, .T. ) ;
#1514 = EDGE_CURVE ( 'NONE', #167, #1409, #237, .T. ) ;
#1515 = ORIENTED_EDGE ( 'NONE', *, *, #166, .F. ) ;
#1516 = DIRECTION ( 'NONE',  ( 0.000000000000000000, 0.000000000000000000, -1.000000000000000000 ) ) ;
#1517 = DIRECTION ( 'NONE',  ( -0.000000000000000000, -0.000000000000000000, -1.000000000000000000 ) ) ;
#1518 = DIRECTION ( 'NONE',  ( -0.000000000000000000, -0.000000000000000000, -1.000000000000000000 ) ) ;
#1519 = ORIENTED_EDGE ( 'NONE', *, *, #748, .T. ) ;
#1520 = FACE_OUTER_BOUND ( 'NONE', #128, .T. ) ;
#1521 = EDGE_LOOP ( 'NONE', ( #297, #1306, #435, #913 ) ) ;
#1522 = EDGE_CURVE ( 'NONE', #363, #1191, #1648, .T. ) ;
#1523 = PRODUCT_DEFINITION_CONTEXT ( 'detailed design', #438, 'design' ) ;
#1524 = EDGE_LOOP ( 'NONE', ( #551, #1618 ) ) ;
#1525 = CARTESIAN_POINT ( 'NONE',  ( -0.1049732852271832440, 36.44984884206245113, 42.00000000000000000 ) ) ;
#1526 = CARTESIAN_POINT ( 'NONE',  ( -41.13620667976487510, -23.74999999999766587, 0.000000000000000000 ) ) ;
#1527 = VERTEX_POINT ( 'NONE', #921 ) ;
#1528 = CARTESIAN_POINT ( 'NONE',  ( 0.000000000000000000, 0.000000000000000000, 47.00000000000000000 ) ) ;
#1529 = ORIENTED_EDGE ( 'NONE', *, *, #74, .T. ) ;
#1530 = CIRCLE ( 'NONE', #912, 66.49999999999998579 ) ;
#1531 = EDGE_CURVE ( 'NONE', #812, #863, #1646, .T. ) ;
#1532 = ORIENTED_EDGE ( 'NONE', *, *, #651, .F. ) ;
#1533 = FACE_OUTER_BOUND ( 'NONE', #1730, .T. ) ;
#1534 = EDGE_CURVE ( 'NONE', #1191, #363, #347, .T. ) ;
#1535 = DIRECTION ( 'NONE',  ( 0.000000000000000000, 0.000000000000000000, -1.000000000000000000 ) ) ;
#1536 = AXIS2_PLACEMENT_3D ( 'NONE', #996, #1535, #170 ) ;
#1537 = EDGE_CURVE ( 'NONE', #1409, #959, #514, .T. ) ;
#1538 = DIRECTION ( 'NONE',  ( -0.000000000000000000, -0.000000000000000000, -1.000000000000000000 ) ) ;
#1539 = CARTESIAN_POINT ( 'NONE',  ( 2.104973285218350476, -36.44984884206770914, 0.000000000000000000 ) ) ;
#1540 = CIRCLE ( 'NONE', #1276, 2.000000000000001776 ) ;
#1541 = ORIENTED_EDGE ( 'NONE', *, *, #1404, .T. ) ;
#1542 = CYLINDRICAL_SURFACE ( 'NONE', #1603, 2.000000000000001776 ) ;
#1543 = CARTESIAN_POINT ( 'NONE',  ( 0.000000000000000000, 0.000000000000000000, 4.000000000000003553 ) ) ;
#1544 = DIRECTION ( 'NONE',  ( -0.000000000000000000, -0.000000000000000000, -1.000000000000000000 ) ) ;
#1545 = CYLINDRICAL_SURFACE ( 'NONE', #1305, 2.000000000000001776 ) ;
#1546 = AXIS2_PLACEMENT_3D ( 'NONE', #271, #1087, #1071 ) ;
#1547 = ORIENTED_EDGE ( 'NONE', *, *, #1083, .T. ) ;
#1548 = DIRECTION ( 'NONE',  ( 0.000000000000000000, 0.000000000000000000, 1.000000000000000000 ) ) ;
#1549 = DIRECTION ( 'NONE',  ( -0.000000000000000000, -0.000000000000000000, -1.000000000000000000 ) ) ;
#1550 = ADVANCED_FACE ( 'NONE', ( #686 ), #1588, .F. ) ;
#1551 = VECTOR ( 'NONE', #1414, 1000.000000000000000 ) ;
#1552 = CARTESIAN_POINT ( 'NONE',  ( 66.49999999999998579, 8.143901214329898396E-15, 0.000000000000000000 ) ) ;
#1553 = CIRCLE ( 'NONE', #740, 2.000000000000000444 ) ;
#1554 = CYLINDRICAL_SURFACE ( 'NONE', #465, 58.50000000000000000 ) ;
#1555 = ORIENTED_EDGE ( 'NONE', *, *, #321, .F. ) ;
#1556 = DIRECTION ( 'NONE',  ( -0.000000000000000000, -0.000000000000000000, -1.000000000000000000 ) ) ;
#1557 = CARTESIAN_POINT ( 'NONE',  ( 34.44984884206066056, 0.1049732852201437361, 42.00000000000000000 ) ) ;
#1558 = ORIENTED_EDGE ( 'NONE', *, *, #1676, .T. ) ;
#1559 = DIRECTION ( 'NONE',  ( 1.000000000000000000, 0.000000000000000000, -0.000000000000000000 ) ) ;
#1560 = CARTESIAN_POINT ( 'NONE',  ( 0.000000000000000000, 0.000000000000000000, 47.00000000000000000 ) ) ;
#1561 = ORIENTED_EDGE ( 'NONE', *, *, #877, .F. ) ;
#1562 = AXIS2_PLACEMENT_3D ( 'NONE', #1363, #695, #1232 ) ;
#1563 = FACE_OUTER_BOUND ( 'NONE', #121, .T. ) ;
#1564 = CLOSED_SHELL ( 'NONE', ( #392, #1441, #1111, #1691, #613, #1699, #713, #1500, #446, #726, #1132, #1250, #1550, #1379, #101, #965, #508, #1058, #1659, #1689, #1076, #1623, #203, #628, #1094, #533, #1390, #759, #557, #1349, #911, #447, #277, #1141, #190, #1096, #687, #1330, #1381, #929, #593, #150, #1626, #1063, #135, #669, #1218, #1000, #787, #96 ) ) ;
#1565 = EDGE_CURVE ( 'NONE', #828, #1590, #676, .T. ) ;
#1566 = CARTESIAN_POINT ( 'NONE',  ( -18.13401488931532768, -31.61898170394517038, 3.999999999999996447 ) ) ;
#1567 = ORIENTED_EDGE ( 'NONE', *, *, #962, .T. ) ;
#1568 = FACE_BOUND ( 'NONE', #20, .T. ) ;
#1569 = CARTESIAN_POINT ( 'NONE',  ( 2.104973285218350476, -36.44984884206770914, 42.00000000000000000 ) ) ;
#1570 = DIRECTION ( 'NONE',  ( -1.000000000000000000, 0.000000000000000000, 0.000000000000000000 ) ) ;
#1571 = AXIS2_PLACEMENT_3D ( 'NONE', #542, #122, #6 ) ;
#1572 = EDGE_LOOP ( 'NONE', ( #1157, #398, #694, #935 ) ) ;
#1573 = EDGE_CURVE ( 'NONE', #1068, #1085, #1252, .T. ) ;
#1574 = DIRECTION ( 'NONE',  ( 0.000000000000000000, 0.000000000000000000, 1.000000000000000000 ) ) ;
#1575 = EDGE_LOOP ( 'NONE', ( #1597, #1719 ) ) ;
#1576 = DIRECTION ( 'NONE',  ( -1.000000000000000000, 0.000000000000000000, 0.000000000000000000 ) ) ;
#1577 = EDGE_LOOP ( 'NONE', ( #1183, #1052 ) ) ;
#1578 = CARTESIAN_POINT ( 'NONE',  ( -31.51400841872419178, -18.31583395275679749, 3.999999999999996447 ) ) ;
#1579 = DIRECTION ( 'NONE',  ( 1.000000000000000000, 0.000000000000000000, 0.000000000000000000 ) ) ;
#1580 = EDGE_LOOP ( 'NONE', ( #1109, #308, #232, #972 ) ) ;
#1581 = CYLINDRICAL_SURFACE ( 'NONE', #1214, 3.500000000000731859 ) ;
#1582 = CIRCLE ( 'NONE', #1636, 3.500000000004971135 ) ;
#1583 = LINE ( 'NONE', #660, #1130 ) ;
#1584 = ORIENTED_EDGE ( 'NONE', *, *, #81, .F. ) ;
#1585 = CARTESIAN_POINT ( 'NONE',  ( -58.50000000000000000, 0.000000000000000000, 47.00000000000000000 ) ) ;
#1586 = EDGE_CURVE ( 'NONE', #1018, #601, #143, .T. ) ;
#1587 = DIRECTION ( 'NONE',  ( -1.000000000000000000, 0.000000000000000000, 0.000000000000000000 ) ) ;
#1588 = CYLINDRICAL_SURFACE ( 'NONE', #267, 2.000000000000001776 ) ;
#1589 = EDGE_CURVE ( 'NONE', #974, #1321, #947, .T. ) ;
#1590 = VERTEX_POINT ( 'NONE', #351 ) ;
#1591 = CARTESIAN_POINT ( 'NONE',  ( 0.000000000000000000, 0.000000000000000000, 47.00000000000000000 ) ) ;
#1592 = CARTESIAN_POINT ( 'NONE',  ( 0.000000000000000000, 0.000000000000000000, 47.00000000000000000 ) ) ;
#1593 = CIRCLE ( 'NONE', #1032, 2.000000000000001776 ) ;
#1594 = ORIENTED_EDGE ( 'NONE', *, *, #653, .F. ) ;
#1595 = DIRECTION ( 'NONE',  ( -1.000000000000000000, 0.000000000000000000, 0.000000000000000000 ) ) ;
#1596 = FACE_BOUND ( 'NONE', #1137, .T. ) ;
#1597 = ORIENTED_EDGE ( 'NONE', *, *, #1408, .F. ) ;
#1598 = CARTESIAN_POINT ( 'NONE',  ( 31.61898170393812180, -18.13401488931353356, 42.00000000000000000 ) ) ;
#1599 = ORIENTED_EDGE ( 'NONE', *, *, #1041, .T. ) ;
#1600 = DIRECTION ( 'NONE',  ( 0.000000000000000000, 0.000000000000000000, 1.000000000000000000 ) ) ;
#1601 = CIRCLE ( 'NONE', #818, 3.500000000005468515 ) ;
#1602 = ORIENTED_EDGE ( 'NONE', *, *, #333, .F. ) ;
#1603 = AXIS2_PLACEMENT_3D ( 'NONE', #479, #102, #1410 ) ;
#1604 = DIRECTION ( 'NONE',  ( 0.000000000000000000, 0.000000000000000000, -1.000000000000000000 ) ) ;
#1605 = EDGE_CURVE ( 'NONE', #92, #1338, #786, .T. ) ;
#1606 = ORIENTED_EDGE ( 'NONE', *, *, #1364, .F. ) ;
#1607 = VERTEX_POINT ( 'NONE', #48 ) ;
#1608 = DIRECTION ( 'NONE',  ( -1.000000000000000000, 0.000000000000000000, 0.000000000000000000 ) ) ;
#1609 =( NAMED_UNIT ( * ) PLANE_ANGLE_UNIT ( ) SI_UNIT ( $, .RADIAN. ) );
#1610 = CIRCLE ( 'NONE', #622, 3.500000000002521983 ) ;
#1611 = ORIENTED_EDGE ( 'NONE', *, *, #1640, .T. ) ;
#1612 = AXIS2_PLACEMENT_3D ( 'NONE', #884, #1419, #204 ) ;
#1613 = CIRCLE ( 'NONE', #995, 3.500000000005468515 ) ;
#1614 = CARTESIAN_POINT ( 'NONE',  ( -5.382673574888913610E-12, -47.50000000000000000, 3.999999999999996447 ) ) ;
#1615 = VERTEX_POINT ( 'NONE', #1247 ) ;
#1616 = CARTESIAN_POINT ( 'NONE',  ( -44.63620667976290690, 23.75000000000234124, 0.000000000000000000 ) ) ;
#1617 = AXIS2_PLACEMENT_3D ( 'NONE', #1543, #744, #978 ) ;
#1618 = ORIENTED_EDGE ( 'NONE', *, *, #1185, .F. ) ;
#1619 = DIRECTION ( 'NONE',  ( 1.000000000000000000, 0.000000000000000000, 0.000000000000000000 ) ) ;
#1620 = AXIS2_PLACEMENT_3D ( 'NONE', #310, #977, #1119 ) ;
#1621 = CARTESIAN_POINT ( 'NONE',  ( 2.104973285218350476, -36.44984884206770914, 3.999999999999996447 ) ) ;
#1622 = ORIENTED_EDGE ( 'NONE', *, *, #639, .T. ) ;
#1623 = ADVANCED_FACE ( 'NONE', ( #1645 ), #302, .T. ) ;
#1624 = CARTESIAN_POINT ( 'NONE',  ( 62.50000000000000000, 7.654042494670956226E-15, 40.00000000000063238 ) ) ;
#1625 = DIRECTION ( 'NONE',  ( 0.000000000000000000, 0.000000000000000000, 1.000000000000000000 ) ) ;
#1626 = ADVANCED_FACE ( 'NONE', ( #1110 ), #1389, .F. ) ;
#1627 = ORIENTED_EDGE ( 'NONE', *, *, #311, .T. ) ;
#1628 = DIRECTION ( 'NONE',  ( 1.000000000000000000, 0.000000000000000000, 0.000000000000000000 ) ) ;
#1629 = AXIS2_PLACEMENT_3D ( 'NONE', #342, #192, #1127 ) ;
#1630 = DIRECTION ( 'NONE',  ( -1.000000000000000000, 0.000000000000000000, 0.000000000000000000 ) ) ;
#1631 = VERTEX_POINT ( 'NONE', #841 ) ;
#1632 = LINE ( 'NONE', #8, #684 ) ;
#1633 = EDGE_LOOP ( 'NONE', ( #1474, #1584 ) ) ;
#1634 = DIRECTION ( 'NONE',  ( -0.000000000000000000, -0.000000000000000000, -1.000000000000000000 ) ) ;
#1635 = VERTEX_POINT ( 'NONE', #1124 ) ;
#1636 = AXIS2_PLACEMENT_3D ( 'NONE', #1077, #1186, #402 ) ;
#1637 = AXIS2_PLACEMENT_3D ( 'NONE', #623, #233, #1189 ) ;
#1638 = FACE_OUTER_BOUND ( 'NONE', #282, .T. ) ;
#1639 = CARTESIAN_POINT ( 'NONE',  ( 44.63620667976202583, 23.74999999999764100, 0.000000000000000000 ) ) ;
#1640 = EDGE_CURVE ( 'NONE', #265, #1398, #638, .T. ) ;
#1641 = EDGE_LOOP ( 'NONE', ( #294, #955 ) ) ;
#1642 = EDGE_CURVE ( 'NONE', #1384, #657, #181, .T. ) ;
#1643 = CARTESIAN_POINT ( 'NONE',  ( -18.13401488931532768, -31.61898170394517038, 3.999999999999996447 ) ) ;
#1644 = ORIENTED_EDGE ( 'NONE', *, *, #416, .F. ) ;
#1645 = FACE_OUTER_BOUND ( 'NONE', #1066, .T. ) ;
#1646 = CIRCLE ( 'NONE', #1115, 2.000000000000001776 ) ;
#1647 = DIRECTION ( 'NONE',  ( 1.000000000000000000, 0.000000000000000000, 0.000000000000000000 ) ) ;
#1648 = CIRCLE ( 'NONE', #1197, 62.50000000000000000 ) ;
#1649 = VERTEX_POINT ( 'NONE', #848 ) ;
#1650 = CARTESIAN_POINT ( 'NONE',  ( 25.39999999999999858, 3.110602869834276076E-15, 3.999999999999996447 ) ) ;
#1651 = ORIENTED_EDGE ( 'NONE', *, *, #1072, .T. ) ;
#1652 = ORIENTED_EDGE ( 'NONE', *, *, #455, .T. ) ;
#1653 = CYLINDRICAL_SURFACE ( 'NONE', #1169, 3.500000000002521983 ) ;
#1654 = FACE_BOUND ( 'NONE', #1667, .T. ) ;
#1655 = CIRCLE ( 'NONE', #474, 2.000000000000001776 ) ;
#1656 = DIRECTION ( 'NONE',  ( 0.000000000000000000, 0.000000000000000000, 1.000000000000000000 ) ) ;
#1657 = ORIENTED_EDGE ( 'NONE', *, *, #9, .T. ) ;
#1658 = CARTESIAN_POINT ( 'NONE',  ( -29.61898170394697871, 18.13401488930826844, 3.999999999999996447 ) ) ;
#1659 = ADVANCED_FACE ( 'NONE', ( #1104 ), #1653, .F. ) ;
#1660 = ORIENTED_EDGE ( 'NONE', *, *, #1674, .T. ) ;
#1661 = DIRECTION ( 'NONE',  ( -1.000000000000000000, 0.000000000000000000, 0.000000000000000000 ) ) ;
#1662 = FACE_OUTER_BOUND ( 'NONE', #1118, .T. ) ;
#1663 = AXIS2_PLACEMENT_3D ( 'NONE', #1060, #934, #1471 ) ;
#1664 = DIRECTION ( 'NONE',  ( -1.000000000000000000, 0.000000000000000000, 0.000000000000000000 ) ) ;
#1665 = DIRECTION ( 'NONE',  ( 0.000000000000000000, 0.000000000000000000, -1.000000000000000000 ) ) ;
#1666 = AXIS2_PLACEMENT_3D ( 'NONE', #926, #1062, #385 ) ;
#1667 = EDGE_LOOP ( 'NONE', ( #904, #60 ) ) ;
#1668 = AXIS2_PLACEMENT_3D ( 'NONE', #18, #1091, #563 ) ;
#1669 = ORIENTED_EDGE ( 'NONE', *, *, #1459, .F. ) ;
#1670 = DIRECTION ( 'NONE',  ( -0.000000000000000000, -0.000000000000000000, -1.000000000000000000 ) ) ;
#1671 = LINE ( 'NONE', #206, #502 ) ;
#1672 = CARTESIAN_POINT ( 'NONE',  ( -20.13401488931532768, -31.61898170394517038, 0.000000000000000000 ) ) ;
#1673 = VECTOR ( 'NONE', #1135, 1000.000000000000000 ) ;
#1674 = EDGE_CURVE ( 'NONE', #601, #643, #240, .T. ) ;
#1675 = DIRECTION ( 'NONE',  ( 0.000000000000000000, 0.000000000000000000, 1.000000000000000000 ) ) ;
#1676 = EDGE_CURVE ( 'NONE', #301, #823, #412, .T. ) ;
#1677 = DIRECTION ( 'NONE',  ( -0.000000000000000000, -0.000000000000000000, -1.000000000000000000 ) ) ;
#1678 = CARTESIAN_POINT ( 'NONE',  ( -29.61898170394697871, 18.13401488930826844, 42.00000000000000000 ) ) ;
#1679 = CARTESIAN_POINT ( 'NONE',  ( 44.63620667976176293, -23.75000000000234834, 3.999999999999996447 ) ) ;
#1680 = AXIS2_PLACEMENT_3D ( 'NONE', #886, #1145, #1495 ) ;
#1681 = EDGE_LOOP ( 'NONE', ( #510, #819, #1289, #619 ) ) ;
#1682 = VECTOR ( 'NONE', #487, 1000.000000000000000 ) ;
#1683 = ORIENTED_EDGE ( 'NONE', *, *, #148, .T. ) ;
#1684 = ORIENTED_EDGE ( 'NONE', *, *, #43, .T. ) ;
#1685 = DIRECTION ( 'NONE',  ( 1.000000000000000000, 0.000000000000000000, 0.000000000000000000 ) ) ;
#1686 = CYLINDRICAL_SURFACE ( 'NONE', #857, 2.000000000000000444 ) ;
#1687 = EDGE_LOOP ( 'NONE', ( #70, #131 ) ) ;
#1688 = FACE_BOUND ( 'NONE', #796, .T. ) ;
#1689 = ADVANCED_FACE ( 'NONE', ( #1638 ), #547, .T. ) ;
#1690 = DIRECTION ( 'NONE',  ( 0.000000000000000000, 0.000000000000000000, -1.000000000000000000 ) ) ;
#1691 = ADVANCED_FACE ( 'NONE', ( #724 ), #858, .F. ) ;
#1692 = AXIS2_PLACEMENT_3D ( 'NONE', #362, #1721, #1449 ) ;
#1693 = DIRECTION ( 'NONE',  ( -1.000000000000000000, 0.000000000000000000, 0.000000000000000000 ) ) ;
#1694 = CIRCLE ( 'NONE', #405, 2.000000000000001776 ) ;
#1695 = LINE ( 'NONE', #357, #801 ) ;
#1696 = FACE_BOUND ( 'NONE', #1370, .T. ) ;
#1697 = CIRCLE ( 'NONE', #407, 3.500000000003403056 ) ;
#1698 = CARTESIAN_POINT ( 'NONE',  ( -20.31583395275860582, 31.51400841871716096, 42.00000000000000000 ) ) ;
#1699 = ADVANCED_FACE ( 'NONE', ( #1533 ), #1399, .F. ) ;
#1700 = DIRECTION ( 'NONE',  ( -0.000000000000000000, -0.000000000000000000, -1.000000000000000000 ) ) ;
#1701 = ORIENTED_EDGE ( 'NONE', *, *, #72, .F. ) ;
#1702 = PRODUCT_DEFINITION_FORMATION_WITH_SPECIFIED_SOURCE ( 'ANY', '', #1323, .NOT_KNOWN. ) ;
#1703 = CARTESIAN_POINT ( 'NONE',  ( 0.000000000000000000, 47.50000000000000711, 0.000000000000000000 ) ) ;
#1704 = CARTESIAN_POINT ( 'NONE',  ( 3.500000000000085709, -47.50000000000000000, 42.00000000000000000 ) ) ;
#1705 = VERTEX_POINT ( 'NONE', #1499 ) ;
#1706 = FACE_BOUND ( 'NONE', #1131, .T. ) ;
#1707 = DIRECTION ( 'NONE',  ( 0.000000000000000000, 0.000000000000000000, 1.000000000000000000 ) ) ;
#1708 = ORIENTED_EDGE ( 'NONE', *, *, #414, .T. ) ;
#1709 = EDGE_CURVE ( 'NONE', #1121, #1431, #1227, .T. ) ;
#1710 = CYLINDRICAL_SURFACE ( 'NONE', #1159, 58.50000000000000000 ) ;
#1711 = VERTEX_POINT ( 'NONE', #187 ) ;
#1712 = LINE ( 'NONE', #779, #875 ) ;
#1713 = EDGE_CURVE ( 'NONE', #1018, #1162, #1397, .T. ) ;
#1714 = ORIENTED_EDGE ( 'NONE', *, *, #897, .T. ) ;
#1715 = EDGE_CURVE ( 'NONE', #1635, #1113, #424, .T. ) ;
#1716 = DIRECTION ( 'NONE',  ( -0.000000000000000000, -0.000000000000000000, -1.000000000000000000 ) ) ;
#1717 = DIRECTION ( 'NONE',  ( -0.000000000000000000, -0.000000000000000000, -1.000000000000000000 ) ) ;
#1718 = CARTESIAN_POINT ( 'NONE',  ( 44.63620667976176293, -23.75000000000234834, 42.00000000000000000 ) ) ;
#1719 = ORIENTED_EDGE ( 'NONE', *, *, #581, .F. ) ;
#1720 = CIRCLE ( 'NONE', #1637, 2.000000000000001776 ) ;
#1721 = DIRECTION ( 'NONE',  ( -0.000000000000000000, -0.000000000000000000, -1.000000000000000000 ) ) ;
#1722 = CARTESIAN_POINT ( 'NONE',  ( 0.000000000000000000, 0.000000000000000000, 5.000000000000000000 ) ) ;
#1723 = ORIENTED_EDGE ( 'NONE', *, *, #1573, .F. ) ;
#1724 = CARTESIAN_POINT ( 'NONE',  ( -0.1049732852271832440, 36.44984884206245113, 3.999999999999996447 ) ) ;
#1725 = LINE ( 'NONE', #1436, #1234 ) ;
#1726 = ORIENTED_EDGE ( 'NONE', *, *, #1522, .T. ) ;
#1727 = DIRECTION ( 'NONE',  ( -0.000000000000000000, -0.000000000000000000, -1.000000000000000000 ) ) ;
#1728 = CYLINDRICAL_SURFACE ( 'NONE', #224, 3.500000000000731859 ) ;
#1729 = AXIS2_PLACEMENT_3D ( 'NONE', #504, #485, #1047 ) ;
#1730 = EDGE_LOOP ( 'NONE', ( #30, #1599, #942, #63 ) ) ;
#1731 = EDGE_CURVE ( 'NONE', #840, #885, #1117, .T. ) ;
#1732 = DIRECTION ( 'NONE',  ( -1.000000000000000000, 0.000000000000000000, 0.000000000000000000 ) ) ;
#1733 = ORIENTED_EDGE ( 'NONE', *, *, #455, .F. ) ;
#1734 = FACE_BOUND ( 'NONE', #856, .T. ) ;
#1735 = ORIENTED_EDGE ( 'NONE', *, *, #269, .F. ) ;
#1736 = CARTESIAN_POINT ( 'NONE',  ( -18.31583395275860582, 31.51400841871716096, 0.000000000000000000 ) ) ;
#1737 = VERTEX_POINT ( 'NONE', #22 ) ;
#1738 = CARTESIAN_POINT ( 'NONE',  ( 1.895026714772817256, 36.44984884206245113, 0.000000000000000000 ) ) ;
#1739 = DIRECTION ( 'NONE',  ( -1.000000000000000000, 0.000000000000000000, 0.000000000000000000 ) ) ;
#1740 = LINE ( 'NONE', #268, #141 ) ;
#1741 = CIRCLE ( 'NONE', #1106, 3.500000000003403056 ) ;
ENDSEC;
END-ISO-10303-21;
