ISO-10303-21;
HEADER;
FILE_DESCRIPTION (( 'STEP AP214' ),
    '1' );
FILE_NAME ('Kuppel.STEP',
    '2026-03-05T14:03:33',
    ( '' ),
    ( '' ),
    'SwSTEP 2.0',
    'SolidWorks 2023',
    '' );
FILE_SCHEMA (( 'AUTOMOTIVE_DESIGN' ));
ENDSEC;

DATA;
#1 = CIRCLE ( 'NONE', #1304, 3.500000000000000888 ) ;
#2 = DIRECTION ( 'NONE',  ( 1.000000000000000000, 0.000000000000000000, 0.000000000000000000 ) ) ;
#3 = ORIENTED_EDGE ( 'NONE', *, *, #1664, .T. ) ;
#4 = CIRCLE ( 'NONE', #687, 62.50000000000000000 ) ;
#5 = CARTESIAN_POINT ( 'NONE',  ( 0.000000000000000000, 0.000000000000000000, 47.00000000000000000 ) ) ;
#6 = ORIENTED_EDGE ( 'NONE', *, *, #1529, .F. ) ;
#7 = EDGE_CURVE ( 'NONE', #1603, #1434, #691, .T. ) ;
#8 = ORIENTED_EDGE ( 'NONE', *, *, #1531, .T. ) ;
#9 = DIRECTION ( 'NONE',  ( -1.000000000000000000, 0.000000000000000000, 0.000000000000000000 ) ) ;
#10 = DIRECTION ( 'NONE',  ( 1.000000000000000000, 0.000000000000000000, 0.000000000000000000 ) ) ;
#11 = DIRECTION ( 'NONE',  ( -1.000000000000000000, 0.000000000000000000, 0.000000000000000000 ) ) ;
#12 = ORIENTED_EDGE ( 'NONE', *, *, #1268, .T. ) ;
#13 = DIRECTION ( 'NONE',  ( -0.000000000000000000, -0.000000000000000000, -1.000000000000000000 ) ) ;
#14 = ORIENTED_EDGE ( 'NONE', *, *, #395, .F. ) ;
#15 = EDGE_CURVE ( 'NONE', #944, #143, #1124, .T. ) ;
#16 =( NAMED_UNIT ( * ) SI_UNIT ( $, .STERADIAN. ) SOLID_ANGLE_UNIT ( ) );
#17 = CARTESIAN_POINT ( 'NONE',  ( 44.63620667976202583, 23.74999999999764100, 3.999999999999996447 ) ) ;
#18 = DIRECTION ( 'NONE',  ( -0.000000000000000000, -0.000000000000000000, -1.000000000000000000 ) ) ;
#19 = LINE ( 'NONE', #1295, #159 ) ;
#20 = EDGE_LOOP ( 'NONE', ( #897, #1592, #710, #522 ) ) ;
#21 = DIRECTION ( 'NONE',  ( 0.000000000000000000, 0.000000000000000000, 1.000000000000000000 ) ) ;
#22 = EDGE_CURVE ( 'NONE', #1515, #1143, #1566, .T. ) ;
#23 = FACE_BOUND ( 'NONE', #847, .T. ) ;
#24 = CYLINDRICAL_SURFACE ( 'NONE', #52, 2.000000000000001776 ) ;
#25 = DIRECTION ( 'NONE',  ( -1.000000000000000000, 0.000000000000000000, 0.000000000000000000 ) ) ;
#26 = AXIS2_PLACEMENT_3D ( 'NONE', #326, #844, #1384 ) ;
#27 = AXIS2_PLACEMENT_3D ( 'NONE', #380, #778, #898 ) ;
#28 = EDGE_LOOP ( 'NONE', ( #8, #1553, #1443, #1498 ) ) ;
#29 = DIRECTION ( 'NONE',  ( 0.000000000000000000, 0.000000000000000000, 1.000000000000000000 ) ) ;
#30 = CARTESIAN_POINT ( 'NONE',  ( 31.51400841871534908, 18.31583395275154658, 0.000000000000000000 ) ) ;
#31 = EDGE_CURVE ( 'NONE', #1116, #1320, #312, .T. ) ;
#32 = FACE_BOUND ( 'NONE', #876, .T. ) ;
#33 = DIRECTION ( 'NONE',  ( -0.000000000000000000, -0.000000000000000000, -1.000000000000000000 ) ) ;
#34 = CARTESIAN_POINT ( 'NONE',  ( 38.44984884206066766, 0.1049732852201439859, 0.000000000000000000 ) ) ;
#35 = ORIENTED_EDGE ( 'NONE', *, *, #123, .T. ) ;
#36 = ORIENTED_EDGE ( 'NONE', *, *, #84, .F. ) ;
#37 = DIRECTION ( 'NONE',  ( 1.000000000000000000, 0.000000000000000000, 0.000000000000000000 ) ) ;
#38 = FACE_BOUND ( 'NONE', #87, .T. ) ;
#39 = CARTESIAN_POINT ( 'NONE',  ( -1.895026714781650412, -36.44984884206770914, 3.999999999999996447 ) ) ;
#40 = CARTESIAN_POINT ( 'NONE',  ( -31.51400841872419178, -18.31583395275679749, 42.00000000000000000 ) ) ;
#41 = ORIENTED_EDGE ( 'NONE', *, *, #1063, .F. ) ;
#42 = CARTESIAN_POINT ( 'NONE',  ( -0.1049732852271832440, 36.44984884206245113, 42.00000000000000000 ) ) ;
#43 = EDGE_CURVE ( 'NONE', #1265, #1113, #557, .T. ) ;
#44 = AXIS2_PLACEMENT_3D ( 'NONE', #363, #99, #217 ) ;
#45 = EDGE_LOOP ( 'NONE', ( #12, #1004 ) ) ;
#46 = CIRCLE ( 'NONE', #206, 3.500000000003403056 ) ;
#47 = CARTESIAN_POINT ( 'NONE',  ( 36.44984884206066766, 0.1049732852201437361, 3.999999999999996447 ) ) ;
#48 = LINE ( 'NONE', #163, #1366 ) ;
#49 = DIRECTION ( 'NONE',  ( 0.000000000000000000, 0.000000000000000000, -1.000000000000000000 ) ) ;
#50 = ORIENTED_EDGE ( 'NONE', *, *, #1441, .F. ) ;
#51 = CARTESIAN_POINT ( 'NONE',  ( 18.31583395274975246, -31.51400841872239411, 3.999999999999996447 ) ) ;
#52 = AXIS2_PLACEMENT_3D ( 'NONE', #1381, #985, #1085 ) ;
#53 = ADVANCED_FACE ( 'NONE', ( #126 ), #1154, .F. ) ;
#54 = ORIENTED_EDGE ( 'NONE', *, *, #96, .F. ) ;
#55 = CARTESIAN_POINT ( 'NONE',  ( -16.13401488931532413, -31.61898170394517038, 42.00000000000000000 ) ) ;
#56 = VECTOR ( 'NONE', #1246, 1000.000000000000000 ) ;
#57 = DIRECTION ( 'NONE',  ( 0.000000000000000000, 0.000000000000000000, -1.000000000000000000 ) ) ;
#58 = FACE_BOUND ( 'NONE', #368, .T. ) ;
#59 = DIRECTION ( 'NONE',  ( 0.000000000000000000, 0.000000000000000000, -1.000000000000000000 ) ) ;
#60 = VERTEX_POINT ( 'NONE', #244 ) ;
#61 = CARTESIAN_POINT ( 'NONE',  ( -44.63620667976827860, -23.74999999999766587, 3.999999999999996447 ) ) ;
#62 = ORIENTED_EDGE ( 'NONE', *, *, #1418, .F. ) ;
#63 = DIRECTION ( 'NONE',  ( -1.000000000000000000, 0.000000000000000000, 0.000000000000000000 ) ) ;
#64 = CARTESIAN_POINT ( 'NONE',  ( 44.63620667976202583, 23.74999999999764100, 42.00000000000000000 ) ) ;
#65 = FACE_OUTER_BOUND ( 'NONE', #1242, .T. ) ;
#66 = EDGE_LOOP ( 'NONE', ( #762, #532, #1249, #1594 ) ) ;
#67 = CARTESIAN_POINT ( 'NONE',  ( 0.000000000000000000, 0.000000000000000000, 47.00000000000000000 ) ) ;
#68 = PRODUCT_DEFINITION_CONTEXT ( 'detailed design', #665, 'design' ) ;
#69 = AXIS2_PLACEMENT_3D ( 'NONE', #195, #702, #170 ) ;
#70 = DIRECTION ( 'NONE',  ( -0.000000000000000000, -0.000000000000000000, -1.000000000000000000 ) ) ;
#71 = CARTESIAN_POINT ( 'NONE',  ( -38.44984884206949971, -0.1049732852253999482, 0.000000000000000000 ) ) ;
#72 = CARTESIAN_POINT ( 'NONE',  ( 0.000000000000000000, 47.50000000000000711, 42.00000000000000000 ) ) ;
#73 = EDGE_CURVE ( 'NONE', #559, #1328, #112, .T. ) ;
#74 = PRODUCT ( 'Kuppel', 'Kuppel', '', ( #813 ) ) ;
#75 = CARTESIAN_POINT ( 'NONE',  ( 29.61898170393811824, -18.13401488931353356, 0.000000000000000000 ) ) ;
#76 = DIRECTION ( 'NONE',  ( -0.000000000000000000, -0.000000000000000000, -1.000000000000000000 ) ) ;
#77 = ORIENTED_EDGE ( 'NONE', *, *, #457, .F. ) ;
#78 = ORIENTED_EDGE ( 'NONE', *, *, #194, .F. ) ;
#79 = VECTOR ( 'NONE', #211, 1000.000000000000000 ) ;
#80 = ORIENTED_EDGE ( 'NONE', *, *, #1176, .F. ) ;
#81 = DIRECTION ( 'NONE',  ( -0.000000000000000000, -0.000000000000000000, -1.000000000000000000 ) ) ;
#82 = CARTESIAN_POINT ( 'NONE',  ( -31.61898170394698226, 18.13401488930826844, 3.999999999999996447 ) ) ;
#83 = CIRCLE ( 'NONE', #1017, 2.000000000000001776 ) ;
#84 = EDGE_CURVE ( 'NONE', #151, #638, #399, .T. ) ;
#85 = CARTESIAN_POINT ( 'NONE',  ( 58.50000000000000000, 7.164183775012014056E-15, 4.000000000000003553 ) ) ;
#86 = LINE ( 'NONE', #1368, #1037 ) ;
#87 = EDGE_LOOP ( 'NONE', ( #1011, #390 ) ) ;
#88 = EDGE_LOOP ( 'NONE', ( #1478, #111, #1253, #673 ) ) ;
#89 = ORIENTED_EDGE ( 'NONE', *, *, #1531, .F. ) ;
#90 = DIRECTION ( 'NONE',  ( 0.000000000000000000, 0.000000000000000000, -1.000000000000000000 ) ) ;
#91 = CYLINDRICAL_SURFACE ( 'NONE', #988, 2.000000000000001776 ) ;
#92 = CYLINDRICAL_SURFACE ( 'NONE', #450, 3.500000000003403056 ) ;
#93 = DIRECTION ( 'NONE',  ( -0.000000000000000000, -0.000000000000000000, -1.000000000000000000 ) ) ;
#94 = EDGE_LOOP ( 'NONE', ( #1331, #870, #300, #430 ) ) ;
#95 = ORIENTED_EDGE ( 'NONE', *, *, #1251, .F. ) ;
#96 = EDGE_CURVE ( 'NONE', #907, #1526, #266, .T. ) ;
#97 = AXIS2_PLACEMENT_3D ( 'NONE', #1254, #29, #1416 ) ;
#98 = ORIENTED_EDGE ( 'NONE', *, *, #1344, .F. ) ;
#99 = DIRECTION ( 'NONE',  ( -0.000000000000000000, -0.000000000000000000, -1.000000000000000000 ) ) ;
#100 = CARTESIAN_POINT ( 'NONE',  ( 41.13620667975951051, 23.74999999999764100, 0.000000000000000000 ) ) ;
#101 = CARTESIAN_POINT ( 'NONE',  ( -18.13401488931532768, -31.61898170394517038, 0.000000000000000000 ) ) ;
#102 = DIRECTION ( 'NONE',  ( -1.000000000000000000, 0.000000000000000000, 0.000000000000000000 ) ) ;
#103 = VERTEX_POINT ( 'NONE', #508 ) ;
#104 = CARTESIAN_POINT ( 'NONE',  ( -5.382673574888913610E-12, -47.50000000000000000, 0.000000000000000000 ) ) ;
#105 = EDGE_CURVE ( 'NONE', #638, #795, #19, .T. ) ;
#106 = ORIENTED_EDGE ( 'NONE', *, *, #1529, .T. ) ;
#107 = DIRECTION ( 'NONE',  ( -1.000000000000000000, 0.000000000000000000, 0.000000000000000000 ) ) ;
#108 = AXIS2_PLACEMENT_3D ( 'NONE', #208, #344, #586 ) ;
#109 = AXIS2_PLACEMENT_3D ( 'NONE', #571, #1095, #1358 ) ;
#110 = LINE ( 'NONE', #1375, #581 ) ;
#111 = ORIENTED_EDGE ( 'NONE', *, *, #1635, .T. ) ;
#112 = CIRCLE ( 'NONE', #1099, 1.999999999999998224 ) ;
#113 = VERTEX_POINT ( 'NONE', #1557 ) ;
#114 = ORIENTED_EDGE ( 'NONE', *, *, #940, .T. ) ;
#115 = CYLINDRICAL_SURFACE ( 'NONE', #1245, 62.50000000000000000 ) ;
#116 = ADVANCED_FACE ( 'NONE', ( #149 ), #398, .F. ) ;
#117 = FACE_BOUND ( 'NONE', #199, .T. ) ;
#118 = EDGE_LOOP ( 'NONE', ( #78, #1642 ) ) ;
#119 = CARTESIAN_POINT ( 'NONE',  ( -3.500000000010851320, -47.50000000000000000, 0.000000000000000000 ) ) ;
#120 = VERTEX_POINT ( 'NONE', #905 ) ;
#121 = FACE_OUTER_BOUND ( 'NONE', #1666, .T. ) ;
#122 = AXIS2_PLACEMENT_3D ( 'NONE', #1157, #21, #782 ) ;
#123 = EDGE_CURVE ( 'NONE', #417, #484, #858, .T. ) ;
#124 = CYLINDRICAL_SURFACE ( 'NONE', #1394, 3.500000000004971135 ) ;
#125 = VERTEX_POINT ( 'NONE', #1145 ) ;
#126 = FACE_OUTER_BOUND ( 'NONE', #296, .T. ) ;
#127 = ORIENTED_EDGE ( 'NONE', *, *, #880, .F. ) ;
#128 = FACE_OUTER_BOUND ( 'NONE', #1271, .T. ) ;
#129 = CYLINDRICAL_SURFACE ( 'NONE', #739, 1.999999999999998224 ) ;
#130 = AXIS2_PLACEMENT_3D ( 'NONE', #685, #1067, #1044 ) ;
#131 = FACE_BOUND ( 'NONE', #157, .T. ) ;
#132 = VERTEX_POINT ( 'NONE', #630 ) ;
#133 = CARTESIAN_POINT ( 'NONE',  ( 36.44984884206066766, 0.1049732852201437361, 0.000000000000000000 ) ) ;
#134 = AXIS2_PLACEMENT_3D ( 'NONE', #818, #537, #412 ) ;
#135 = ORIENTED_EDGE ( 'NONE', *, *, #1032, .T. ) ;
#136 = VECTOR ( 'NONE', #704, 1000.000000000000000 ) ;
#137 = ORIENTED_EDGE ( 'NONE', *, *, #590, .F. ) ;
#138 = CARTESIAN_POINT ( 'NONE',  ( -3.500000000010851320, -47.50000000000000000, 3.999999999999996447 ) ) ;
#139 = DIRECTION ( 'NONE',  ( -1.000000000000000000, 0.000000000000000000, 0.000000000000000000 ) ) ;
#140 = FACE_BOUND ( 'NONE', #1322, .T. ) ;
#141 = DIRECTION ( 'NONE',  ( -1.000000000000000000, 0.000000000000000000, 0.000000000000000000 ) ) ;
#142 = ADVANCED_FACE ( 'NONE', ( #1430 ), #1563, .F. ) ;
#143 = VERTEX_POINT ( 'NONE', #119 ) ;
#144 = DIRECTION ( 'NONE',  ( -1.000000000000000000, 0.000000000000000000, 0.000000000000000000 ) ) ;
#145 = DIRECTION ( 'NONE',  ( 1.000000000000000000, 0.000000000000000000, 0.000000000000000000 ) ) ;
#146 = DIRECTION ( 'NONE',  ( -0.000000000000000000, -0.000000000000000000, -1.000000000000000000 ) ) ;
#147 = AXIS2_PLACEMENT_3D ( 'NONE', #1606, #1316, #821 ) ;
#148 = AXIS2_PLACEMENT_3D ( 'NONE', #788, #1406, #656 ) ;
#149 = FACE_OUTER_BOUND ( 'NONE', #232, .T. ) ;
#150 = EDGE_CURVE ( 'NONE', #501, #120, #1456, .T. ) ;
#151 = VERTEX_POINT ( 'NONE', #1129 ) ;
#152 = DIRECTION ( 'NONE',  ( 0.000000000000000000, 0.000000000000000000, -1.000000000000000000 ) ) ;
#153 = EDGE_CURVE ( 'NONE', #351, #1074, #343, .T. ) ;
#154 = DIRECTION ( 'NONE',  ( -0.000000000000000000, -0.000000000000000000, -1.000000000000000000 ) ) ;
#155 = LINE ( 'NONE', #917, #505 ) ;
#156 = DIRECTION ( 'NONE',  ( -0.000000000000000000, -0.000000000000000000, -1.000000000000000000 ) ) ;
#157 = EDGE_LOOP ( 'NONE', ( #327, #1137 ) ) ;
#158 = AXIS2_PLACEMENT_3D ( 'NONE', #387, #911, #241 ) ;
#159 = VECTOR ( 'NONE', #1028, 1000.000000000000000 ) ;
#160 = ORIENTED_EDGE ( 'NONE', *, *, #229, .T. ) ;
#161 = DIRECTION ( 'NONE',  ( -0.000000000000000000, -0.000000000000000000, -1.000000000000000000 ) ) ;
#162 = CARTESIAN_POINT ( 'NONE',  ( -20.13401488931532768, -31.61898170394517038, 0.000000000000000000 ) ) ;
#163 = CARTESIAN_POINT ( 'NONE',  ( 62.50000000000000000, 7.654042494670956226E-15, 47.00000000000000000 ) ) ;
#164 = ADVANCED_FACE ( 'NONE', ( #370 ), #1549, .F. ) ;
#165 = CYLINDRICAL_SURFACE ( 'NONE', #1173, 2.000000000000001776 ) ;
#166 = DIRECTION ( 'NONE',  ( 0.000000000000000000, 0.000000000000000000, -1.000000000000000000 ) ) ;
#167 = EDGE_LOOP ( 'NONE', ( #1617, #1581 ) ) ;
#168 = DIRECTION ( 'NONE',  ( -1.000000000000000000, 0.000000000000000000, 0.000000000000000000 ) ) ;
#169 = VERTEX_POINT ( 'NONE', #1530 ) ;
#170 = DIRECTION ( 'NONE',  ( -1.000000000000000000, 0.000000000000000000, 0.000000000000000000 ) ) ;
#171 = CARTESIAN_POINT ( 'NONE',  ( -37.63620667976144318, 23.75000000000234124, 0.000000000000000000 ) ) ;
#172 = EDGE_CURVE ( 'NONE', #1256, #225, #478, .T. ) ;
#173 = CARTESIAN_POINT ( 'NONE',  ( 16.31583395274975601, -31.51400841872239411, 42.00000000000000000 ) ) ;
#174 = ORIENTED_EDGE ( 'NONE', *, *, #1252, .F. ) ;
#175 = DIRECTION ( 'NONE',  ( -1.000000000000000000, 0.000000000000000000, 0.000000000000000000 ) ) ;
#176 = CIRCLE ( 'NONE', #1411, 2.000000000000000444 ) ;
#177 = ORIENTED_EDGE ( 'NONE', *, *, #997, .T. ) ;
#178 = CARTESIAN_POINT ( 'NONE',  ( 18.13401488930650274, 31.61898170393991592, 3.999999999999996447 ) ) ;
#179 = CYLINDRICAL_SURFACE ( 'NONE', #1352, 3.500000000003403056 ) ;
#180 = CARTESIAN_POINT ( 'NONE',  ( 31.61898170393812180, -18.13401488931353356, 42.00000000000000000 ) ) ;
#181 = LINE ( 'NONE', #173, #802 ) ;
#182 = ORIENTED_EDGE ( 'NONE', *, *, #1585, .F. ) ;
#183 = CARTESIAN_POINT ( 'NONE',  ( -16.13401488931532413, -31.61898170394517038, 0.000000000000000000 ) ) ;
#184 = EDGE_CURVE ( 'NONE', #225, #1256, #1068, .T. ) ;
#185 = VECTOR ( 'NONE', #977, 1000.000000000000000 ) ;
#186 = AXIS2_PLACEMENT_3D ( 'NONE', #1250, #615, #1618 ) ;
#187 = ORIENTED_EDGE ( 'NONE', *, *, #1251, .T. ) ;
#188 = DIRECTION ( 'NONE',  ( -1.000000000000000000, 0.000000000000000000, 0.000000000000000000 ) ) ;
#189 = CARTESIAN_POINT ( 'NONE',  ( -29.61898170394697871, 18.13401488930826844, 0.000000000000000000 ) ) ;
#190 = LINE ( 'NONE', #469, #776 ) ;
#191 = VERTEX_POINT ( 'NONE', #499 ) ;
#192 = CARTESIAN_POINT ( 'NONE',  ( 37.63620667975698808, 23.74999999999764100, 0.000000000000000000 ) ) ;
#193 = ORIENTED_EDGE ( 'NONE', *, *, #1388, .F. ) ;
#194 = EDGE_CURVE ( 'NONE', #795, #350, #1622, .T. ) ;
#195 = CARTESIAN_POINT ( 'NONE',  ( -18.31583395275860582, 31.51400841871716096, 0.000000000000000000 ) ) ;
#196 = DIRECTION ( 'NONE',  ( -1.000000000000000000, 0.000000000000000000, 0.000000000000000000 ) ) ;
#197 = LINE ( 'NONE', #1230, #136 ) ;
#198 = CARTESIAN_POINT ( 'NONE',  ( -58.50000000000000000, 0.000000000000000000, 47.00000000000000000 ) ) ;
#199 = EDGE_LOOP ( 'NONE', ( #354, #182 ) ) ;
#200 = DIRECTION ( 'NONE',  ( 1.000000000000000000, 0.000000000000000000, 0.000000000000000000 ) ) ;
#201 = UNCERTAINTY_MEASURE_WITH_UNIT (LENGTH_MEASURE( 1.000000000000000082E-05 ), #796, 'distance_accuracy_value', 'NONE');
#202 = AXIS2_PLACEMENT_3D ( 'NONE', #1380, #233, #107 ) ;
#203 = VECTOR ( 'NONE', #1181, 1000.000000000000114 ) ;
#204 = ADVANCED_FACE ( 'NONE', ( #1168 ), #926, .F. ) ;
#205 = VERTEX_POINT ( 'NONE', #801 ) ;
#206 = AXIS2_PLACEMENT_3D ( 'NONE', #1166, #1436, #277 ) ;
#207 = CARTESIAN_POINT ( 'NONE',  ( -31.51400841872419178, -18.31583395275679749, 3.999999999999996447 ) ) ;
#208 = CARTESIAN_POINT ( 'NONE',  ( -41.13620667976217504, 23.75000000000234124, 42.00000000000000000 ) ) ;
#209 = EDGE_CURVE ( 'NONE', #1570, #1576, #828, .T. ) ;
#210 = CARTESIAN_POINT ( 'NONE',  ( 37.63620667975698808, 23.74999999999764100, 42.00000000000000000 ) ) ;
#211 = DIRECTION ( 'NONE',  ( -0.000000000000000000, -0.000000000000000000, -1.000000000000000000 ) ) ;
#212 = ORIENTED_EDGE ( 'NONE', *, *, #416, .F. ) ;
#213 = ORIENTED_EDGE ( 'NONE', *, *, #330, .F. ) ;
#214 = AXIS2_PLACEMENT_3D ( 'NONE', #1183, #1051, #1599 ) ;
#215 = AXIS2_PLACEMENT_3D ( 'NONE', #938, #924, #1571 ) ;
#216 = ORIENTED_EDGE ( 'NONE', *, *, #274, .T. ) ;
#217 = DIRECTION ( 'NONE',  ( -1.000000000000000000, 0.000000000000000000, 0.000000000000000000 ) ) ;
#218 = CARTESIAN_POINT ( 'NONE',  ( 41.13620667975679623, -23.75000000000234834, 42.00000000000000000 ) ) ;
#219 = AXIS2_PLACEMENT_3D ( 'NONE', #1185, #661, #403 ) ;
#220 = ADVANCED_FACE ( 'NONE', ( #688 ), #792, .F. ) ;
#221 = CARTESIAN_POINT ( 'NONE',  ( -41.13620667976487510, -23.74999999999766587, 42.00000000000000000 ) ) ;
#222 = CARTESIAN_POINT ( 'NONE',  ( 41.13620667975951051, 23.74999999999764100, 0.000000000000000000 ) ) ;
#223 = ORIENTED_EDGE ( 'NONE', *, *, #194, .T. ) ;
#224 = ORIENTED_EDGE ( 'NONE', *, *, #1615, .F. ) ;
#225 = VERTEX_POINT ( 'NONE', #545 ) ;
#226 = DIRECTION ( 'NONE',  ( 1.000000000000000000, 0.000000000000000000, 0.000000000000000000 ) ) ;
#227 = CARTESIAN_POINT ( 'NONE',  ( 60.50000000000019895, 7.531577814756235277E-15, 47.00000000000000000 ) ) ;
#228 = ORIENTED_EDGE ( 'NONE', *, *, #610, .T. ) ;
#229 = EDGE_CURVE ( 'NONE', #350, #795, #1259, .T. ) ;
#230 = EDGE_LOOP ( 'NONE', ( #634, #36 ) ) ;
#231 = CIRCLE ( 'NONE', #69, 2.000000000000001776 ) ;
#232 = EDGE_LOOP ( 'NONE', ( #952, #1524, #856, #246 ) ) ;
#233 = DIRECTION ( 'NONE',  ( 0.000000000000000000, 0.000000000000000000, -1.000000000000000000 ) ) ;
#234 = CARTESIAN_POINT ( 'NONE',  ( 0.000000000000000000, 47.50000000000000711, 3.999999999999996447 ) ) ;
#235 = DIRECTION ( 'NONE',  ( -1.000000000000000000, 0.000000000000000000, 0.000000000000000000 ) ) ;
#236 = ORIENTED_EDGE ( 'NONE', *, *, #465, .T. ) ;
#237 = ORIENTED_EDGE ( 'NONE', *, *, #273, .T. ) ;
#238 = VERTEX_POINT ( 'NONE', #429 ) ;
#239 = CIRCLE ( 'NONE', #1092, 2.000000000000001776 ) ;
#240 = CONICAL_SURFACE ( 'NONE', #158, 60.50000000000019895, 0.2782996590051088903 ) ;
#241 = DIRECTION ( 'NONE',  ( -1.000000000000000000, 0.000000000000000000, 0.000000000000000000 ) ) ;
#242 = ORIENTED_EDGE ( 'NONE', *, *, #892, .T. ) ;
#243 = AXIS2_PLACEMENT_3D ( 'NONE', #714, #1347, #852 ) ;
#244 = CARTESIAN_POINT ( 'NONE',  ( 33.61898170393812535, -18.13401488931353356, 3.999999999999996447 ) ) ;
#245 = ADVANCED_FACE ( 'NONE', ( #935 ), #654, .F. ) ;
#246 = ORIENTED_EDGE ( 'NONE', *, *, #713, .F. ) ;
#247 = CARTESIAN_POINT ( 'NONE',  ( 37.63620667975182243, -23.75000000000234834, 42.00000000000000000 ) ) ;
#248 = CARTESIAN_POINT ( 'NONE',  ( -2.104973285227183855, 36.44984884206245113, 42.00000000000000000 ) ) ;
#249 = ORIENTED_EDGE ( 'NONE', *, *, #1216, .T. ) ;
#250 = DIRECTION ( 'NONE',  ( 1.000000000000000000, 0.000000000000000000, 0.000000000000000000 ) ) ;
#251 = ORIENTED_EDGE ( 'NONE', *, *, #610, .F. ) ;
#252 = CARTESIAN_POINT ( 'NONE',  ( -18.31583395275860582, 31.51400841871716096, 3.999999999999996447 ) ) ;
#253 = CARTESIAN_POINT ( 'NONE',  ( 18.13401488930650274, 31.61898170393991592, 3.999999999999996447 ) ) ;
#254 = DIRECTION ( 'NONE',  ( 1.000000000000000000, 0.000000000000000000, -0.000000000000000000 ) ) ;
#255 = EDGE_CURVE ( 'NONE', #120, #501, #1370, .T. ) ;
#256 = ORIENTED_EDGE ( 'NONE', *, *, #1270, .T. ) ;
#257 = CIRCLE ( 'NONE', #680, 2.000000000000000444 ) ;
#258 = DIRECTION ( 'NONE',  ( 0.000000000000000000, 0.000000000000000000, 1.000000000000000000 ) ) ;
#259 = EDGE_LOOP ( 'NONE', ( #1243, #497, #1140, #1258 ) ) ;
#260 = DIRECTION ( 'NONE',  ( -1.000000000000000000, 0.000000000000000000, 0.000000000000000000 ) ) ;
#261 = CARTESIAN_POINT ( 'NONE',  ( 0.000000000000000000, 0.000000000000000000, 47.00000000000000000 ) ) ;
#262 = VECTOR ( 'NONE', #76, 1000.000000000000000 ) ;
#263 = DIRECTION ( 'NONE',  ( -0.000000000000000000, -0.000000000000000000, -1.000000000000000000 ) ) ;
#264 = EDGE_CURVE ( 'NONE', #1362, #812, #181, .T. ) ;
#265 = DIRECTION ( 'NONE',  ( 0.000000000000000000, 0.000000000000000000, -1.000000000000000000 ) ) ;
#266 = CIRCLE ( 'NONE', #583, 3.500000000004971135 ) ;
#267 = EDGE_LOOP ( 'NONE', ( #89, #336 ) ) ;
#268 = CIRCLE ( 'NONE', #1203, 2.000000000000000444 ) ;
#269 = ORIENTED_EDGE ( 'NONE', *, *, #1450, .T. ) ;
#270 = FACE_OUTER_BOUND ( 'NONE', #118, .T. ) ;
#271 = LINE ( 'NONE', #248, #1565 ) ;
#272 = DIRECTION ( 'NONE',  ( 0.000000000000000000, 0.000000000000000000, 1.000000000000000000 ) ) ;
#273 = EDGE_CURVE ( 'NONE', #445, #1570, #563, .T. ) ;
#274 = EDGE_CURVE ( 'NONE', #404, #1410, #83, .T. ) ;
#275 = VERTEX_POINT ( 'NONE', #809 ) ;
#276 = CARTESIAN_POINT ( 'NONE',  ( -5.382673574888913610E-12, -47.50000000000000000, 42.00000000000000000 ) ) ;
#277 = DIRECTION ( 'NONE',  ( -1.000000000000000000, 0.000000000000000000, 0.000000000000000000 ) ) ;
#278 = LINE ( 'NONE', #402, #1197 ) ;
#279 = DIRECTION ( 'NONE',  ( -1.000000000000000000, 0.000000000000000000, 0.000000000000000000 ) ) ;
#280 = VERTEX_POINT ( 'NONE', #1046 ) ;
#281 = EDGE_LOOP ( 'NONE', ( #1120, #755 ) ) ;
#282 = EDGE_CURVE ( 'NONE', #1452, #113, #436, .T. ) ;
#283 = DIRECTION ( 'NONE',  ( -1.000000000000000000, 0.000000000000000000, 0.000000000000000000 ) ) ;
#284 = CARTESIAN_POINT ( 'NONE',  ( -3.500000000000000888, 47.50000000000000711, 0.000000000000000000 ) ) ;
#285 = AXIS2_PLACEMENT_3D ( 'NONE', #1646, #479, #1494 ) ;
#286 = DIRECTION ( 'NONE',  ( -0.000000000000000000, -0.000000000000000000, -1.000000000000000000 ) ) ;
#287 = EDGE_LOOP ( 'NONE', ( #698, #1460, #269, #787 ) ) ;
#288 = CARTESIAN_POINT ( 'NONE',  ( 36.44984884206066766, 0.1049732852201437361, 3.999999999999996447 ) ) ;
#289 = AXIS2_PLACEMENT_3D ( 'NONE', #815, #535, #799 ) ;
#290 = VERTEX_POINT ( 'NONE', #420 ) ;
#291 = EDGE_CURVE ( 'NONE', #1526, #907, #964, .T. ) ;
#292 = DIRECTION ( 'NONE',  ( 1.000000000000000000, 0.000000000000000000, 0.000000000000000000 ) ) ;
#293 = CARTESIAN_POINT ( 'NONE',  ( 0.000000000000000000, 0.000000000000000000, 0.000000000000000000 ) ) ;
#294 = DIRECTION ( 'NONE',  ( 1.000000000000000000, 0.000000000000000000, 0.000000000000000000 ) ) ;
#295 = EDGE_LOOP ( 'NONE', ( #771, #1387, #1022, #256 ) ) ;
#296 = EDGE_LOOP ( 'NONE', ( #379, #565, #1291, #1080 ) ) ;
#297 = LINE ( 'NONE', #948, #947 ) ;
#298 = DIRECTION ( 'NONE',  ( -1.000000000000000000, 0.000000000000000000, 0.000000000000000000 ) ) ;
#299 = CYLINDRICAL_SURFACE ( 'NONE', #134, 2.000000000000001776 ) ;
#300 = ORIENTED_EDGE ( 'NONE', *, *, #150, .T. ) ;
#301 = CYLINDRICAL_SURFACE ( 'NONE', #991, 2.000000000000000444 ) ;
#302 = AXIS2_PLACEMENT_3D ( 'NONE', #764, #645, #408 ) ;
#303 = ORIENTED_EDGE ( 'NONE', *, *, #255, .F. ) ;
#304 = FACE_OUTER_BOUND ( 'NONE', #1404, .T. ) ;
#305 = CARTESIAN_POINT ( 'NONE',  ( -41.13620667976217504, 23.75000000000234124, 0.000000000000000000 ) ) ;
#306 = CYLINDRICAL_SURFACE ( 'NONE', #1651, 2.000000000000001776 ) ;
#307 = EDGE_LOOP ( 'NONE', ( #77, #3, #1432, #106 ) ) ;
#308 = DIRECTION ( 'NONE',  ( 1.000000000000000000, 0.000000000000000000, 0.000000000000000000 ) ) ;
#309 = ADVANCED_FACE ( 'NONE', ( #951 ), #165, .F. ) ;
#310 = VECTOR ( 'NONE', #956, 1000.000000000000000 ) ;
#311 = CIRCLE ( 'NONE', #989, 2.000000000000000444 ) ;
#312 = CIRCLE ( 'NONE', #886, 3.500000000004971135 ) ;
#313 = ORIENTED_EDGE ( 'NONE', *, *, #291, .F. ) ;
#314 = CYLINDRICAL_SURFACE ( 'NONE', #1272, 58.50000000000000000 ) ;
#315 = CARTESIAN_POINT ( 'NONE',  ( -18.31583395275860582, 31.51400841871716096, 42.00000000000000000 ) ) ;
#316 = CARTESIAN_POINT ( 'NONE',  ( -33.61898170394698582, 18.13401488930826844, 3.999999999999996447 ) ) ;
#317 = CARTESIAN_POINT ( 'NONE',  ( 0.000000000000000000, 0.000000000000000000, 0.000000000000000000 ) ) ;
#318 = VERTEX_POINT ( 'NONE', #1580 ) ;
#319 = DIRECTION ( 'NONE',  ( -1.000000000000000000, 0.000000000000000000, 0.000000000000000000 ) ) ;
#320 = ADVANCED_FACE ( 'NONE', ( #1477 ), #306, .F. ) ;
#321 = SHAPE_DEFINITION_REPRESENTATION ( #428, #875 ) ;
#322 = ORIENTED_EDGE ( 'NONE', *, *, #1093, .T. ) ;
#323 = CARTESIAN_POINT ( 'NONE',  ( 0.000000000000000000, 47.50000000000000711, 42.00000000000000000 ) ) ;
#324 = DIRECTION ( 'NONE',  ( -0.000000000000000000, -0.000000000000000000, -1.000000000000000000 ) ) ;
#325 = FACE_OUTER_BOUND ( 'NONE', #1266, .T. ) ;
#326 = CARTESIAN_POINT ( 'NONE',  ( -31.51400841872419178, -18.31583395275679749, 3.999999999999996447 ) ) ;
#327 = ORIENTED_EDGE ( 'NONE', *, *, #1280, .F. ) ;
#328 = VERTEX_POINT ( 'NONE', #1302 ) ;
#329 = AXIS2_PLACEMENT_3D ( 'NONE', #383, #502, #763 ) ;
#330 = EDGE_CURVE ( 'NONE', #1515, #1263, #670, .T. ) ;
#331 = EDGE_LOOP ( 'NONE', ( #212, #1510, #1349, #223 ) ) ;
#332 = CARTESIAN_POINT ( 'NONE',  ( -3.500000000000000888, 47.50000000000000711, 3.999999999999996447 ) ) ;
#333 = CARTESIAN_POINT ( 'NONE',  ( -44.63620667976290690, 23.75000000000234124, 0.000000000000000000 ) ) ;
#334 = CARTESIAN_POINT ( 'NONE',  ( -20.31583395275860582, 31.51400841871716096, 3.999999999999996447 ) ) ;
#335 = CARTESIAN_POINT ( 'NONE',  ( 20.13401488930650274, 31.61898170393991592, 0.000000000000000000 ) ) ;
#336 = ORIENTED_EDGE ( 'NONE', *, *, #361, .F. ) ;
#337 = ORIENTED_EDGE ( 'NONE', *, *, #548, .T. ) ;
#338 = CIRCLE ( 'NONE', #719, 66.49999999999998579 ) ;
#339 = CLOSED_SHELL ( 'NONE', ( #1480, #116, #973, #1290, #245, #1551, #204, #345, #1045, #1605, #372, #930, #142, #777, #912, #498, #972, #164, #667, #1107, #1455, #1490, #1377, #727, #786, #1086, #657, #1184, #1308, #837, #53, #1660, #1476, #1654, #649, #320, #309, #1299, #1582, #737, #1626, #560, #220, #920, #1043, #1013, #1076, #1195 ) ) ;
#340 = AXIS2_PLACEMENT_3D ( 'NONE', #67, #1187, #573 ) ;
#341 = EDGE_LOOP ( 'NONE', ( #458, #1196 ) ) ;
#342 = CYLINDRICAL_SURFACE ( 'NONE', #44, 2.000000000000001776 ) ;
#343 = CIRCLE ( 'NONE', #1516, 3.500000000000731859 ) ;
#344 = DIRECTION ( 'NONE',  ( -0.000000000000000000, -0.000000000000000000, -1.000000000000000000 ) ) ;
#345 = ADVANCED_FACE ( 'NONE', ( #1466 ), #299, .F. ) ;
#346 = VECTOR ( 'NONE', #1631, 1000.000000000000000 ) ;
#347 = DIRECTION ( 'NONE',  ( 0.000000000000000000, 0.000000000000000000, -1.000000000000000000 ) ) ;
#348 = CARTESIAN_POINT ( 'NONE',  ( 29.61898170393811824, -18.13401488931353356, 3.999999999999996447 ) ) ;
#349 = VERTEX_POINT ( 'NONE', #1648 ) ;
#350 = VERTEX_POINT ( 'NONE', #85 ) ;
#351 = VERTEX_POINT ( 'NONE', #1238 ) ;
#352 = CARTESIAN_POINT ( 'NONE',  ( 38.44984884206066766, 0.1049732852201439859, 42.00000000000000000 ) ) ;
#353 = CARTESIAN_POINT ( 'NONE',  ( -36.44984884206949971, -0.1049732852253999482, 3.999999999999996447 ) ) ;
#354 = ORIENTED_EDGE ( 'NONE', *, *, #1115, .F. ) ;
#355 = CIRCLE ( 'NONE', #843, 2.000000000000001776 ) ;
#356 = ORIENTED_EDGE ( 'NONE', *, *, #1388, .T. ) ;
#357 = CARTESIAN_POINT ( 'NONE',  ( 18.13401488930650274, 31.61898170393991592, 42.00000000000000000 ) ) ;
#358 = CARTESIAN_POINT ( 'NONE',  ( -20.13401488931532768, -31.61898170394517038, 42.00000000000000000 ) ) ;
#359 = EDGE_LOOP ( 'NONE', ( #1376, #494, #237, #607 ) ) ;
#360 = DIRECTION ( 'NONE',  ( 0.000000000000000000, 0.000000000000000000, 1.000000000000000000 ) ) ;
#361 = EDGE_CURVE ( 'NONE', #810, #1508, #1597, .T. ) ;
#362 = ORIENTED_EDGE ( 'NONE', *, *, #525, .T. ) ;
#363 = CARTESIAN_POINT ( 'NONE',  ( 31.51400841871534908, 18.31583395275154658, 42.00000000000000000 ) ) ;
#364 = AXIS2_PLACEMENT_3D ( 'NONE', #832, #996, #1521 ) ;
#365 = AXIS2_PLACEMENT_3D ( 'NONE', #1555, #637, #2 ) ;
#366 = CIRCLE ( 'NONE', #1454, 3.500000000000731859 ) ;
#367 = FACE_BOUND ( 'NONE', #740, .T. ) ;
#368 = EDGE_LOOP ( 'NONE', ( #1471, #1652 ) ) ;
#369 = AXIS2_PLACEMENT_3D ( 'NONE', #759, #13, #515 ) ;
#370 = FACE_OUTER_BOUND ( 'NONE', #259, .T. ) ;
#371 = VERTEX_POINT ( 'NONE', #697 ) ;
#372 = ADVANCED_FACE ( 'NONE', ( #325 ), #92, .F. ) ;
#373 = EDGE_LOOP ( 'NONE', ( #1225, #95 ) ) ;
#374 = EDGE_CURVE ( 'NONE', #143, #944, #1125, .T. ) ;
#375 = PRESENTATION_STYLE_ASSIGNMENT (( #1546 ) ) ;
#376 = DIRECTION ( 'NONE',  ( -0.000000000000000000, -0.000000000000000000, -1.000000000000000000 ) ) ;
#377 = FACE_BOUND ( 'NONE', #865, .T. ) ;
#378 = LINE ( 'NONE', #397, #1198 ) ;
#379 = ORIENTED_EDGE ( 'NONE', *, *, #1398, .F. ) ;
#380 = CARTESIAN_POINT ( 'NONE',  ( 41.13620667975951051, 23.74999999999764100, 42.00000000000000000 ) ) ;
#381 = ORIENTED_EDGE ( 'NONE', *, *, #1260, .F. ) ;
#382 = VERTEX_POINT ( 'NONE', #1211 ) ;
#383 = CARTESIAN_POINT ( 'NONE',  ( -31.61898170394698226, 18.13401488930826844, 0.000000000000000000 ) ) ;
#384 = EDGE_CURVE ( 'NONE', #1113, #1265, #1397, .T. ) ;
#385 = CIRCLE ( 'NONE', #1323, 3.500000000000000888 ) ;
#386 = FACE_BOUND ( 'NONE', #1279, .T. ) ;
#387 = CARTESIAN_POINT ( 'NONE',  ( 0.000000000000000000, 0.000000000000000000, 47.00000000000000000 ) ) ;
#388 = CARTESIAN_POINT ( 'NONE',  ( -0.1049732852271832440, 36.44984884206245113, 42.00000000000000000 ) ) ;
#389 = ORIENTED_EDGE ( 'NONE', *, *, #1280, .T. ) ;
#390 = ORIENTED_EDGE ( 'NONE', *, *, #1055, .F. ) ;
#391 = DIRECTION ( 'NONE',  ( -0.000000000000000000, -0.000000000000000000, -1.000000000000000000 ) ) ;
#392 = DIRECTION ( 'NONE',  ( -1.000000000000000000, 0.000000000000000000, 0.000000000000000000 ) ) ;
#393 = AXIS2_PLACEMENT_3D ( 'NONE', #82, #1118, #226 ) ;
#394 = DIRECTION ( 'NONE',  ( -1.000000000000000000, 0.000000000000000000, 0.000000000000000000 ) ) ;
#395 = EDGE_CURVE ( 'NONE', #169, #1134, #268, .T. ) ;
#396 = VECTOR ( 'NONE', #462, 1000.000000000000000 ) ;
#397 = CARTESIAN_POINT ( 'NONE',  ( -3.500000000010851320, -47.50000000000000000, 42.00000000000000000 ) ) ;
#398 = CYLINDRICAL_SURFACE ( 'NONE', #639, 2.000000000000000444 ) ;
#399 = CIRCLE ( 'NONE', #936, 58.50000000000000000 ) ;
#400 = ORIENTED_EDGE ( 'NONE', *, *, #1132, .F. ) ;
#401 = FACE_BOUND ( 'NONE', #929, .T. ) ;
#402 = CARTESIAN_POINT ( 'NONE',  ( 33.51400841871534908, 18.31583395275154658, 42.00000000000000000 ) ) ;
#403 = DIRECTION ( 'NONE',  ( -1.000000000000000000, 0.000000000000000000, 0.000000000000000000 ) ) ;
#404 = VERTEX_POINT ( 'NONE', #316 ) ;
#405 = EDGE_CURVE ( 'NONE', #1263, #1114, #481, .T. ) ;
#406 = VERTEX_POINT ( 'NONE', #75 ) ;
#407 = DIRECTION ( 'NONE',  ( -0.000000000000000000, -0.000000000000000000, -1.000000000000000000 ) ) ;
#408 = DIRECTION ( 'NONE',  ( 1.000000000000000000, 0.000000000000000000, 0.000000000000000000 ) ) ;
#409 = FACE_BOUND ( 'NONE', #1019, .T. ) ;
#410 = VECTOR ( 'NONE', #1390, 1000.000000000000000 ) ;
#411 = AXIS2_PLACEMENT_3D ( 'NONE', #276, #1016, #144 ) ;
#412 = DIRECTION ( 'NONE',  ( -1.000000000000000000, 0.000000000000000000, 0.000000000000000000 ) ) ;
#413 = ORIENTED_EDGE ( 'NONE', *, *, #525, .F. ) ;
#414 = CIRCLE ( 'NONE', #1357, 2.000000000000001776 ) ;
#415 = DIRECTION ( 'NONE',  ( 0.000000000000000000, 0.000000000000000000, -1.000000000000000000 ) ) ;
#416 = EDGE_CURVE ( 'NONE', #151, #350, #197, .T. ) ;
#417 = VERTEX_POINT ( 'NONE', #1639 ) ;
#418 = CARTESIAN_POINT ( 'NONE',  ( -41.13620667976487510, -23.74999999999766587, 42.00000000000000000 ) ) ;
#419 = FACE_OUTER_BOUND ( 'NONE', #341, .T. ) ;
#420 = CARTESIAN_POINT ( 'NONE',  ( -34.44984884206949260, -0.1049732852253997123, 3.999999999999996447 ) ) ;
#421 = ORIENTED_EDGE ( 'NONE', *, *, #374, .F. ) ;
#422 = CARTESIAN_POINT ( 'NONE',  ( -2.104973285227183855, 36.44984884206245113, 0.000000000000000000 ) ) ;
#423 = VECTOR ( 'NONE', #543, 1000.000000000000000 ) ;
#424 = AXIS2_PLACEMENT_3D ( 'NONE', #521, #360, #1412 ) ;
#425 = ORIENTED_EDGE ( 'NONE', *, *, #1297, .T. ) ;
#426 = DIRECTION ( 'NONE',  ( 0.000000000000000000, 0.000000000000000000, 1.000000000000000000 ) ) ;
#427 = CARTESIAN_POINT ( 'NONE',  ( 37.63620667975182243, -23.75000000000234834, 3.999999999999996447 ) ) ;
#428 = PRODUCT_DEFINITION_SHAPE ( 'NONE', 'NONE',  #1073 ) ;
#429 = CARTESIAN_POINT ( 'NONE',  ( 20.31583395274975246, -31.51400841872239411, 3.999999999999996447 ) ) ;
#430 = ORIENTED_EDGE ( 'NONE', *, *, #446, .F. ) ;
#431 = DIRECTION ( 'NONE',  ( 1.000000000000000000, 0.000000000000000000, 0.000000000000000000 ) ) ;
#432 = EDGE_LOOP ( 'NONE', ( #466, #224 ) ) ;
#433 = CARTESIAN_POINT ( 'NONE',  ( 41.13620667975951051, 23.74999999999764100, 3.999999999999996447 ) ) ;
#434 = CARTESIAN_POINT ( 'NONE',  ( -33.51400841872419534, -18.31583395275679749, 3.999999999999996447 ) ) ;
#435 = EDGE_CURVE ( 'NONE', #643, #328, #558, .T. ) ;
#436 = LINE ( 'NONE', #943, #773 ) ;
#437 = ORIENTED_EDGE ( 'NONE', *, *, #693, .T. ) ;
#438 = DIRECTION ( 'NONE',  ( 1.000000000000000000, 0.000000000000000000, 0.000000000000000000 ) ) ;
#439 = EDGE_LOOP ( 'NONE', ( #1385, #971, #425, #1439 ) ) ;
#440 =( NAMED_UNIT ( * ) PLANE_ANGLE_UNIT ( ) SI_UNIT ( $, .RADIAN. ) );
#441 = CARTESIAN_POINT ( 'NONE',  ( 37.63620667975182243, -23.75000000000234834, 0.000000000000000000 ) ) ;
#442 = CYLINDRICAL_SURFACE ( 'NONE', #500, 2.000000000000001776 ) ;
#443 = EDGE_CURVE ( 'NONE', #417, #280, #190, .T. ) ;
#444 = CARTESIAN_POINT ( 'NONE',  ( -18.13401488931532768, -31.61898170394517038, 3.999999999999996447 ) ) ;
#445 = VERTEX_POINT ( 'NONE', #334 ) ;
#446 = EDGE_CURVE ( 'NONE', #608, #120, #605, .T. ) ;
#447 = ORIENTED_EDGE ( 'NONE', *, *, #1063, .T. ) ;
#448 = AXIS2_PLACEMENT_3D ( 'NONE', #606, #1624, #1119 ) ;
#449 = CIRCLE ( 'NONE', #827, 1.999999999999998224 ) ;
#450 = AXIS2_PLACEMENT_3D ( 'NONE', #221, #595, #577 ) ;
#451 = DIRECTION ( 'NONE',  ( -1.000000000000000000, 0.000000000000000000, 0.000000000000000000 ) ) ;
#452 = CARTESIAN_POINT ( 'NONE',  ( -18.31583395275860582, 31.51400841871716096, 42.00000000000000000 ) ) ;
#453 = CARTESIAN_POINT ( 'NONE',  ( -0.1049732852271832440, 36.44984884206245113, 0.000000000000000000 ) ) ;
#454 = PLANE ( 'NONE',  #528 ) ;
#455 = ORIENTED_EDGE ( 'NONE', *, *, #31, .F. ) ;
#456 = VERTEX_POINT ( 'NONE', #461 ) ;
#457 = EDGE_CURVE ( 'NONE', #349, #559, #1374, .T. ) ;
#458 = ORIENTED_EDGE ( 'NONE', *, *, #1144, .F. ) ;
#459 = CARTESIAN_POINT ( 'NONE',  ( -0.1049732852271832440, 36.44984884206245113, 0.000000000000000000 ) ) ;
#460 = FACE_OUTER_BOUND ( 'NONE', #1392, .T. ) ;
#461 = CARTESIAN_POINT ( 'NONE',  ( 2.104973285218350476, -36.44984884206770914, 0.000000000000000000 ) ) ;
#462 = DIRECTION ( 'NONE',  ( -0.000000000000000000, -0.000000000000000000, -1.000000000000000000 ) ) ;
#463 = EDGE_LOOP ( 'NONE', ( #54, #313 ) ) ;
#464 = CIRCLE ( 'NONE', #1611, 2.000000000000001776 ) ;
#465 = EDGE_CURVE ( 'NONE', #1410, #919, #1221, .T. ) ;
#466 = ORIENTED_EDGE ( 'NONE', *, *, #1229, .F. ) ;
#467 = DIRECTION ( 'NONE',  ( -1.000000000000000000, 0.000000000000000000, 0.000000000000000000 ) ) ;
#468 = CARTESIAN_POINT ( 'NONE',  ( -34.44984884206949260, -0.1049732852253997123, 0.000000000000000000 ) ) ;
#469 = CARTESIAN_POINT ( 'NONE',  ( 29.51400841871534908, 18.31583395275154658, 42.00000000000000000 ) ) ;
#470 = LINE ( 'NONE', #1104, #79 ) ;
#471 = ORIENTED_EDGE ( 'NONE', *, *, #1207, .T. ) ;
#472 = ORIENTED_EDGE ( 'NONE', *, *, #73, .T. ) ;
#473 = VECTOR ( 'NONE', #850, 1000.000000000000000 ) ;
#474 = CIRCLE ( 'NONE', #503, 3.500000000000000888 ) ;
#475 = AXIS2_PLACEMENT_3D ( 'NONE', #690, #1449, #1593 ) ;
#476 = ORIENTED_EDGE ( 'NONE', *, *, #880, .T. ) ;
#477 = DIRECTION ( 'NONE',  ( 1.000000000000000000, 0.000000000000000000, 0.000000000000000000 ) ) ;
#478 = CIRCLE ( 'NONE', #424, 62.50000000000000000 ) ;
#479 = DIRECTION ( 'NONE',  ( 0.000000000000000000, 0.000000000000000000, 1.000000000000000000 ) ) ;
#480 = EDGE_CURVE ( 'NONE', #1204, #729, #993, .T. ) ;
#481 = CIRCLE ( 'NONE', #1286, 3.500000000003403056 ) ;
#482 = DIRECTION ( 'NONE',  ( -0.000000000000000000, -0.000000000000000000, -1.000000000000000000 ) ) ;
#483 = FACE_BOUND ( 'NONE', #230, .T. ) ;
#484 = VERTEX_POINT ( 'NONE', #1087 ) ;
#485 = ORIENTED_EDGE ( 'NONE', *, *, #516, .T. ) ;
#486 = ORIENTED_EDGE ( 'NONE', *, *, #1005, .F. ) ;
#487 = LINE ( 'NONE', #247, #410 ) ;
#488 = EDGE_CURVE ( 'NONE', #729, #1163, #1616, .T. ) ;
#489 = FACE_BOUND ( 'NONE', #1663, .T. ) ;
#490 = ORIENTED_EDGE ( 'NONE', *, *, #548, .F. ) ;
#491 = DIRECTION ( 'NONE',  ( -1.000000000000000000, 0.000000000000000000, 0.000000000000000000 ) ) ;
#492 = CIRCLE ( 'NONE', #1556, 2.000000000000001776 ) ;
#493 = CIRCLE ( 'NONE', #1504, 2.000000000000001776 ) ;
#494 = ORIENTED_EDGE ( 'NONE', *, *, #1055, .T. ) ;
#495 = DIRECTION ( 'NONE',  ( 1.000000000000000000, 0.000000000000000000, 0.000000000000000000 ) ) ;
#496 = FACE_BOUND ( 'NONE', #1415, .T. ) ;
#497 = ORIENTED_EDGE ( 'NONE', *, *, #1398, .T. ) ;
#498 = ADVANCED_FACE ( 'NONE', ( #1506 ), #1423, .F. ) ;
#499 = CARTESIAN_POINT ( 'NONE',  ( 3.500000000000000888, 47.50000000000000711, 0.000000000000000000 ) ) ;
#500 = AXIS2_PLACEMENT_3D ( 'NONE', #452, #604, #712 ) ;
#501 = VERTEX_POINT ( 'NONE', #34 ) ;
#502 = DIRECTION ( 'NONE',  ( 0.000000000000000000, 0.000000000000000000, -1.000000000000000000 ) ) ;
#503 = AXIS2_PLACEMENT_3D ( 'NONE', #538, #166, #853 ) ;
#504 = AXIS2_PLACEMENT_3D ( 'NONE', #51, #672, #308 ) ;
#505 = VECTOR ( 'NONE', #1310, 1000.000000000000000 ) ;
#506 = CARTESIAN_POINT ( 'NONE',  ( -66.49999999999998579, 0.000000000000000000, 5.000000000000000000 ) ) ;
#507 = ORIENTED_EDGE ( 'NONE', *, *, #1450, .F. ) ;
#508 = CARTESIAN_POINT ( 'NONE',  ( 16.13401488930650629, 31.61898170393991592, 3.999999999999996447 ) ) ;
#509 = EDGE_CURVE ( 'NONE', #893, #191, #474, .T. ) ;
#510 = EDGE_LOOP ( 'NONE', ( #1146, #671, #337, #901 ) ) ;
#511 = CARTESIAN_POINT ( 'NONE',  ( -66.49999999999998579, 0.000000000000000000, 5.000000000000000000 ) ) ;
#512 = LINE ( 'NONE', #1025, #626 ) ;
#513 = CARTESIAN_POINT ( 'NONE',  ( 66.49999999999998579, 8.143901214329898396E-15, 5.000000000000000000 ) ) ;
#514 = ORIENTED_EDGE ( 'NONE', *, *, #874, .T. ) ;
#515 = DIRECTION ( 'NONE',  ( -1.000000000000000000, 0.000000000000000000, 0.000000000000000000 ) ) ;
#516 = EDGE_CURVE ( 'NONE', #830, #1452, #1228, .T. ) ;
#517 = ORIENTED_EDGE ( 'NONE', *, *, #701, .T. ) ;
#518 = CIRCLE ( 'NONE', #1057, 2.000000000000001776 ) ;
#519 = LINE ( 'NONE', #1277, #1139 ) ;
#520 = LINE ( 'NONE', #506, #659 ) ;
#521 = CARTESIAN_POINT ( 'NONE',  ( 0.000000000000000000, 0.000000000000000000, 5.000000000000000000 ) ) ;
#522 = ORIENTED_EDGE ( 'NONE', *, *, #1115, .T. ) ;
#523 = ORIENTED_EDGE ( 'NONE', *, *, #31, .T. ) ;
#524 = CYLINDRICAL_SURFACE ( 'NONE', #651, 2.000000000000001776 ) ;
#525 = EDGE_CURVE ( 'NONE', #1106, #944, #86, .T. ) ;
#526 = CIRCLE ( 'NONE', #285, 2.000000000000001776 ) ;
#527 = FACE_BOUND ( 'NONE', #1369, .T. ) ;
#528 = AXIS2_PLACEMENT_3D ( 'NONE', #999, #969, #1496 ) ;
#529 = CARTESIAN_POINT ( 'NONE',  ( -58.50000000000000000, 0.000000000000000000, 4.000000000000003553 ) ) ;
#530 = DIRECTION ( 'NONE',  ( -1.000000000000000000, 0.000000000000000000, 0.000000000000000000 ) ) ;
#531 = AXIS2_PLACEMENT_3D ( 'NONE', #1177, #59, #1327 ) ;
#532 = ORIENTED_EDGE ( 'NONE', *, *, #7, .F. ) ;
#533 = FACE_OUTER_BOUND ( 'NONE', #866, .T. ) ;
#534 = FACE_BOUND ( 'NONE', #463, .T. ) ;
#535 = DIRECTION ( 'NONE',  ( 0.000000000000000000, 0.000000000000000000, 1.000000000000000000 ) ) ;
#536 = EDGE_CURVE ( 'NONE', #290, #318, #553, .T. ) ;
#537 = DIRECTION ( 'NONE',  ( -0.000000000000000000, -0.000000000000000000, -1.000000000000000000 ) ) ;
#538 = CARTESIAN_POINT ( 'NONE',  ( 0.000000000000000000, 47.50000000000000711, 0.000000000000000000 ) ) ;
#539 = ORIENTED_EDGE ( 'NONE', *, *, #1585, .T. ) ;
#540 = DIRECTION ( 'NONE',  ( -1.000000000000000000, 0.000000000000000000, 0.000000000000000000 ) ) ;
#541 = ORIENTED_EDGE ( 'NONE', *, *, #1544, .T. ) ;
#542 = CARTESIAN_POINT ( 'NONE',  ( 0.1049732852183500320, -36.44984884206770914, 0.000000000000000000 ) ) ;
#543 = DIRECTION ( 'NONE',  ( -0.000000000000000000, -0.000000000000000000, -1.000000000000000000 ) ) ;
#544 = PRESENTATION_LAYER_ASSIGNMENT (  '', '', ( #735 ) ) ;
#545 = CARTESIAN_POINT ( 'NONE',  ( -62.50000000000000000, 0.000000000000000000, 5.000000000000000000 ) ) ;
#546 = EDGE_LOOP ( 'NONE', ( #35, #1128, #648, #589 ) ) ;
#547 = DIRECTION ( 'NONE',  ( -1.000000000000000000, 0.000000000000000000, 0.000000000000000000 ) ) ;
#548 = EDGE_CURVE ( 'NONE', #859, #1628, #470, .T. ) ;
#549 = ORIENTED_EDGE ( 'NONE', *, *, #1093, .F. ) ;
#550 =( NAMED_UNIT ( * ) SI_UNIT ( $, .STERADIAN. ) SOLID_ANGLE_UNIT ( ) );
#551 = FACE_OUTER_BOUND ( 'NONE', #66, .T. ) ;
#552 = LINE ( 'NONE', #1326, #823 ) ;
#553 = CIRCLE ( 'NONE', #1014, 2.000000000000001776 ) ;
#554 = DIRECTION ( 'NONE',  ( -0.000000000000000000, -0.000000000000000000, -1.000000000000000000 ) ) ;
#555 = EDGE_LOOP ( 'NONE', ( #1314, #1015 ) ) ;
#556 = CARTESIAN_POINT ( 'NONE',  ( 18.31583395274975246, -31.51400841872239411, 3.999999999999996447 ) ) ;
#557 = CIRCLE ( 'NONE', #1425, 2.000000000000001776 ) ;
#558 = CIRCLE ( 'NONE', #1070, 60.50000000000019895 ) ;
#559 = VERTEX_POINT ( 'NONE', #335 ) ;
#560 = ADVANCED_FACE ( 'NONE', ( #1632 ), #1523, .F. ) ;
#561 = DIRECTION ( 'NONE',  ( 1.000000000000000000, 0.000000000000000000, 0.000000000000000000 ) ) ;
#562 = DIRECTION ( 'NONE',  ( -0.000000000000000000, -0.000000000000000000, -1.000000000000000000 ) ) ;
#563 = LINE ( 'NONE', #1447, #1201 ) ;
#564 = ORIENTED_EDGE ( 'NONE', *, *, #405, .T. ) ;
#565 = ORIENTED_EDGE ( 'NONE', *, *, #480, .T. ) ;
#566 = DIRECTION ( 'NONE',  ( 0.000000000000000000, 0.000000000000000000, 1.000000000000000000 ) ) ;
#567 = EDGE_CURVE ( 'NONE', #914, #812, #1451, .T. ) ;
#568 = DIRECTION ( 'NONE',  ( 1.000000000000000000, 0.000000000000000000, 0.000000000000000000 ) ) ;
#569 = CYLINDRICAL_SURFACE ( 'NONE', #108, 3.500000000000731859 ) ;
#570 = EDGE_CURVE ( 'NONE', #275, #1163, #906, .T. ) ;
#571 = CARTESIAN_POINT ( 'NONE',  ( 41.13620667975951051, 23.74999999999764100, 3.999999999999996447 ) ) ;
#572 = ORIENTED_EDGE ( 'NONE', *, *, #682, .T. ) ;
#573 = DIRECTION ( 'NONE',  ( -1.000000000000000000, 0.000000000000000000, 0.000000000000000000 ) ) ;
#574 = DIRECTION ( 'NONE',  ( 0.000000000000000000, 0.000000000000000000, 1.000000000000000000 ) ) ;
#575 = CARTESIAN_POINT ( 'NONE',  ( -36.44984884206949971, -0.1049732852253999482, 42.00000000000000000 ) ) ;
#576 = EDGE_CURVE ( 'NONE', #1312, #927, #338, .T. ) ;
#577 = DIRECTION ( 'NONE',  ( -1.000000000000000000, 0.000000000000000000, 0.000000000000000000 ) ) ;
#578 = DIRECTION ( 'NONE',  ( -0.000000000000000000, -0.000000000000000000, -1.000000000000000000 ) ) ;
#579 = EDGE_LOOP ( 'NONE', ( #249, #1545, #472, #381 ) ) ;
#580 = EDGE_LOOP ( 'NONE', ( #734, #1275, #946, #80 ) ) ;
#581 = VECTOR ( 'NONE', #93, 1000.000000000000000 ) ;
#582 = CIRCLE ( 'NONE', #1172, 2.000000000000001776 ) ;
#583 = AXIS2_PLACEMENT_3D ( 'NONE', #1035, #272, #250 ) ;
#584 = ORIENTED_EDGE ( 'NONE', *, *, #416, .T. ) ;
#585 = CARTESIAN_POINT ( 'NONE',  ( -41.13620667976487510, -23.74999999999766587, 3.999999999999996447 ) ) ;
#586 = DIRECTION ( 'NONE',  ( -1.000000000000000000, 0.000000000000000000, 0.000000000000000000 ) ) ;
#587 = DIRECTION ( 'NONE',  ( -1.000000000000000000, 0.000000000000000000, 0.000000000000000000 ) ) ;
#588 = DIRECTION ( 'NONE',  ( 0.000000000000000000, 0.000000000000000000, 1.000000000000000000 ) ) ;
#589 = ORIENTED_EDGE ( 'NONE', *, *, #443, .F. ) ;
#590 = EDGE_CURVE ( 'NONE', #726, #169, #1127, .T. ) ;
#591 = ORIENTED_EDGE ( 'NONE', *, *, #1318, .T. ) ;
#592 = AXIS2_PLACEMENT_3D ( 'NONE', #261, #658, #1174 ) ;
#593 = ORIENTED_EDGE ( 'NONE', *, *, #940, .F. ) ;
#594 = LINE ( 'NONE', #352, #1421 ) ;
#595 = DIRECTION ( 'NONE',  ( -0.000000000000000000, -0.000000000000000000, -1.000000000000000000 ) ) ;
#596 = CARTESIAN_POINT ( 'NONE',  ( 0.000000000000000000, 0.000000000000000000, 40.00000000000063238 ) ) ;
#597 = ORIENTED_EDGE ( 'NONE', *, *, #172, .T. ) ;
#598 = EDGE_LOOP ( 'NONE', ( #1100, #14 ) ) ;
#599 = VECTOR ( 'NONE', #684, 1000.000000000000000 ) ;
#600 = VECTOR ( 'NONE', #161, 1000.000000000000000 ) ;
#601 = EDGE_CURVE ( 'NONE', #1628, #456, #311, .T. ) ;
#602 = ORIENTED_EDGE ( 'NONE', *, *, #1573, .T. ) ;
#603 = FACE_OUTER_BOUND ( 'NONE', #579, .T. ) ;
#604 = DIRECTION ( 'NONE',  ( -0.000000000000000000, -0.000000000000000000, -1.000000000000000000 ) ) ;
#605 = LINE ( 'NONE', #842, #346 ) ;
#606 = CARTESIAN_POINT ( 'NONE',  ( 18.31583395274975246, -31.51400841872239411, 42.00000000000000000 ) ) ;
#607 = ORIENTED_EDGE ( 'NONE', *, *, #209, .T. ) ;
#608 = VERTEX_POINT ( 'NONE', #1239 ) ;
#609 = VECTOR ( 'NONE', #146, 1000.000000000000000 ) ;
#610 = EDGE_CURVE ( 'NONE', #1634, #1106, #1065, .T. ) ;
#611 = EDGE_LOOP ( 'NONE', ( #1153, #98 ) ) ;
#612 = AXIS2_PLACEMENT_3D ( 'NONE', #1281, #1420, #754 ) ;
#613 = DIRECTION ( 'NONE',  ( 1.000000000000000000, 0.000000000000000000, 0.000000000000000000 ) ) ;
#614 = ORIENTED_EDGE ( 'NONE', *, *, #255, .T. ) ;
#615 = DIRECTION ( 'NONE',  ( 0.000000000000000000, 0.000000000000000000, 1.000000000000000000 ) ) ;
#616 = ORIENTED_EDGE ( 'NONE', *, *, #1407, .F. ) ;
#617 = DIRECTION ( 'NONE',  ( -0.000000000000000000, -0.000000000000000000, -1.000000000000000000 ) ) ;
#618 = EDGE_CURVE ( 'NONE', #132, #191, #110, .T. ) ;
#619 = FACE_BOUND ( 'NONE', #1536, .T. ) ;
#620 = EDGE_CURVE ( 'NONE', #382, #878, #4, .T. ) ;
#621 = ORIENTED_EDGE ( 'NONE', *, *, #1132, .T. ) ;
#622 = DIRECTION ( 'NONE',  ( 1.000000000000000000, 0.000000000000000000, 0.000000000000000000 ) ) ;
#623 = ORIENTED_EDGE ( 'NONE', *, *, #123, .F. ) ;
#624 = FACE_OUTER_BOUND ( 'NONE', #1378, .T. ) ;
#625 = CIRCLE ( 'NONE', #1505, 2.000000000000000444 ) ;
#626 = VECTOR ( 'NONE', #154, 1000.000000000000000 ) ;
#627 = CARTESIAN_POINT ( 'NONE',  ( 0.000000000000000000, 0.000000000000000000, 47.00000000000000000 ) ) ;
#628 = ORIENTED_EDGE ( 'NONE', *, *, #1330, .F. ) ;
#629 = EDGE_CURVE ( 'NONE', #987, #456, #1514, .T. ) ;
#630 = CARTESIAN_POINT ( 'NONE',  ( 3.500000000000000888, 47.50000000000000711, 3.999999999999996447 ) ) ;
#631 = VERTEX_POINT ( 'NONE', #348 ) ;
#632 = CIRCLE ( 'NONE', #393, 2.000000000000001776 ) ;
#633 = AXIS2_PLACEMENT_3D ( 'NONE', #780, #1567, #1178 ) ;
#634 = ORIENTED_EDGE ( 'NONE', *, *, #765, .F. ) ;
#635 = CYLINDRICAL_SURFACE ( 'NONE', #1584, 2.000000000000001776 ) ;
#636 = DIRECTION ( 'NONE',  ( 0.000000000000000000, 0.000000000000000000, -1.000000000000000000 ) ) ;
#637 = DIRECTION ( 'NONE',  ( 0.000000000000000000, 0.000000000000000000, 1.000000000000000000 ) ) ;
#638 = VERTEX_POINT ( 'NONE', #198 ) ;
#639 = AXIS2_PLACEMENT_3D ( 'NONE', #388, #1665, #141 ) ;
#640 = DIRECTION ( 'NONE',  ( -1.000000000000000000, 0.000000000000000000, 0.000000000000000000 ) ) ;
#641 = ORIENTED_EDGE ( 'NONE', *, *, #794, .T. ) ;
#642 = EDGE_CURVE ( 'NONE', #404, #205, #1222, .T. ) ;
#643 = VERTEX_POINT ( 'NONE', #227 ) ;
#644 = LINE ( 'NONE', #1587, #203 ) ;
#645 = DIRECTION ( 'NONE',  ( 0.000000000000000000, 0.000000000000000000, 1.000000000000000000 ) ) ;
#646 = DIRECTION ( 'NONE',  ( -0.000000000000000000, -0.000000000000000000, -1.000000000000000000 ) ) ;
#647 = DIRECTION ( 'NONE',  ( -0.000000000000000000, -0.000000000000000000, -1.000000000000000000 ) ) ;
#648 = ORIENTED_EDGE ( 'NONE', *, *, #1441, .T. ) ;
#649 = ADVANCED_FACE ( 'NONE', ( #1096 ), #1248, .F. ) ;
#650 = DIRECTION ( 'NONE',  ( -1.000000000000000000, 0.000000000000000000, 0.000000000000000000 ) ) ;
#651 = AXIS2_PLACEMENT_3D ( 'NONE', #1667, #407, #650 ) ;
#652 = FACE_BOUND ( 'NONE', #281, .T. ) ;
#653 = DIRECTION ( 'NONE',  ( 0.000000000000000000, 0.000000000000000000, 1.000000000000000000 ) ) ;
#654 = CYLINDRICAL_SURFACE ( 'NONE', #692, 2.000000000000001776 ) ;
#655 = ORIENTED_EDGE ( 'NONE', *, *, #874, .F. ) ;
#656 = DIRECTION ( 'NONE',  ( 1.000000000000000000, 0.000000000000000000, 0.000000000000000000 ) ) ;
#657 = ADVANCED_FACE ( 'NONE', ( #1649, #483 ), #454, .T. ) ;
#658 = DIRECTION ( 'NONE',  ( 0.000000000000000000, 0.000000000000000000, 1.000000000000000000 ) ) ;
#659 = VECTOR ( 'NONE', #1018, 1000.000000000000000 ) ;
#660 = LINE ( 'NONE', #1175, #423 ) ;
#661 = DIRECTION ( 'NONE',  ( -0.000000000000000000, -0.000000000000000000, -1.000000000000000000 ) ) ;
#662 = ORIENTED_EDGE ( 'NONE', *, *, #361, .T. ) ;
#663 = EDGE_LOOP ( 'NONE', ( #937, #662, #1633, #1389 ) ) ;
#664 =( LENGTH_UNIT ( ) NAMED_UNIT ( * ) SI_UNIT ( .MILLI., .METRE. ) );
#665 = APPLICATION_CONTEXT ( 'automotive_design' ) ;
#666 = DIRECTION ( 'NONE',  ( 0.000000000000000000, 0.000000000000000000, 1.000000000000000000 ) ) ;
#667 = ADVANCED_FACE ( 'NONE', ( #904 ), #240, .T. ) ;
#668 = CARTESIAN_POINT ( 'NONE',  ( -16.13401488931532413, -31.61898170394517038, 3.999999999999996447 ) ) ;
#669 = EDGE_CURVE ( 'NONE', #1508, #1265, #1152, .T. ) ;
#670 = LINE ( 'NONE', #1600, #1233 ) ;
#671 = ORIENTED_EDGE ( 'NONE', *, *, #808, .T. ) ;
#672 = DIRECTION ( 'NONE',  ( 0.000000000000000000, 0.000000000000000000, 1.000000000000000000 ) ) ;
#673 = ORIENTED_EDGE ( 'NONE', *, *, #1220, .F. ) ;
#674 = DIRECTION ( 'NONE',  ( 0.000000000000000000, 0.000000000000000000, -1.000000000000000000 ) ) ;
#675 = DIRECTION ( 'NONE',  ( 0.000000000000000000, 0.000000000000000000, 1.000000000000000000 ) ) ;
#676 = AXIS2_PLACEMENT_3D ( 'NONE', #323, #1335, #840 ) ;
#677 = AXIS2_PLACEMENT_3D ( 'NONE', #805, #70, #966 ) ;
#678 = DIRECTION ( 'NONE',  ( 0.000000000000000000, 0.000000000000000000, 1.000000000000000000 ) ) ;
#679 = ORIENTED_EDGE ( 'NONE', *, *, #1433, .T. ) ;
#680 = AXIS2_PLACEMENT_3D ( 'NONE', #542, #1560, #394 ) ;
#681 = CARTESIAN_POINT ( 'NONE',  ( -44.63620667976827860, -23.74999999999766587, 0.000000000000000000 ) ) ;
#682 = EDGE_CURVE ( 'NONE', #1634, #143, #378, .T. ) ;
#683 = VERTEX_POINT ( 'NONE', #1528 ) ;
#684 = DIRECTION ( 'NONE',  ( -0.000000000000000000, -0.000000000000000000, -1.000000000000000000 ) ) ;
#685 = CARTESIAN_POINT ( 'NONE',  ( 0.000000000000000000, 0.000000000000000000, 47.00000000000000000 ) ) ;
#686 = VECTOR ( 'NONE', #1590, 1000.000000000000000 ) ;
#687 = AXIS2_PLACEMENT_3D ( 'NONE', #596, #1112, #1487 ) ;
#688 = FACE_OUTER_BOUND ( 'NONE', #20, .T. ) ;
#689 = ORIENTED_EDGE ( 'NONE', *, *, #1155, .F. ) ;
#690 = CARTESIAN_POINT ( 'NONE',  ( 0.000000000000000000, 0.000000000000000000, 47.00000000000000000 ) ) ;
#691 = CIRCLE ( 'NONE', #186, 66.49999999999998579 ) ;
#692 = AXIS2_PLACEMENT_3D ( 'NONE', #1052, #33, #1591 ) ;
#693 = EDGE_CURVE ( 'NONE', #351, #804, #1003, .T. ) ;
#694 = ORIENTED_EDGE ( 'NONE', *, *, #282, .T. ) ;
#695 = DIRECTION ( 'NONE',  ( -0.000000000000000000, -0.000000000000000000, -1.000000000000000000 ) ) ;
#696 = CARTESIAN_POINT ( 'NONE',  ( 62.50000000000000000, 7.654042494670956226E-15, 40.00000000000063238 ) ) ;
#697 = CARTESIAN_POINT ( 'NONE',  ( -16.31583395275860227, 31.51400841871716096, 3.999999999999996447 ) ) ;
#698 = ORIENTED_EDGE ( 'NONE', *, *, #997, .F. ) ;
#699 = DIRECTION ( 'NONE',  ( 1.000000000000000000, 0.000000000000000000, 0.000000000000000000 ) ) ;
#700 = ORIENTED_EDGE ( 'NONE', *, *, #274, .F. ) ;
#701 = EDGE_CURVE ( 'NONE', #1434, #1312, #1429, .T. ) ;
#702 = DIRECTION ( 'NONE',  ( 0.000000000000000000, 0.000000000000000000, -1.000000000000000000 ) ) ;
#703 = CARTESIAN_POINT ( 'NONE',  ( 38.44984884206066766, 0.1049732852201439859, 3.999999999999996447 ) ) ;
#704 = DIRECTION ( 'NONE',  ( -0.000000000000000000, -0.000000000000000000, -1.000000000000000000 ) ) ;
#705 = CIRCLE ( 'NONE', #1189, 3.500000000003403056 ) ;
#706 = CARTESIAN_POINT ( 'NONE',  ( -33.61898170394698582, 18.13401488930826844, 42.00000000000000000 ) ) ;
#707 = EDGE_LOOP ( 'NONE', ( #793, #1298, #514, #728 ) ) ;
#708 = CIRCLE ( 'NONE', #738, 1.999999999999998224 ) ;
#709 = CARTESIAN_POINT ( 'NONE',  ( 41.13620667975679623, -23.75000000000234834, 0.000000000000000000 ) ) ;
#710 = ORIENTED_EDGE ( 'NONE', *, *, #746, .T. ) ;
#711 = FACE_OUTER_BOUND ( 'NONE', #331, .T. ) ;
#712 = DIRECTION ( 'NONE',  ( -1.000000000000000000, 0.000000000000000000, 0.000000000000000000 ) ) ;
#713 = EDGE_CURVE ( 'NONE', #683, #1134, #271, .T. ) ;
#714 = CARTESIAN_POINT ( 'NONE',  ( -5.382673574888913610E-12, -47.50000000000000000, 0.000000000000000000 ) ) ;
#715 = DIRECTION ( 'NONE',  ( 0.000000000000000000, 0.000000000000000000, -1.000000000000000000 ) ) ;
#716 = ORIENTED_EDGE ( 'NONE', *, *, #384, .F. ) ;
#717 = CIRCLE ( 'NONE', #1121, 3.500000000000731859 ) ;
#718 = EDGE_LOOP ( 'NONE', ( #1056, #114, #1088, #884 ) ) ;
#719 = AXIS2_PLACEMENT_3D ( 'NONE', #317, #869, #986 ) ;
#720 = AXIS2_PLACEMENT_3D ( 'NONE', #1459, #678, #1311 ) ;
#721 = ORIENTED_EDGE ( 'NONE', *, *, #480, .F. ) ;
#722 = DIRECTION ( 'NONE',  ( -0.000000000000000000, -0.000000000000000000, -1.000000000000000000 ) ) ;
#723 = CARTESIAN_POINT ( 'NONE',  ( -66.49999999999998579, 0.000000000000000000, 0.000000000000000000 ) ) ;
#724 = CARTESIAN_POINT ( 'NONE',  ( -41.13620667976487510, -23.74999999999766587, 0.000000000000000000 ) ) ;
#725 = DIRECTION ( 'NONE',  ( 0.000000000000000000, 0.000000000000000000, -1.000000000000000000 ) ) ;
#726 = VERTEX_POINT ( 'NONE', #1391 ) ;
#727 = ADVANCED_FACE ( 'NONE', ( #896, #775 ), #1034, .T. ) ;
#728 = ORIENTED_EDGE ( 'NONE', *, *, #184, .T. ) ;
#729 = VERTEX_POINT ( 'NONE', #1288 ) ;
#730 = DIRECTION ( 'NONE',  ( 0.000000000000000000, 0.000000000000000000, 1.000000000000000000 ) ) ;
#731 = CARTESIAN_POINT ( 'NONE',  ( -38.44984884206949971, -0.1049732852253999482, 42.00000000000000000 ) ) ;
#732 = CARTESIAN_POINT ( 'NONE',  ( 20.13401488930650274, 31.61898170393991592, 42.00000000000000000 ) ) ;
#733 = DIRECTION ( 'NONE',  ( 0.000000000000000000, 0.000000000000000000, 1.000000000000000000 ) ) ;
#734 = ORIENTED_EDGE ( 'NONE', *, *, #1635, .F. ) ;
#735 = STYLED_ITEM ( 'NONE', ( #375 ), #1552 ) ;
#736 = ORIENTED_EDGE ( 'NONE', *, *, #1544, .F. ) ;
#737 = ADVANCED_FACE ( 'NONE', ( #1026 ), #124, .F. ) ;
#738 = AXIS2_PLACEMENT_3D ( 'NONE', #178, #566, #1332 ) ;
#739 = AXIS2_PLACEMENT_3D ( 'NONE', #783, #916, #139 ) ;
#740 = EDGE_LOOP ( 'NONE', ( #899, #769 ) ) ;
#741 = CARTESIAN_POINT ( 'NONE',  ( -29.51400841872418823, -18.31583395275679749, 3.999999999999996447 ) ) ;
#742 = DIRECTION ( 'NONE',  ( -1.000000000000000000, 0.000000000000000000, 0.000000000000000000 ) ) ;
#743 = ORIENTED_EDGE ( 'NONE', *, *, #536, .F. ) ;
#744 = ORIENTED_EDGE ( 'NONE', *, *, #921, .F. ) ;
#745 = CIRCLE ( 'NONE', #364, 2.000000000000001776 ) ;
#746 = EDGE_CURVE ( 'NONE', #830, #1340, #877, .T. ) ;
#747 = CIRCLE ( 'NONE', #365, 2.000000000000001776 ) ;
#748 = AXIS2_PLACEMENT_3D ( 'NONE', #1194, #826, #438 ) ;
#749 = EDGE_LOOP ( 'NONE', ( #41, #62 ) ) ;
#750 = CYLINDRICAL_SURFACE ( 'NONE', #1440, 66.49999999999998579 ) ;
#751 = AXIS2_PLACEMENT_3D ( 'NONE', #1123, #49, #25 ) ;
#752 = CARTESIAN_POINT ( 'NONE',  ( -33.51400841872419534, -18.31583395275679749, 42.00000000000000000 ) ) ;
#753 = ORIENTED_EDGE ( 'NONE', *, *, #153, .F. ) ;
#754 = DIRECTION ( 'NONE',  ( 1.000000000000000000, 0.000000000000000000, 0.000000000000000000 ) ) ;
#755 = ORIENTED_EDGE ( 'NONE', *, *, #1351, .F. ) ;
#756 = EDGE_CURVE ( 'NONE', #1603, #927, #520, .T. ) ;
#757 = FACE_BOUND ( 'NONE', #848, .T. ) ;
#758 = ORIENTED_EDGE ( 'NONE', *, *, #264, .F. ) ;
#759 = CARTESIAN_POINT ( 'NONE',  ( 41.13620667975951051, 23.74999999999764100, 42.00000000000000000 ) ) ;
#760 = AXIS2_PLACEMENT_3D ( 'NONE', #47, #1463, #1345 ) ;
#761 = VECTOR ( 'NONE', #1031, 1000.000000000000000 ) ;
#762 = ORIENTED_EDGE ( 'NONE', *, *, #701, .F. ) ;
#763 = DIRECTION ( 'NONE',  ( -1.000000000000000000, 0.000000000000000000, 0.000000000000000000 ) ) ;
#764 = CARTESIAN_POINT ( 'NONE',  ( -0.1049732852271832440, 36.44984884206245113, 3.999999999999996447 ) ) ;
#765 = EDGE_CURVE ( 'NONE', #638, #151, #1483, .T. ) ;
#766 = CARTESIAN_POINT ( 'NONE',  ( 18.31583395274975246, -31.51400841872239411, 42.00000000000000000 ) ) ;
#767 = ORIENTED_EDGE ( 'NONE', *, *, #892, .F. ) ;
#768 = CARTESIAN_POINT ( 'NONE',  ( -18.13401488931532768, -31.61898170394517038, 0.000000000000000000 ) ) ;
#769 = ORIENTED_EDGE ( 'NONE', *, *, #1318, .F. ) ;
#770 = VECTOR ( 'NONE', #562, 1000.000000000000000 ) ;
#771 = ORIENTED_EDGE ( 'NONE', *, *, #871, .F. ) ;
#772 = CARTESIAN_POINT ( 'NONE',  ( -16.31583395275860227, 31.51400841871716096, 0.000000000000000000 ) ) ;
#773 = VECTOR ( 'NONE', #1319, 1000.000000000000000 ) ;
#774 = FACE_BOUND ( 'NONE', #873, .T. ) ;
#775 = FACE_OUTER_BOUND ( 'NONE', #167, .T. ) ;
#776 = VECTOR ( 'NONE', #862, 1000.000000000000000 ) ;
#777 = ADVANCED_FACE ( 'NONE', ( #1535 ), #1269, .F. ) ;
#778 = DIRECTION ( 'NONE',  ( -0.000000000000000000, -0.000000000000000000, -1.000000000000000000 ) ) ;
#779 = EDGE_CURVE ( 'NONE', #318, #290, #747, .T. ) ;
#780 = CARTESIAN_POINT ( 'NONE',  ( 31.51400841871534908, 18.31583395275154658, 42.00000000000000000 ) ) ;
#781 = ORIENTED_EDGE ( 'NONE', *, *, #209, .F. ) ;
#782 = DIRECTION ( 'NONE',  ( 1.000000000000000000, 0.000000000000000000, 0.000000000000000000 ) ) ;
#783 = CARTESIAN_POINT ( 'NONE',  ( 18.13401488930650274, 31.61898170393991592, 42.00000000000000000 ) ) ;
#784 = CARTESIAN_POINT ( 'NONE',  ( 0.000000000000000000, 0.000000000000000000, 5.000000000000000000 ) ) ;
#785 = DIRECTION ( 'NONE',  ( -1.000000000000000000, 0.000000000000000000, 0.000000000000000000 ) ) ;
#786 = ADVANCED_FACE ( 'NONE', ( #1278, #1419, #140, #367, #1547, #117, #1167, #489, #619, #496, #887, #1401, #757, #131, #58, #32, #409, #1464, #419 ), #1301, .F. ) ;
#787 = ORIENTED_EDGE ( 'NONE', *, *, #1522, .T. ) ;
#788 = CARTESIAN_POINT ( 'NONE',  ( 0.000000000000000000, 0.000000000000000000, 5.000000000000000000 ) ) ;
#789 = AXIS2_PLACEMENT_3D ( 'NONE', #1325, #695, #1457 ) ;
#790 = FACE_BOUND ( 'NONE', #1101, .T. ) ;
#791 = FACE_OUTER_BOUND ( 'NONE', #1360, .T. ) ;
#792 = CYLINDRICAL_SURFACE ( 'NONE', #1283, 2.000000000000001776 ) ;
#793 = ORIENTED_EDGE ( 'NONE', *, *, #851, .F. ) ;
#794 = EDGE_CURVE ( 'NONE', #406, #1525, #1305, .T. ) ;
#795 = VERTEX_POINT ( 'NONE', #529 ) ;
#796 =( LENGTH_UNIT ( ) NAMED_UNIT ( * ) SI_UNIT ( .MILLI., .METRE. ) );
#797 = CARTESIAN_POINT ( 'NONE',  ( 0.000000000000000000, 0.000000000000000000, 4.000000000000000000 ) ) ;
#798 = CIRCLE ( 'NONE', #289, 2.000000000000000444 ) ;
#799 = DIRECTION ( 'NONE',  ( 1.000000000000000000, 0.000000000000000000, 0.000000000000000000 ) ) ;
#800 = CIRCLE ( 'NONE', #504, 1.999999999999998224 ) ;
#801 = CARTESIAN_POINT ( 'NONE',  ( -33.61898170394698582, 18.13401488930826844, 0.000000000000000000 ) ) ;
#802 = VECTOR ( 'NONE', #1438, 1000.000000000000000 ) ;
#803 = DIRECTION ( 'NONE',  ( 0.000000000000000000, 0.000000000000000000, 1.000000000000000000 ) ) ;
#804 = VERTEX_POINT ( 'NONE', #171 ) ;
#805 = CARTESIAN_POINT ( 'NONE',  ( 31.61898170393812180, -18.13401488931353356, 42.00000000000000000 ) ) ;
#806 = CARTESIAN_POINT ( 'NONE',  ( 16.13401488930650629, 31.61898170393991592, 0.000000000000000000 ) ) ;
#807 = DIRECTION ( 'NONE',  ( 0.000000000000000000, 0.000000000000000000, -1.000000000000000000 ) ) ;
#808 = EDGE_CURVE ( 'NONE', #987, #859, #798, .T. ) ;
#809 = CARTESIAN_POINT ( 'NONE',  ( 44.63620667976202583, 23.74999999999764100, 0.000000000000000000 ) ) ;
#810 = VERTEX_POINT ( 'NONE', #668 ) ;
#811 = CARTESIAN_POINT ( 'NONE',  ( 44.63620667976176293, -23.75000000000234834, 0.000000000000000000 ) ) ;
#812 = VERTEX_POINT ( 'NONE', #1607 ) ;
#813 = PRODUCT_CONTEXT ( 'NONE', #1431, 'mechanical' ) ;
#814 = DIRECTION ( 'NONE',  ( -1.000000000000000000, 0.000000000000000000, 0.000000000000000000 ) ) ;
#815 = CARTESIAN_POINT ( 'NONE',  ( 0.1049732852183500320, -36.44984884206770914, 3.999999999999996447 ) ) ;
#816 = CIRCLE ( 'NONE', #1006, 3.500000000005468515 ) ;
#817 = EDGE_CURVE ( 'NONE', #484, #417, #932, .T. ) ;
#818 = CARTESIAN_POINT ( 'NONE',  ( 36.44984884206066766, 0.1049732852201437361, 42.00000000000000000 ) ) ;
#819 = ORIENTED_EDGE ( 'NONE', *, *, #829, .F. ) ;
#820 = CYLINDRICAL_SURFACE ( 'NONE', #340, 62.50000000000000000 ) ;
#821 = DIRECTION ( 'NONE',  ( 1.000000000000000000, 0.000000000000000000, 0.000000000000000000 ) ) ;
#822 = DIRECTION ( 'NONE',  ( -1.000000000000000000, 0.000000000000000000, 0.000000000000000000 ) ) ;
#823 = VECTOR ( 'NONE', #933, 1000.000000000000000 ) ;
#824 = CARTESIAN_POINT ( 'NONE',  ( -18.13401488931532768, -31.61898170394517038, 42.00000000000000000 ) ) ;
#825 = ORIENTED_EDGE ( 'NONE', *, *, #642, .F. ) ;
#826 = DIRECTION ( 'NONE',  ( 0.000000000000000000, 0.000000000000000000, 1.000000000000000000 ) ) ;
#827 = AXIS2_PLACEMENT_3D ( 'NONE', #556, #1062, #699 ) ;
#828 = CIRCLE ( 'NONE', #531, 2.000000000000001776 ) ;
#829 = EDGE_CURVE ( 'NONE', #60, #1525, #660, .T. ) ;
#830 = VERTEX_POINT ( 'NONE', #434 ) ;
#831 = LINE ( 'NONE', #64, #599 ) ;
#832 = CARTESIAN_POINT ( 'NONE',  ( -18.31583395275860582, 31.51400841871716096, 3.999999999999996447 ) ) ;
#833 = DIRECTION ( 'NONE',  ( 0.000000000000000000, 0.000000000000000000, -1.000000000000000000 ) ) ;
#834 = DIRECTION ( 'NONE',  ( 1.000000000000000000, 0.000000000000000000, 0.000000000000000000 ) ) ;
#835 = ORIENTED_EDGE ( 'NONE', *, *, #1165, .T. ) ;
#836 = CARTESIAN_POINT ( 'NONE',  ( -41.13620667976487510, -23.74999999999766587, 3.999999999999996447 ) ) ;
#837 = ADVANCED_FACE ( 'NONE', ( #1579 ), #855, .T. ) ;
#838 = CARTESIAN_POINT ( 'NONE',  ( 0.000000000000000000, 0.000000000000000000, 0.000000000000000000 ) ) ;
#839 = ORIENTED_EDGE ( 'NONE', *, *, #446, .T. ) ;
#840 = DIRECTION ( 'NONE',  ( -1.000000000000000000, 0.000000000000000000, 0.000000000000000000 ) ) ;
#841 = DIRECTION ( 'NONE',  ( -1.000000000000000000, 0.000000000000000000, 0.000000000000000000 ) ) ;
#842 = CARTESIAN_POINT ( 'NONE',  ( 34.44984884206066056, 0.1049732852201437361, 42.00000000000000000 ) ) ;
#843 = AXIS2_PLACEMENT_3D ( 'NONE', #1645, #984, #1533 ) ;
#844 = DIRECTION ( 'NONE',  ( 0.000000000000000000, 0.000000000000000000, 1.000000000000000000 ) ) ;
#845 = EDGE_LOOP ( 'NONE', ( #135, #1518, #983, #1372 ) ) ;
#846 = PRODUCT_DEFINITION_FORMATION_WITH_SPECIFIED_SOURCE ( 'ANY', '', #74, .NOT_KNOWN. ) ;
#847 = EDGE_LOOP ( 'NONE', ( #689, #753 ) ) ;
#848 = EDGE_LOOP ( 'NONE', ( #1156, #716 ) ) ;
#849 = CARTESIAN_POINT ( 'NONE',  ( 66.49999999999998579, 8.143901214329898396E-15, 5.000000000000000000 ) ) ;
#850 = DIRECTION ( 'NONE',  ( -0.000000000000000000, -0.000000000000000000, -1.000000000000000000 ) ) ;
#851 = EDGE_CURVE ( 'NONE', #878, #1256, #48, .T. ) ;
#852 = DIRECTION ( 'NONE',  ( -1.000000000000000000, 0.000000000000000000, 0.000000000000000000 ) ) ;
#853 = DIRECTION ( 'NONE',  ( -1.000000000000000000, 0.000000000000000000, 0.000000000000000000 ) ) ;
#854 = ORIENTED_EDGE ( 'NONE', *, *, #1023, .F. ) ;
#855 = CONICAL_SURFACE ( 'NONE', #130, 60.50000000000019895, 0.2782996590051088903 ) ;
#856 = ORIENTED_EDGE ( 'NONE', *, *, #395, .T. ) ;
#857 = AXIS2_PLACEMENT_3D ( 'NONE', #1012, #890, #1403 ) ;
#858 = CIRCLE ( 'NONE', #612, 2.000000000000001776 ) ;
#859 = VERTEX_POINT ( 'NONE', #39 ) ;
#860 = LINE ( 'NONE', #1227, #1036 ) ;
#861 = EDGE_CURVE ( 'NONE', #631, #406, #155, .T. ) ;
#862 = DIRECTION ( 'NONE',  ( -0.000000000000000000, -0.000000000000000000, -1.000000000000000000 ) ) ;
#863 = DIRECTION ( 'NONE',  ( -0.000000000000000000, -0.000000000000000000, -1.000000000000000000 ) ) ;
#864 = ORIENTED_EDGE ( 'NONE', *, *, #950, .F. ) ;
#865 = EDGE_LOOP ( 'NONE', ( #1105, #743 ) ) ;
#866 = EDGE_LOOP ( 'NONE', ( #485, #694, #539, #1379 ) ) ;
#867 = CARTESIAN_POINT ( 'NONE',  ( 44.63620667976176293, -23.75000000000234834, 3.999999999999996447 ) ) ;
#868 = DIRECTION ( 'NONE',  ( -0.000000000000000000, -0.000000000000000000, -1.000000000000000000 ) ) ;
#869 = DIRECTION ( 'NONE',  ( 0.000000000000000000, 0.000000000000000000, 1.000000000000000000 ) ) ;
#870 = ORIENTED_EDGE ( 'NONE', *, *, #921, .T. ) ;
#871 = EDGE_CURVE ( 'NONE', #484, #125, #278, .T. ) ;
#872 =( GEOMETRIC_REPRESENTATION_CONTEXT ( 3 ) GLOBAL_UNCERTAINTY_ASSIGNED_CONTEXT ( ( #201 ) ) GLOBAL_UNIT_ASSIGNED_CONTEXT ( ( #796, #1164, #16 ) ) REPRESENTATION_CONTEXT ( 'NONE', 'WORKASPACE' ) );
#873 = EDGE_LOOP ( 'NONE', ( #623, #1212 ) ) ;
#874 = EDGE_CURVE ( 'NONE', #382, #225, #1059, .T. ) ;
#875 = ADVANCED_BREP_SHAPE_REPRESENTATION ( 'Kuppel', ( #1552, #1661 ), #1324 ) ;
#876 = EDGE_LOOP ( 'NONE', ( #1082, #50 ) ) ;
#877 = LINE ( 'NONE', #752, #1148 ) ;
#878 = VERTEX_POINT ( 'NONE', #696 ) ;
#879 = DIRECTION ( 'NONE',  ( 1.000000000000000000, 0.000000000000000000, 0.000000000000000000 ) ) ;
#880 = EDGE_CURVE ( 'NONE', #1143, #1114, #1572, .T. ) ;
#881 = AXIS2_PLACEMENT_3D ( 'NONE', #218, #376, #392 ) ;
#882 = AXIS2_PLACEMENT_3D ( 'NONE', #627, #653, #1262 ) ;
#883 = EDGE_CURVE ( 'NONE', #980, #804, #717, .T. ) ;
#884 = ORIENTED_EDGE ( 'NONE', *, *, #509, .T. ) ;
#885 = DIRECTION ( 'NONE',  ( -1.000000000000000000, 0.000000000000000000, 0.000000000000000000 ) ) ;
#886 = AXIS2_PLACEMENT_3D ( 'NONE', #709, #1224, #640 ) ;
#887 = FACE_BOUND ( 'NONE', #1186, .T. ) ;
#888 = ORIENTED_EDGE ( 'NONE', *, *, #1615, .T. ) ;
#889 = CIRCLE ( 'NONE', #891, 2.000000000000001776 ) ;
#890 = DIRECTION ( 'NONE',  ( -0.000000000000000000, -0.000000000000000000, -1.000000000000000000 ) ) ;
#891 = AXIS2_PLACEMENT_3D ( 'NONE', #30, #1445, #283 ) ;
#892 = EDGE_CURVE ( 'NONE', #1074, #980, #552, .T. ) ;
#893 = VERTEX_POINT ( 'NONE', #284 ) ;
#894 = CYLINDRICAL_SURFACE ( 'NONE', #411, 3.500000000005468515 ) ;
#895 = FACE_BOUND ( 'NONE', #1343, .T. ) ;
#896 = FACE_BOUND ( 'NONE', #1548, .T. ) ;
#897 = ORIENTED_EDGE ( 'NONE', *, *, #282, .F. ) ;
#898 = DIRECTION ( 'NONE',  ( -1.000000000000000000, 0.000000000000000000, 0.000000000000000000 ) ) ;
#899 = ORIENTED_EDGE ( 'NONE', *, *, #509, .F. ) ;
#900 = AXIS2_PLACEMENT_3D ( 'NONE', #357, #617, #1629 ) ;
#901 = ORIENTED_EDGE ( 'NONE', *, *, #601, .T. ) ;
#902 = CARTESIAN_POINT ( 'NONE',  ( -1.895026714781650412, -36.44984884206770914, 0.000000000000000000 ) ) ;
#903 = DIRECTION ( 'NONE',  ( 0.000000000000000000, 0.000000000000000000, 1.000000000000000000 ) ) ;
#904 = FACE_OUTER_BOUND ( 'NONE', #88, .T. ) ;
#905 = CARTESIAN_POINT ( 'NONE',  ( 34.44984884206066056, 0.1049732852201437361, 0.000000000000000000 ) ) ;
#906 = CIRCLE ( 'NONE', #1122, 3.500000000002521983 ) ;
#907 = VERTEX_POINT ( 'NONE', #427 ) ;
#908 = CARTESIAN_POINT ( 'NONE',  ( 36.44984884206066766, 0.1049732852201437361, 42.00000000000000000 ) ) ;
#909 = AXIS2_PLACEMENT_3D ( 'NONE', #1264, #258, #622 ) ;
#910 = FACE_BOUND ( 'NONE', #611, .T. ) ;
#911 = DIRECTION ( 'NONE',  ( 0.000000000000000000, 0.000000000000000000, -1.000000000000000000 ) ) ;
#912 = ADVANCED_FACE ( 'NONE', ( #1317 ), #1437, .F. ) ;
#913 = CARTESIAN_POINT ( 'NONE',  ( -18.13401488931532768, -31.61898170394517038, 42.00000000000000000 ) ) ;
#914 = VERTEX_POINT ( 'NONE', #1200 ) ;
#915 = LINE ( 'NONE', #1292, #761 ) ;
#916 = DIRECTION ( 'NONE',  ( -0.000000000000000000, -0.000000000000000000, -1.000000000000000000 ) ) ;
#917 = CARTESIAN_POINT ( 'NONE',  ( 29.61898170393811824, -18.13401488931353356, 42.00000000000000000 ) ) ;
#918 = DIRECTION ( 'NONE',  ( 0.000000000000000000, 0.000000000000000000, 1.000000000000000000 ) ) ;
#919 = VERTEX_POINT ( 'NONE', #189 ) ;
#920 = ADVANCED_FACE ( 'NONE', ( #791 ), #24, .F. ) ;
#921 = EDGE_CURVE ( 'NONE', #1000, #501, #594, .T. ) ;
#922 = ORIENTED_EDGE ( 'NONE', *, *, #374, .T. ) ;
#923 = CARTESIAN_POINT ( 'NONE',  ( -20.31583395275860582, 31.51400841871716096, 0.000000000000000000 ) ) ;
#924 = DIRECTION ( 'NONE',  ( 0.000000000000000000, 0.000000000000000000, -1.000000000000000000 ) ) ;
#925 = CARTESIAN_POINT ( 'NONE',  ( -44.63620667976827860, -23.74999999999766587, 42.00000000000000000 ) ) ;
#926 = CYLINDRICAL_SURFACE ( 'NONE', #219, 2.000000000000000444 ) ;
#927 = VERTEX_POINT ( 'NONE', #723 ) ;
#928 = DIRECTION ( 'NONE',  ( 1.000000000000000000, 0.000000000000000000, 0.000000000000000000 ) ) ;
#929 = EDGE_LOOP ( 'NONE', ( #1021, #593 ) ) ;
#930 = ADVANCED_FACE ( 'NONE', ( #1237 ), #91, .F. ) ;
#931 = CARTESIAN_POINT ( 'NONE',  ( 66.49999999999998579, 8.143901214329898396E-15, 0.000000000000000000 ) ) ;
#932 = CIRCLE ( 'NONE', #214, 2.000000000000001776 ) ;
#933 = DIRECTION ( 'NONE',  ( -0.000000000000000000, -0.000000000000000000, -1.000000000000000000 ) ) ;
#934 = CIRCLE ( 'NONE', #215, 62.50000000000000000 ) ;
#935 = FACE_OUTER_BOUND ( 'NONE', #1206, .T. ) ;
#936 = AXIS2_PLACEMENT_3D ( 'NONE', #5, #1136, #879 ) ;
#937 = ORIENTED_EDGE ( 'NONE', *, *, #1643, .F. ) ;
#938 = CARTESIAN_POINT ( 'NONE',  ( 0.000000000000000000, 0.000000000000000000, 40.00000000000063238 ) ) ;
#939 = ORIENTED_EDGE ( 'NONE', *, *, #73, .F. ) ;
#940 = EDGE_CURVE ( 'NONE', #132, #1519, #1, .T. ) ;
#941 = DIRECTION ( 'NONE',  ( 0.000000000000000000, 0.000000000000000000, -1.000000000000000000 ) ) ;
#942 = DIRECTION ( 'NONE',  ( -0.000000000000000000, -0.000000000000000000, -1.000000000000000000 ) ) ;
#943 = CARTESIAN_POINT ( 'NONE',  ( -29.51400841872418823, -18.31583395275679749, 42.00000000000000000 ) ) ;
#944 = VERTEX_POINT ( 'NONE', #1091 ) ;
#945 = FACE_OUTER_BOUND ( 'NONE', #954, .T. ) ;
#946 = ORIENTED_EDGE ( 'NONE', *, *, #1220, .T. ) ;
#947 = VECTOR ( 'NONE', #81, 1000.000000000000000 ) ;
#948 = CARTESIAN_POINT ( 'NONE',  ( -16.31583395275860227, 31.51400841871716096, 42.00000000000000000 ) ) ;
#949 = DIRECTION ( 'NONE',  ( -0.000000000000000000, -0.000000000000000000, -1.000000000000000000 ) ) ;
#950 = EDGE_CURVE ( 'NONE', #1519, #893, #1503, .T. ) ;
#951 = FACE_OUTER_BOUND ( 'NONE', #1170, .T. ) ;
#952 = ORIENTED_EDGE ( 'NONE', *, *, #1241, .T. ) ;
#953 = CARTESIAN_POINT ( 'NONE',  ( 3.500000000000085709, -47.50000000000000000, 3.999999999999996447 ) ) ;
#954 = EDGE_LOOP ( 'NONE', ( #137, #471, #1658, #1586 ) ) ;
#955 = FACE_OUTER_BOUND ( 'NONE', #1303, .T. ) ;
#956 = DIRECTION ( 'NONE',  ( -0.000000000000000000, -0.000000000000000000, -1.000000000000000000 ) ) ;
#957 = AXIS2_PLACEMENT_3D ( 'NONE', #72, #324, #841 ) ;
#958 = AXIS2_PLACEMENT_3D ( 'NONE', #1359, #715, #742 ) ;
#959 = DIRECTION ( 'NONE',  ( 0.000000000000000000, 0.000000000000000000, 1.000000000000000000 ) ) ;
#960 = CARTESIAN_POINT ( 'NONE',  ( -5.382673574888913610E-12, -47.50000000000000000, 3.999999999999996447 ) ) ;
#961 = ORIENTED_EDGE ( 'NONE', *, *, #15, .F. ) ;
#962 = EDGE_CURVE ( 'NONE', #1410, #404, #632, .T. ) ;
#963 = AXIS2_PLACEMENT_3D ( 'NONE', #1321, #1205, #540 ) ;
#964 = CIRCLE ( 'NONE', #720, 3.500000000004971135 ) ;
#965 = ORIENTED_EDGE ( 'NONE', *, *, #883, .T. ) ;
#966 = DIRECTION ( 'NONE',  ( -1.000000000000000000, 0.000000000000000000, 0.000000000000000000 ) ) ;
#967 = CARTESIAN_POINT ( 'NONE',  ( 18.31583395274975246, -31.51400841872239411, 0.000000000000000000 ) ) ;
#968 = DIRECTION ( 'NONE',  ( -1.000000000000000000, 0.000000000000000000, 0.000000000000000000 ) ) ;
#969 = DIRECTION ( 'NONE',  ( 0.000000000000000000, 0.000000000000000000, 1.000000000000000000 ) ) ;
#970 = ORIENTED_EDGE ( 'NONE', *, *, #808, .F. ) ;
#971 = ORIENTED_EDGE ( 'NONE', *, *, #829, .T. ) ;
#972 = ADVANCED_FACE ( 'NONE', ( #65 ), #569, .F. ) ;
#973 = ADVANCED_FACE ( 'NONE', ( #976 ), #442, .F. ) ;
#974 = ORIENTED_EDGE ( 'NONE', *, *, #405, .F. ) ;
#975 = CARTESIAN_POINT ( 'NONE',  ( 31.61898170393812180, -18.13401488931353356, 3.999999999999996447 ) ) ;
#976 = FACE_OUTER_BOUND ( 'NONE', #845, .T. ) ;
#977 = DIRECTION ( 'NONE',  ( -0.000000000000000000, -0.000000000000000000, -1.000000000000000000 ) ) ;
#978 = COLOUR_RGB ( '',0.7921568627450980005, 0.8196078431372548767, 0.9333333333333333481 ) ;
#979 = CARTESIAN_POINT ( 'NONE',  ( 0.1049732852183500320, -36.44984884206770914, 0.000000000000000000 ) ) ;
#980 = VERTEX_POINT ( 'NONE', #333 ) ;
#981 = ORIENTED_EDGE ( 'NONE', *, *, #618, .T. ) ;
#982 = EDGE_CURVE ( 'NONE', #1163, #275, #1333, .T. ) ;
#983 = ORIENTED_EDGE ( 'NONE', *, *, #1407, .T. ) ;
#984 = DIRECTION ( 'NONE',  ( 0.000000000000000000, 0.000000000000000000, -1.000000000000000000 ) ) ;
#985 = DIRECTION ( 'NONE',  ( -0.000000000000000000, -0.000000000000000000, -1.000000000000000000 ) ) ;
#986 = DIRECTION ( 'NONE',  ( 1.000000000000000000, 0.000000000000000000, 0.000000000000000000 ) ) ;
#987 = VERTEX_POINT ( 'NONE', #1621 ) ;
#988 = AXIS2_PLACEMENT_3D ( 'NONE', #575, #868, #196 ) ;
#989 = AXIS2_PLACEMENT_3D ( 'NONE', #979, #1255, #1231 ) ;
#990 = VERTEX_POINT ( 'NONE', #468 ) ;
#991 = AXIS2_PLACEMENT_3D ( 'NONE', #42, #1213, #168 ) ;
#992 = AXIS2_PLACEMENT_3D ( 'NONE', #101, #998, #1495 ) ;
#993 = CIRCLE ( 'NONE', #109, 3.500000000002521983 ) ;
#994 = ORIENTED_EDGE ( 'NONE', *, *, #642, .T. ) ;
#995 = DIRECTION ( 'NONE',  ( -0.000000000000000000, -0.000000000000000000, -1.000000000000000000 ) ) ;
#996 = DIRECTION ( 'NONE',  ( 0.000000000000000000, 0.000000000000000000, 1.000000000000000000 ) ) ;
#997 = EDGE_CURVE ( 'NONE', #1526, #1116, #860, .T. ) ;
#998 = DIRECTION ( 'NONE',  ( 0.000000000000000000, 0.000000000000000000, -1.000000000000000000 ) ) ;
#999 = CARTESIAN_POINT ( 'NONE',  ( 0.000000000000000000, 0.000000000000000000, 47.00000000000000000 ) ) ;
#1000 = VERTEX_POINT ( 'NONE', #703 ) ;
#1001 = ORIENTED_EDGE ( 'NONE', *, *, #536, .T. ) ;
#1002 = EDGE_LOOP ( 'NONE', ( #835, #602, #1188, #758 ) ) ;
#1003 = LINE ( 'NONE', #1409, #1334 ) ;
#1004 = ORIENTED_EDGE ( 'NONE', *, *, #435, .T. ) ;
#1005 = EDGE_CURVE ( 'NONE', #318, #1413, #1614, .T. ) ;
#1006 = AXIS2_PLACEMENT_3D ( 'NONE', #1077, #730, #495 ) ;
#1007 = DIRECTION ( 'NONE',  ( -1.000000000000000000, 0.000000000000000000, 0.000000000000000000 ) ) ;
#1008 = EDGE_LOOP ( 'NONE', ( #1501, #1650 ) ) ;
#1009 = FACE_OUTER_BOUND ( 'NONE', #295, .T. ) ;
#1010 = DIRECTION ( 'NONE',  ( -1.000000000000000000, 0.000000000000000000, 0.000000000000000000 ) ) ;
#1011 = ORIENTED_EDGE ( 'NONE', *, *, #1032, .F. ) ;
#1012 = CARTESIAN_POINT ( 'NONE',  ( 0.000000000000000000, 0.000000000000000000, 4.000000000000003553 ) ) ;
#1013 = ADVANCED_FACE ( 'NONE', ( #1485 ), #1373, .F. ) ;
#1014 = AXIS2_PLACEMENT_3D ( 'NONE', #353, #588, #613 ) ;
#1015 = ORIENTED_EDGE ( 'NONE', *, *, #1207, .F. ) ;
#1016 = DIRECTION ( 'NONE',  ( -0.000000000000000000, -0.000000000000000000, -1.000000000000000000 ) ) ;
#1017 = AXIS2_PLACEMENT_3D ( 'NONE', #1608, #918, #1069 ) ;
#1018 = DIRECTION ( 'NONE',  ( -0.000000000000000000, -0.000000000000000000, -1.000000000000000000 ) ) ;
#1019 = EDGE_LOOP ( 'NONE', ( #1625, #400 ) ) ;
#1020 = DIRECTION ( 'NONE',  ( 1.000000000000000000, 0.000000000000000000, 0.000000000000000000 ) ) ;
#1021 = ORIENTED_EDGE ( 'NONE', *, *, #1342, .F. ) ;
#1022 = ORIENTED_EDGE ( 'NONE', *, *, #443, .T. ) ;
#1023 = EDGE_CURVE ( 'NONE', #631, #60, #526, .T. ) ;
#1024 = DIRECTION ( 'NONE',  ( -0.000000000000000000, -0.000000000000000000, -1.000000000000000000 ) ) ;
#1025 = CARTESIAN_POINT ( 'NONE',  ( 16.13401488930650629, 31.61898170393991592, 42.00000000000000000 ) ) ;
#1026 = FACE_OUTER_BOUND ( 'NONE', #287, .T. ) ;
#1027 = EDGE_LOOP ( 'NONE', ( #628, #721 ) ) ;
#1028 = DIRECTION ( 'NONE',  ( -0.000000000000000000, -0.000000000000000000, -1.000000000000000000 ) ) ;
#1029 = CIRCLE ( 'NONE', #147, 3.500000000000000888 ) ;
#1030 = EDGE_LOOP ( 'NONE', ( #819, #1399, #1405, #641 ) ) ;
#1031 = DIRECTION ( 'NONE',  ( -0.000000000000000000, -0.000000000000000000, -1.000000000000000000 ) ) ;
#1032 = EDGE_CURVE ( 'NONE', #445, #371, #745, .T. ) ;
#1033 = CARTESIAN_POINT ( 'NONE',  ( -0.1049732852271832440, 36.44984884206245113, 3.999999999999996447 ) ) ;
#1034 = PLANE ( 'NONE',  #1619 ) ;
#1035 = CARTESIAN_POINT ( 'NONE',  ( 41.13620667975679623, -23.75000000000234834, 3.999999999999996447 ) ) ;
#1036 = VECTOR ( 'NONE', #1244, 1000.000000000000000 ) ;
#1037 = VECTOR ( 'NONE', #1507, 1000.000000000000000 ) ;
#1038 = ORIENTED_EDGE ( 'NONE', *, *, #851, .T. ) ;
#1039 = FILL_AREA_STYLE_COLOUR ( '', #978 ) ;
#1040 = AXIS2_PLACEMENT_3D ( 'NONE', #836, #1350, #200 ) ;
#1041 = AXIS2_PLACEMENT_3D ( 'NONE', #1610, #415, #547 ) ;
#1042 = CARTESIAN_POINT ( 'NONE',  ( -31.61898170394698226, 18.13401488930826844, 0.000000000000000000 ) ) ;
#1043 = ADVANCED_FACE ( 'NONE', ( #1630 ), #1219, .F. ) ;
#1044 = DIRECTION ( 'NONE',  ( -1.000000000000000000, 0.000000000000000000, 0.000000000000000000 ) ) ;
#1045 = ADVANCED_FACE ( 'NONE', ( #460 ), #1364, .F. ) ;
#1046 = CARTESIAN_POINT ( 'NONE',  ( 29.51400841871534908, 18.31583395275154658, 0.000000000000000000 ) ) ;
#1047 = ORIENTED_EDGE ( 'NONE', *, *, #1595, .F. ) ;
#1048 = ORIENTED_EDGE ( 'NONE', *, *, #465, .F. ) ;
#1049 = LINE ( 'NONE', #1444, #1138 ) ;
#1050 = FACE_BOUND ( 'NONE', #267, .T. ) ;
#1051 = DIRECTION ( 'NONE',  ( 0.000000000000000000, 0.000000000000000000, 1.000000000000000000 ) ) ;
#1052 = CARTESIAN_POINT ( 'NONE',  ( -31.61898170394698226, 18.13401488930826844, 42.00000000000000000 ) ) ;
#1053 = ORIENTED_EDGE ( 'NONE', *, *, #962, .F. ) ;
#1054 = DIRECTION ( 'NONE',  ( 0.000000000000000000, 0.000000000000000000, 1.000000000000000000 ) ) ;
#1055 = EDGE_CURVE ( 'NONE', #371, #445, #239, .T. ) ;
#1056 = ORIENTED_EDGE ( 'NONE', *, *, #618, .F. ) ;
#1057 = AXIS2_PLACEMENT_3D ( 'NONE', #975, #1653, #477 ) ;
#1058 = FACE_BOUND ( 'NONE', #1232, .T. ) ;
#1059 = LINE ( 'NONE', #1475, #686 ) ;
#1060 = CARTESIAN_POINT ( 'NONE',  ( 0.000000000000000000, 0.000000000000000000, 4.000000000000003553 ) ) ;
#1061 = ORIENTED_EDGE ( 'NONE', *, *, #1418, .T. ) ;
#1062 = DIRECTION ( 'NONE',  ( 0.000000000000000000, 0.000000000000000000, 1.000000000000000000 ) ) ;
#1063 = EDGE_CURVE ( 'NONE', #1413, #990, #1537, .T. ) ;
#1064 = ORIENTED_EDGE ( 'NONE', *, *, #629, .T. ) ;
#1065 = CIRCLE ( 'NONE', #1422, 3.500000000005468515 ) ;
#1066 = CARTESIAN_POINT ( 'NONE',  ( 31.61898170393812180, -18.13401488931353356, 0.000000000000000000 ) ) ;
#1067 = DIRECTION ( 'NONE',  ( 0.000000000000000000, 0.000000000000000000, -1.000000000000000000 ) ) ;
#1068 = CIRCLE ( 'NONE', #909, 62.50000000000000000 ) ;
#1069 = DIRECTION ( 'NONE',  ( 1.000000000000000000, 0.000000000000000000, 0.000000000000000000 ) ) ;
#1070 = AXIS2_PLACEMENT_3D ( 'NONE', #1623, #959, #1103 ) ;
#1071 = ORIENTED_EDGE ( 'NONE', *, *, #1573, .F. ) ;
#1072 = CYLINDRICAL_SURFACE ( 'NONE', #475, 58.50000000000000000 ) ;
#1073 = PRODUCT_DEFINITION ( 'UNKNOWN', '', #846, #68 ) ;
#1074 = VERTEX_POINT ( 'NONE', #1329 ) ;
#1075 = CYLINDRICAL_SURFACE ( 'NONE', #677, 2.000000000000001776 ) ;
#1076 = ADVANCED_FACE ( 'NONE', ( #945 ), #301, .F. ) ;
#1077 = CARTESIAN_POINT ( 'NONE',  ( -5.382673574888913610E-12, -47.50000000000000000, 3.999999999999996447 ) ) ;
#1078 = CARTESIAN_POINT ( 'NONE',  ( 31.61898170393812180, -18.13401488931353356, 0.000000000000000000 ) ) ;
#1079 = DIRECTION ( 'NONE',  ( -0.000000000000000000, -0.000000000000000000, -1.000000000000000000 ) ) ;
#1080 = ORIENTED_EDGE ( 'NONE', *, *, #982, .T. ) ;
#1081 = DIRECTION ( 'NONE',  ( 0.000000000000000000, 0.000000000000000000, 1.000000000000000000 ) ) ;
#1082 = ORIENTED_EDGE ( 'NONE', *, *, #1270, .F. ) ;
#1083 = AXIS2_PLACEMENT_3D ( 'NONE', #433, #426, #568 ) ;
#1084 = CARTESIAN_POINT ( 'NONE',  ( 0.000000000000000000, 0.000000000000000000, 47.00000000000000000 ) ) ;
#1085 = DIRECTION ( 'NONE',  ( -1.000000000000000000, 0.000000000000000000, 0.000000000000000000 ) ) ;
#1086 = ADVANCED_FACE ( 'NONE', ( #1313 ), #820, .T. ) ;
#1087 = CARTESIAN_POINT ( 'NONE',  ( 33.51400841871534908, 18.31583395275154658, 3.999999999999996447 ) ) ;
#1088 = ORIENTED_EDGE ( 'NONE', *, *, #950, .T. ) ;
#1089 = DIRECTION ( 'NONE',  ( -0.000000000000000000, -0.000000000000000000, -1.000000000000000000 ) ) ;
#1090 = CARTESIAN_POINT ( 'NONE',  ( -36.44984884206949971, -0.1049732852253999482, 0.000000000000000000 ) ) ;
#1091 = CARTESIAN_POINT ( 'NONE',  ( 3.500000000000085709, -47.50000000000000000, 0.000000000000000000 ) ) ;
#1092 = AXIS2_PLACEMENT_3D ( 'NONE', #252, #1081, #928 ) ;
#1093 = EDGE_CURVE ( 'NONE', #238, #1362, #800, .T. ) ;
#1094 = AXIS2_PLACEMENT_3D ( 'NONE', #293, #675, #1458 ) ;
#1095 = DIRECTION ( 'NONE',  ( 0.000000000000000000, 0.000000000000000000, 1.000000000000000000 ) ) ;
#1096 = FACE_OUTER_BOUND ( 'NONE', #1636, .T. ) ;
#1097 = ORIENTED_EDGE ( 'NONE', *, *, #150, .F. ) ;
#1098 = CIRCLE ( 'NONE', #963, 3.500000000000731859 ) ;
#1099 = AXIS2_PLACEMENT_3D ( 'NONE', #1273, #1289, #1007 ) ;
#1100 = ORIENTED_EDGE ( 'NONE', *, *, #1499, .F. ) ;
#1101 = EDGE_LOOP ( 'NONE', ( #736, #970 ) ) ;
#1102 = DIRECTION ( 'NONE',  ( -1.000000000000000000, 0.000000000000000000, 0.000000000000000000 ) ) ;
#1103 = DIRECTION ( 'NONE',  ( 1.000000000000000000, 0.000000000000000000, 0.000000000000000000 ) ) ;
#1104 = CARTESIAN_POINT ( 'NONE',  ( -1.895026714781650412, -36.44984884206770914, 42.00000000000000000 ) ) ;
#1105 = ORIENTED_EDGE ( 'NONE', *, *, #779, .F. ) ;
#1106 = VERTEX_POINT ( 'NONE', #953 ) ;
#1107 = ADVANCED_FACE ( 'NONE', ( #1479 ), #1072, .F. ) ;
#1108 = ORIENTED_EDGE ( 'NONE', *, *, #620, .T. ) ;
#1109 = DIRECTION ( 'NONE',  ( -1.000000000000000000, 0.000000000000000000, 0.000000000000000000 ) ) ;
#1110 = CARTESIAN_POINT ( 'NONE',  ( -3.500000000000000888, 47.50000000000000711, 42.00000000000000000 ) ) ;
#1111 = DIRECTION ( 'NONE',  ( 1.000000000000000000, 0.000000000000000000, 0.000000000000000000 ) ) ;
#1112 = DIRECTION ( 'NONE',  ( 0.000000000000000000, 0.000000000000000000, -1.000000000000000000 ) ) ;
#1113 = VERTEX_POINT ( 'NONE', #183 ) ;
#1114 = VERTEX_POINT ( 'NONE', #681 ) ;
#1115 = EDGE_CURVE ( 'NONE', #1340, #113, #1424, .T. ) ;
#1116 = VERTEX_POINT ( 'NONE', #811 ) ;
#1117 = CYLINDRICAL_SURFACE ( 'NONE', #900, 1.999999999999998224 ) ;
#1118 = DIRECTION ( 'NONE',  ( 0.000000000000000000, 0.000000000000000000, 1.000000000000000000 ) ) ;
#1119 = DIRECTION ( 'NONE',  ( -1.000000000000000000, 0.000000000000000000, 0.000000000000000000 ) ) ;
#1120 = ORIENTED_EDGE ( 'NONE', *, *, #516, .F. ) ;
#1121 = AXIS2_PLACEMENT_3D ( 'NONE', #305, #1337, #1446 ) ;
#1122 = AXIS2_PLACEMENT_3D ( 'NONE', #222, #725, #102 ) ;
#1123 = CARTESIAN_POINT ( 'NONE',  ( 36.44984884206066766, 0.1049732852201437361, 0.000000000000000000 ) ) ;
#1124 = CIRCLE ( 'NONE', #1336, 3.500000000005468515 ) ;
#1125 = CIRCLE ( 'NONE', #243, 3.500000000005468515 ) ;
#1126 = ORIENTED_EDGE ( 'NONE', *, *, #172, .F. ) ;
#1127 = LINE ( 'NONE', #1655, #396 ) ;
#1128 = ORIENTED_EDGE ( 'NONE', *, *, #871, .T. ) ;
#1129 = CARTESIAN_POINT ( 'NONE',  ( 58.50000000000000000, 7.164183775012014056E-15, 47.00000000000000000 ) ) ;
#1130 = ORIENTED_EDGE ( 'NONE', *, *, #330, .T. ) ;
#1131 = DIRECTION ( 'NONE',  ( 0.000000000000000000, 0.000000000000000000, -1.000000000000000000 ) ) ;
#1132 = EDGE_CURVE ( 'NONE', #804, #980, #1098, .T. ) ;
#1133 = DIRECTION ( 'NONE',  ( -0.000000000000000000, -0.000000000000000000, -1.000000000000000000 ) ) ;
#1134 = VERTEX_POINT ( 'NONE', #422 ) ;
#1135 = CIRCLE ( 'NONE', #97, 2.000000000000001776 ) ;
#1136 = DIRECTION ( 'NONE',  ( 0.000000000000000000, 0.000000000000000000, 1.000000000000000000 ) ) ;
#1137 = ORIENTED_EDGE ( 'NONE', *, *, #567, .F. ) ;
#1138 = VECTOR ( 'NONE', #1307, 1000.000000000000000 ) ;
#1139 = VECTOR ( 'NONE', #1309, 1000.000000000000114 ) ;
#1140 = ORIENTED_EDGE ( 'NONE', *, *, #570, .T. ) ;
#1141 = CARTESIAN_POINT ( 'NONE',  ( -5.382673574888913610E-12, -47.50000000000000000, 42.00000000000000000 ) ) ;
#1142 = DIRECTION ( 'NONE',  ( -0.000000000000000000, -0.000000000000000000, -1.000000000000000000 ) ) ;
#1143 = VERTEX_POINT ( 'NONE', #61 ) ;
#1144 = EDGE_CURVE ( 'NONE', #927, #1312, #1568, .T. ) ;
#1145 = CARTESIAN_POINT ( 'NONE',  ( 33.51400841871534908, 18.31583395275154658, 0.000000000000000000 ) ) ;
#1146 = ORIENTED_EDGE ( 'NONE', *, *, #629, .F. ) ;
#1147 = AXIS2_PLACEMENT_3D ( 'NONE', #766, #1142, #11 ) ;
#1148 = VECTOR ( 'NONE', #18, 1000.000000000000000 ) ;
#1149 = ORIENTED_EDGE ( 'NONE', *, *, #576, .T. ) ;
#1150 = AXIS2_PLACEMENT_3D ( 'NONE', #444, #1513, #1111 ) ;
#1151 = DIRECTION ( 'NONE',  ( -1.000000000000000000, 0.000000000000000000, 0.000000000000000000 ) ) ;
#1152 = LINE ( 'NONE', #358, #1169 ) ;
#1153 = ORIENTED_EDGE ( 'NONE', *, *, #1162, .F. ) ;
#1154 = CYLINDRICAL_SURFACE ( 'NONE', #369, 3.500000000002521983 ) ;
#1155 = EDGE_CURVE ( 'NONE', #1074, #351, #366, .T. ) ;
#1156 = ORIENTED_EDGE ( 'NONE', *, *, #43, .F. ) ;
#1157 = CARTESIAN_POINT ( 'NONE',  ( 0.1049732852183500320, -36.44984884206770914, 3.999999999999996447 ) ) ;
#1158 = DIRECTION ( 'NONE',  ( 1.000000000000000000, 0.000000000000000000, -0.000000000000000000 ) ) ;
#1159 = DIRECTION ( 'NONE',  ( -0.000000000000000000, -0.000000000000000000, -1.000000000000000000 ) ) ;
#1160 = DIRECTION ( 'NONE',  ( 0.000000000000000000, 0.000000000000000000, 1.000000000000000000 ) ) ;
#1161 = AXIS2_PLACEMENT_3D ( 'NONE', #207, #574, #292 ) ;
#1162 = EDGE_CURVE ( 'NONE', #608, #1000, #582, .T. ) ;
#1163 = VERTEX_POINT ( 'NONE', #192 ) ;
#1164 =( NAMED_UNIT ( * ) PLANE_ANGLE_UNIT ( ) SI_UNIT ( $, .RADIAN. ) );
#1165 = EDGE_CURVE ( 'NONE', #1362, #238, #449, .T. ) ;
#1166 = CARTESIAN_POINT ( 'NONE',  ( -41.13620667976487510, -23.74999999999766587, 0.000000000000000000 ) ) ;
#1167 = FACE_BOUND ( 'NONE', #373, .T. ) ;
#1168 = FACE_OUTER_BOUND ( 'NONE', #1371, .T. ) ;
#1169 = VECTOR ( 'NONE', #1133, 1000.000000000000000 ) ;
#1170 = EDGE_LOOP ( 'NONE', ( #1235, #1001, #1656, #447 ) ) ;
#1171 = FACE_OUTER_BOUND ( 'NONE', #1284, .T. ) ;
#1172 = AXIS2_PLACEMENT_3D ( 'NONE', #288, #803, #1341 ) ;
#1173 = AXIS2_PLACEMENT_3D ( 'NONE', #1192, #554, #530 ) ;
#1174 = DIRECTION ( 'NONE',  ( 1.000000000000000000, 0.000000000000000000, 0.000000000000000000 ) ) ;
#1175 = CARTESIAN_POINT ( 'NONE',  ( 33.61898170393812535, -18.13401488931353356, 42.00000000000000000 ) ) ;
#1176 = EDGE_CURVE ( 'NONE', #878, #382, #934, .T. ) ;
#1177 = CARTESIAN_POINT ( 'NONE',  ( -18.31583395275860582, 31.51400841871716096, 0.000000000000000000 ) ) ;
#1178 = DIRECTION ( 'NONE',  ( -1.000000000000000000, 0.000000000000000000, 0.000000000000000000 ) ) ;
#1179 = ORIENTED_EDGE ( 'NONE', *, *, #779, .T. ) ;
#1180 = EDGE_LOOP ( 'NONE', ( #1108, #1038, #597, #655 ) ) ;
#1181 = DIRECTION ( 'NONE',  ( 0.2747211278973756832, 3.364363499376717464E-17, -0.9615239476408238284 ) ) ;
#1182 = FACE_BOUND ( 'NONE', #1612, .T. ) ;
#1183 = CARTESIAN_POINT ( 'NONE',  ( 31.51400841871534908, 18.31583395275154658, 3.999999999999996447 ) ) ;
#1184 = ADVANCED_FACE ( 'NONE', ( #1182, #1417, #38, #401, #1428, #652, #790, #910, #534, #1058, #386, #377, #1050, #895, #527, #774, #23, #1578, #270 ), #1287, .T. ) ;
#1185 = CARTESIAN_POINT ( 'NONE',  ( 0.1049732852183500320, -36.44984884206770914, 42.00000000000000000 ) ) ;
#1186 = EDGE_LOOP ( 'NONE', ( #174, #974 ) ) ;
#1187 = DIRECTION ( 'NONE',  ( -0.000000000000000000, -0.000000000000000000, -1.000000000000000000 ) ) ;
#1188 = ORIENTED_EDGE ( 'NONE', *, *, #567, .T. ) ;
#1189 = AXIS2_PLACEMENT_3D ( 'NONE', #585, #1209, #561 ) ;
#1190 = DIRECTION ( 'NONE',  ( -0.000000000000000000, -0.000000000000000000, -1.000000000000000000 ) ) ;
#1191 = DIRECTION ( 'NONE',  ( -0.000000000000000000, -0.000000000000000000, -1.000000000000000000 ) ) ;
#1192 = CARTESIAN_POINT ( 'NONE',  ( -36.44984884206949971, -0.1049732852253999482, 42.00000000000000000 ) ) ;
#1193 = ORIENTED_EDGE ( 'NONE', *, *, #1664, .F. ) ;
#1194 = CARTESIAN_POINT ( 'NONE',  ( 0.000000000000000000, 0.000000000000000000, 0.000000000000000000 ) ) ;
#1195 = ADVANCED_FACE ( 'NONE', ( #1408 ), #129, .F. ) ;
#1196 = ORIENTED_EDGE ( 'NONE', *, *, #576, .F. ) ;
#1197 = VECTOR ( 'NONE', #949, 1000.000000000000000 ) ;
#1198 = VECTOR ( 'NONE', #1561, 1000.000000000000000 ) ;
#1199 = DIRECTION ( 'NONE',  ( -1.000000000000000000, 0.000000000000000000, 0.000000000000000000 ) ) ;
#1200 = CARTESIAN_POINT ( 'NONE',  ( 20.31583395274975246, -31.51400841872239411, 0.000000000000000000 ) ) ;
#1201 = VECTOR ( 'NONE', #1079, 1000.000000000000000 ) ;
#1202 = DIRECTION ( 'NONE',  ( -1.000000000000000000, 0.000000000000000000, 0.000000000000000000 ) ) ;
#1203 = AXIS2_PLACEMENT_3D ( 'NONE', #453, #833, #1367 ) ;
#1204 = VERTEX_POINT ( 'NONE', #17 ) ;
#1205 = DIRECTION ( 'NONE',  ( 0.000000000000000000, 0.000000000000000000, -1.000000000000000000 ) ) ;
#1206 = EDGE_LOOP ( 'NONE', ( #216, #236, #888, #825 ) ) ;
#1207 = EDGE_CURVE ( 'NONE', #726, #683, #1386, .T. ) ;
#1208 = FACE_OUTER_BOUND ( 'NONE', #1030, .T. ) ;
#1209 = DIRECTION ( 'NONE',  ( 0.000000000000000000, 0.000000000000000000, 1.000000000000000000 ) ) ;
#1210 = DIRECTION ( 'NONE',  ( 1.000000000000000000, 0.000000000000000000, 0.000000000000000000 ) ) ;
#1211 = CARTESIAN_POINT ( 'NONE',  ( -62.50000000000000000, 0.000000000000000000, 40.00000000000063238 ) ) ;
#1212 = ORIENTED_EDGE ( 'NONE', *, *, #817, .F. ) ;
#1213 = DIRECTION ( 'NONE',  ( -0.000000000000000000, -0.000000000000000000, -1.000000000000000000 ) ) ;
#1214 = ORIENTED_EDGE ( 'NONE', *, *, #1252, .T. ) ;
#1215 = CARTESIAN_POINT ( 'NONE',  ( -41.13620667976217504, 23.75000000000234124, 42.00000000000000000 ) ) ;
#1216 = EDGE_CURVE ( 'NONE', #103, #349, #1473, .T. ) ;
#1217 = AXIS2_PLACEMENT_3D ( 'NONE', #967, #1474, #1199 ) ;
#1218 = CARTESIAN_POINT ( 'NONE',  ( -29.61898170394697871, 18.13401488930826844, 3.999999999999996447 ) ) ;
#1219 = CYLINDRICAL_SURFACE ( 'NONE', #957, 3.500000000000000888 ) ;
#1220 = EDGE_CURVE ( 'NONE', #328, #382, #519, .T. ) ;
#1221 = LINE ( 'NONE', #1486, #1517 ) ;
#1222 = LINE ( 'NONE', #706, #1257 ) ;
#1223 = ORIENTED_EDGE ( 'NONE', *, *, #22, .T. ) ;
#1224 = DIRECTION ( 'NONE',  ( 0.000000000000000000, 0.000000000000000000, -1.000000000000000000 ) ) ;
#1225 = ORIENTED_EDGE ( 'NONE', *, *, #601, .F. ) ;
#1226 = DIRECTION ( 'NONE',  ( -1.000000000000000000, 0.000000000000000000, 0.000000000000000000 ) ) ;
#1227 = CARTESIAN_POINT ( 'NONE',  ( 44.63620667976176293, -23.75000000000234834, 42.00000000000000000 ) ) ;
#1228 = CIRCLE ( 'NONE', #26, 2.000000000000001776 ) ;
#1229 = EDGE_CURVE ( 'NONE', #205, #919, #414, .T. ) ;
#1230 = CARTESIAN_POINT ( 'NONE',  ( 58.50000000000000000, 7.164183775012014056E-15, 47.00000000000000000 ) ) ;
#1231 = DIRECTION ( 'NONE',  ( -1.000000000000000000, 0.000000000000000000, 0.000000000000000000 ) ) ;
#1232 = EDGE_LOOP ( 'NONE', ( #251, #1644 ) ) ;
#1233 = VECTOR ( 'NONE', #156, 1000.000000000000000 ) ;
#1234 = ORIENTED_EDGE ( 'NONE', *, *, #1465, .F. ) ;
#1235 = ORIENTED_EDGE ( 'NONE', *, *, #1562, .F. ) ;
#1236 = CARTESIAN_POINT ( 'NONE',  ( 41.13620667975679623, -23.75000000000234834, 0.000000000000000000 ) ) ;
#1237 = FACE_OUTER_BOUND ( 'NONE', #1467, .T. ) ;
#1238 = CARTESIAN_POINT ( 'NONE',  ( -37.63620667976144318, 23.75000000000234124, 3.999999999999996447 ) ) ;
#1239 = CARTESIAN_POINT ( 'NONE',  ( 34.44984884206066056, 0.1049732852201437361, 3.999999999999996447 ) ) ;
#1240 = ORIENTED_EDGE ( 'NONE', *, *, #184, .F. ) ;
#1241 = EDGE_CURVE ( 'NONE', #683, #726, #625, .T. ) ;
#1242 = EDGE_LOOP ( 'NONE', ( #1532, #437, #621, #767 ) ) ;
#1243 = ORIENTED_EDGE ( 'NONE', *, *, #1330, .T. ) ;
#1244 = DIRECTION ( 'NONE',  ( -0.000000000000000000, -0.000000000000000000, -1.000000000000000000 ) ) ;
#1245 = AXIS2_PLACEMENT_3D ( 'NONE', #1267, #722, #1109 ) ;
#1246 = DIRECTION ( 'NONE',  ( -0.000000000000000000, -0.000000000000000000, -1.000000000000000000 ) ) ;
#1247 = CIRCLE ( 'NONE', #760, 2.000000000000001776 ) ;
#1248 = CYLINDRICAL_SURFACE ( 'NONE', #448, 1.999999999999998224 ) ;
#1249 = ORIENTED_EDGE ( 'NONE', *, *, #756, .T. ) ;
#1250 = CARTESIAN_POINT ( 'NONE',  ( 0.000000000000000000, 0.000000000000000000, 5.000000000000000000 ) ) ;
#1251 = EDGE_CURVE ( 'NONE', #456, #1628, #257, .T. ) ;
#1252 = EDGE_CURVE ( 'NONE', #1114, #1263, #46, .T. ) ;
#1253 = ORIENTED_EDGE ( 'NONE', *, *, #620, .F. ) ;
#1254 = CARTESIAN_POINT ( 'NONE',  ( -18.13401488931532768, -31.61898170394517038, 3.999999999999996447 ) ) ;
#1255 = DIRECTION ( 'NONE',  ( 0.000000000000000000, 0.000000000000000000, -1.000000000000000000 ) ) ;
#1256 = VERTEX_POINT ( 'NONE', #1300 ) ;
#1257 = VECTOR ( 'NONE', #578, 1000.000000000000000 ) ;
#1258 = ORIENTED_EDGE ( 'NONE', *, *, #488, .F. ) ;
#1259 = CIRCLE ( 'NONE', #1543, 58.50000000000000000 ) ;
#1260 = EDGE_CURVE ( 'NONE', #103, #1328, #512, .T. ) ;
#1261 = ORIENTED_EDGE ( 'NONE', *, *, #96, .T. ) ;
#1262 = DIRECTION ( 'NONE',  ( 1.000000000000000000, 0.000000000000000000, 0.000000000000000000 ) ) ;
#1263 = VERTEX_POINT ( 'NONE', #1554 ) ;
#1264 = CARTESIAN_POINT ( 'NONE',  ( 0.000000000000000000, 0.000000000000000000, 5.000000000000000000 ) ) ;
#1265 = VERTEX_POINT ( 'NONE', #162 ) ;
#1266 = EDGE_LOOP ( 'NONE', ( #356, #1130, #564, #127 ) ) ;
#1267 = CARTESIAN_POINT ( 'NONE',  ( 0.000000000000000000, 0.000000000000000000, 47.00000000000000000 ) ) ;
#1268 = EDGE_CURVE ( 'NONE', #328, #643, #1588, .T. ) ;
#1269 = CYLINDRICAL_SURFACE ( 'NONE', #1147, 1.999999999999998224 ) ;
#1270 = EDGE_CURVE ( 'NONE', #280, #125, #889, .T. ) ;
#1271 = EDGE_LOOP ( 'NONE', ( #744, #1481, #839, #614 ) ) ;
#1272 = AXIS2_PLACEMENT_3D ( 'NONE', #1084, #1598, #814 ) ;
#1273 = CARTESIAN_POINT ( 'NONE',  ( 18.13401488930650274, 31.61898170393991592, 0.000000000000000000 ) ) ;
#1274 = AXIS2_PLACEMENT_3D ( 'NONE', #253, #903, #10 ) ;
#1275 = ORIENTED_EDGE ( 'NONE', *, *, #1268, .F. ) ;
#1276 = CARTESIAN_POINT ( 'NONE',  ( -31.51400841872419178, -18.31583395275679749, 0.000000000000000000 ) ) ;
#1277 = CARTESIAN_POINT ( 'NONE',  ( -60.50000000000019895, 0.000000000000000000, 47.00000000000000000 ) ) ;
#1278 = FACE_BOUND ( 'NONE', #1448, .T. ) ;
#1279 = EDGE_LOOP ( 'NONE', ( #193, #1558 ) ) ;
#1280 = EDGE_CURVE ( 'NONE', #812, #914, #1282, .T. ) ;
#1281 = CARTESIAN_POINT ( 'NONE',  ( 31.51400841871534908, 18.31583395275154658, 3.999999999999996447 ) ) ;
#1282 = CIRCLE ( 'NONE', #1217, 1.999999999999998224 ) ;
#1283 = AXIS2_PLACEMENT_3D ( 'NONE', #40, #286, #1202 ) ;
#1284 = EDGE_LOOP ( 'NONE', ( #413, #679, #572, #922 ) ) ;
#1285 = SURFACE_SIDE_STYLE ('',( #1435 ) ) ;
#1286 = AXIS2_PLACEMENT_3D ( 'NONE', #724, #347, #587 ) ;
#1287 = PLANE ( 'NONE',  #1542 ) ;
#1288 = CARTESIAN_POINT ( 'NONE',  ( 37.63620667975698808, 23.74999999999764100, 3.999999999999996447 ) ) ;
#1289 = DIRECTION ( 'NONE',  ( 0.000000000000000000, 0.000000000000000000, -1.000000000000000000 ) ) ;
#1290 = ADVANCED_FACE ( 'NONE', ( #304 ), #1493, .F. ) ;
#1291 = ORIENTED_EDGE ( 'NONE', *, *, #488, .T. ) ;
#1292 = CARTESIAN_POINT ( 'NONE',  ( 20.31583395274975246, -31.51400841872239411, 42.00000000000000000 ) ) ;
#1293 = DIRECTION ( 'NONE',  ( 0.000000000000000000, 0.000000000000000000, 1.000000000000000000 ) ) ;
#1294 = DIRECTION ( 'NONE',  ( 0.000000000000000000, 0.000000000000000000, 1.000000000000000000 ) ) ;
#1295 = CARTESIAN_POINT ( 'NONE',  ( -58.50000000000000000, 0.000000000000000000, 47.00000000000000000 ) ) ;
#1296 = AXIS2_PLACEMENT_3D ( 'NONE', #1236, #90, #467 ) ;
#1297 = EDGE_CURVE ( 'NONE', #1525, #406, #492, .T. ) ;
#1298 = ORIENTED_EDGE ( 'NONE', *, *, #1176, .T. ) ;
#1299 = ADVANCED_FACE ( 'NONE', ( #955 ), #179, .F. ) ;
#1300 = CARTESIAN_POINT ( 'NONE',  ( 62.50000000000000000, 7.654042494670956226E-15, 5.000000000000000000 ) ) ;
#1301 = PLANE ( 'NONE',  #1094 ) ;
#1302 = CARTESIAN_POINT ( 'NONE',  ( -60.50000000000019895, 0.000000000000000000, 47.00000000000000000 ) ) ;
#1303 = EDGE_LOOP ( 'NONE', ( #213, #1223, #476, #1214 ) ) ;
#1304 = AXIS2_PLACEMENT_3D ( 'NONE', #234, #1355, #1210 ) ;
#1305 = CIRCLE ( 'NONE', #1538, 2.000000000000001776 ) ;
#1306 = ORIENTED_EDGE ( 'NONE', *, *, #264, .T. ) ;
#1307 = DIRECTION ( 'NONE',  ( -0.000000000000000000, -0.000000000000000000, -1.000000000000000000 ) ) ;
#1308 = ADVANCED_FACE ( 'NONE', ( #711 ), #314, .F. ) ;
#1309 = DIRECTION ( 'NONE',  ( -0.2747211278973756832, 0.000000000000000000, -0.9615239476408238284 ) ) ;
#1310 = DIRECTION ( 'NONE',  ( -0.000000000000000000, -0.000000000000000000, -1.000000000000000000 ) ) ;
#1311 = DIRECTION ( 'NONE',  ( 1.000000000000000000, 0.000000000000000000, 0.000000000000000000 ) ) ;
#1312 = VERTEX_POINT ( 'NONE', #931 ) ;
#1313 = FACE_OUTER_BOUND ( 'NONE', #707, .T. ) ;
#1314 = ORIENTED_EDGE ( 'NONE', *, *, #1241, .F. ) ;
#1315 = LINE ( 'NONE', #55, #600 ) ;
#1316 = DIRECTION ( 'NONE',  ( 0.000000000000000000, 0.000000000000000000, 1.000000000000000000 ) ) ;
#1317 = FACE_OUTER_BOUND ( 'NONE', #439, .T. ) ;
#1318 = EDGE_CURVE ( 'NONE', #191, #893, #385, .T. ) ;
#1319 = DIRECTION ( 'NONE',  ( -0.000000000000000000, -0.000000000000000000, -1.000000000000000000 ) ) ;
#1320 = VERTEX_POINT ( 'NONE', #441 ) ;
#1321 = CARTESIAN_POINT ( 'NONE',  ( -41.13620667976217504, 23.75000000000234124, 0.000000000000000000 ) ) ;
#1322 = EDGE_LOOP ( 'NONE', ( #781, #616 ) ) ;
#1323 = AXIS2_PLACEMENT_3D ( 'NONE', #1613, #941, #1226 ) ;
#1324 =( GEOMETRIC_REPRESENTATION_CONTEXT ( 3 ) GLOBAL_UNCERTAINTY_ASSIGNED_CONTEXT ( ( #1469 ) ) GLOBAL_UNIT_ASSIGNED_CONTEXT ( ( #664, #440, #550 ) ) REPRESENTATION_CONTEXT ( 'NONE', 'WORKASPACE' ) );
#1325 = CARTESIAN_POINT ( 'NONE',  ( 0.000000000000000000, 0.000000000000000000, 5.000000000000000000 ) ) ;
#1326 = CARTESIAN_POINT ( 'NONE',  ( -44.63620667976290690, 23.75000000000234124, 42.00000000000000000 ) ) ;
#1327 = DIRECTION ( 'NONE',  ( -1.000000000000000000, 0.000000000000000000, 0.000000000000000000 ) ) ;
#1328 = VERTEX_POINT ( 'NONE', #806 ) ;
#1329 = CARTESIAN_POINT ( 'NONE',  ( -44.63620667976290690, 23.75000000000234124, 3.999999999999996447 ) ) ;
#1330 = EDGE_CURVE ( 'NONE', #729, #1204, #1527, .T. ) ;
#1331 = ORIENTED_EDGE ( 'NONE', *, *, #1162, .T. ) ;
#1332 = DIRECTION ( 'NONE',  ( 1.000000000000000000, 0.000000000000000000, 0.000000000000000000 ) ) ;
#1333 = CIRCLE ( 'NONE', #1393, 3.500000000002521983 ) ;
#1334 = VECTOR ( 'NONE', #263, 1000.000000000000000 ) ;
#1335 = DIRECTION ( 'NONE',  ( -0.000000000000000000, -0.000000000000000000, -1.000000000000000000 ) ) ;
#1336 = AXIS2_PLACEMENT_3D ( 'NONE', #104, #1489, #319 ) ;
#1337 = DIRECTION ( 'NONE',  ( 0.000000000000000000, 0.000000000000000000, -1.000000000000000000 ) ) ;
#1338 = AXIS2_PLACEMENT_3D ( 'NONE', #913, #647, #491 ) ;
#1339 = DIRECTION ( 'NONE',  ( -0.000000000000000000, -0.000000000000000000, -1.000000000000000000 ) ) ;
#1340 = VERTEX_POINT ( 'NONE', #1354 ) ;
#1341 = DIRECTION ( 'NONE',  ( 1.000000000000000000, 0.000000000000000000, 0.000000000000000000 ) ) ;
#1342 = EDGE_CURVE ( 'NONE', #1519, #132, #1029, .T. ) ;
#1343 = EDGE_LOOP ( 'NONE', ( #1509, #549 ) ) ;
#1344 = EDGE_CURVE ( 'NONE', #1000, #608, #1247, .T. ) ;
#1345 = DIRECTION ( 'NONE',  ( 1.000000000000000000, 0.000000000000000000, 0.000000000000000000 ) ) ;
#1346 = DIRECTION ( 'NONE',  ( -0.000000000000000000, -0.000000000000000000, -1.000000000000000000 ) ) ;
#1347 = DIRECTION ( 'NONE',  ( 0.000000000000000000, 0.000000000000000000, -1.000000000000000000 ) ) ;
#1348 = CARTESIAN_POINT ( 'NONE',  ( 2.104973285218350476, -36.44984884206770914, 42.00000000000000000 ) ) ;
#1349 = ORIENTED_EDGE ( 'NONE', *, *, #105, .T. ) ;
#1350 = DIRECTION ( 'NONE',  ( 0.000000000000000000, 0.000000000000000000, 1.000000000000000000 ) ) ;
#1351 = EDGE_CURVE ( 'NONE', #1452, #830, #1659, .T. ) ;
#1352 = AXIS2_PLACEMENT_3D ( 'NONE', #418, #1190, #188 ) ;
#1353 = EDGE_LOOP ( 'NONE', ( #1627, #1601, #242, #965 ) ) ;
#1354 = CARTESIAN_POINT ( 'NONE',  ( -33.51400841872419534, -18.31583395275679749, 0.000000000000000000 ) ) ;
#1355 = DIRECTION ( 'NONE',  ( 0.000000000000000000, 0.000000000000000000, 1.000000000000000000 ) ) ;
#1356 = AXIS2_PLACEMENT_3D ( 'NONE', #1215, #1089, #63 ) ;
#1357 = AXIS2_PLACEMENT_3D ( 'NONE', #1042, #636, #1151 ) ;
#1358 = DIRECTION ( 'NONE',  ( 1.000000000000000000, 0.000000000000000000, 0.000000000000000000 ) ) ;
#1359 = CARTESIAN_POINT ( 'NONE',  ( 18.31583395274975246, -31.51400841872239411, 0.000000000000000000 ) ) ;
#1360 = EDGE_LOOP ( 'NONE', ( #1048, #1402, #994, #1609 ) ) ;
#1361 = EDGE_LOOP ( 'NONE', ( #700, #1053 ) ) ;
#1362 = VERTEX_POINT ( 'NONE', #1484 ) ;
#1363 = FACE_OUTER_BOUND ( 'NONE', #1180, .T. ) ;
#1364 = CYLINDRICAL_SURFACE ( 'NONE', #881, 3.500000000004971135 ) ;
#1365 = EDGE_CURVE ( 'NONE', #371, #1576, #297, .T. ) ;
#1366 = VECTOR ( 'NONE', #1191, 1000.000000000000000 ) ;
#1367 = DIRECTION ( 'NONE',  ( -1.000000000000000000, 0.000000000000000000, 0.000000000000000000 ) ) ;
#1368 = CARTESIAN_POINT ( 'NONE',  ( 3.500000000000085709, -47.50000000000000000, 42.00000000000000000 ) ) ;
#1369 = EDGE_LOOP ( 'NONE', ( #854, #1234 ) ) ;
#1370 = CIRCLE ( 'NONE', #751, 2.000000000000001776 ) ;
#1371 = EDGE_LOOP ( 'NONE', ( #541, #1064, #187, #490 ) ) ;
#1372 = ORIENTED_EDGE ( 'NONE', *, *, #273, .F. ) ;
#1373 = CYLINDRICAL_SURFACE ( 'NONE', #1482, 2.000000000000001776 ) ;
#1374 = LINE ( 'NONE', #732, #56 ) ;
#1375 = CARTESIAN_POINT ( 'NONE',  ( 3.500000000000000888, 47.50000000000000711, 42.00000000000000000 ) ) ;
#1376 = ORIENTED_EDGE ( 'NONE', *, *, #1365, .F. ) ;
#1377 = ADVANCED_FACE ( 'NONE', ( #551 ), #1620, .T. ) ;
#1378 = EDGE_LOOP ( 'NONE', ( #228, #362, #1541, #1497 ) ) ;
#1379 = ORIENTED_EDGE ( 'NONE', *, *, #746, .F. ) ;
#1380 = CARTESIAN_POINT ( 'NONE',  ( 18.13401488930650274, 31.61898170393991592, 0.000000000000000000 ) ) ;
#1381 = CARTESIAN_POINT ( 'NONE',  ( -31.61898170394698226, 18.13401488930826844, 42.00000000000000000 ) ) ;
#1382 = CIRCLE ( 'NONE', #202, 1.999999999999998224 ) ;
#1383 = CIRCLE ( 'NONE', #329, 2.000000000000001776 ) ;
#1384 = DIRECTION ( 'NONE',  ( 1.000000000000000000, 0.000000000000000000, 0.000000000000000000 ) ) ;
#1385 = ORIENTED_EDGE ( 'NONE', *, *, #1023, .T. ) ;
#1386 = CIRCLE ( 'NONE', #302, 2.000000000000000444 ) ;
#1387 = ORIENTED_EDGE ( 'NONE', *, *, #817, .T. ) ;
#1388 = EDGE_CURVE ( 'NONE', #1143, #1515, #705, .T. ) ;
#1389 = ORIENTED_EDGE ( 'NONE', *, *, #43, .T. ) ;
#1390 = DIRECTION ( 'NONE',  ( -0.000000000000000000, -0.000000000000000000, -1.000000000000000000 ) ) ;
#1391 = CARTESIAN_POINT ( 'NONE',  ( 1.895026714772817256, 36.44984884206245113, 3.999999999999996447 ) ) ;
#1392 = EDGE_LOOP ( 'NONE', ( #1261, #177, #523, #507 ) ) ;
#1393 = AXIS2_PLACEMENT_3D ( 'NONE', #100, #1638, #968 ) ;
#1394 = AXIS2_PLACEMENT_3D ( 'NONE', #1662, #1159, #1010 ) ;
#1395 = DIRECTION ( 'NONE',  ( 0.000000000000000000, 0.000000000000000000, -1.000000000000000000 ) ) ;
#1396 = ORIENTED_EDGE ( 'NONE', *, *, #105, .F. ) ;
#1397 = CIRCLE ( 'NONE', #992, 2.000000000000001776 ) ;
#1398 = EDGE_CURVE ( 'NONE', #1204, #275, #831, .T. ) ;
#1399 = ORIENTED_EDGE ( 'NONE', *, *, #1465, .T. ) ;
#1400 = CARTESIAN_POINT ( 'NONE',  ( -20.13401488931532768, -31.61898170394517038, 3.999999999999996447 ) ) ;
#1401 = FACE_BOUND ( 'NONE', #749, .T. ) ;
#1402 = ORIENTED_EDGE ( 'NONE', *, *, #962, .T. ) ;
#1403 = DIRECTION ( 'NONE',  ( 1.000000000000000000, 0.000000000000000000, 0.000000000000000000 ) ) ;
#1404 = EDGE_LOOP ( 'NONE', ( #1641, #981, #591, #864 ) ) ;
#1405 = ORIENTED_EDGE ( 'NONE', *, *, #861, .T. ) ;
#1406 = DIRECTION ( 'NONE',  ( 0.000000000000000000, 0.000000000000000000, 1.000000000000000000 ) ) ;
#1407 = EDGE_CURVE ( 'NONE', #1576, #1570, #231, .T. ) ;
#1408 = FACE_OUTER_BOUND ( 'NONE', #307, .T. ) ;
#1409 = CARTESIAN_POINT ( 'NONE',  ( -37.63620667976144318, 23.75000000000234124, 42.00000000000000000 ) ) ;
#1410 = VERTEX_POINT ( 'NONE', #1218 ) ;
#1411 = AXIS2_PLACEMENT_3D ( 'NONE', #459, #1131, #885 ) ;
#1412 = DIRECTION ( 'NONE',  ( 1.000000000000000000, 0.000000000000000000, 0.000000000000000000 ) ) ;
#1413 = VERTEX_POINT ( 'NONE', #71 ) ;
#1414 = CIRCLE ( 'NONE', #148, 66.49999999999998579 ) ;
#1415 = EDGE_LOOP ( 'NONE', ( #421, #961 ) ) ;
#1416 = DIRECTION ( 'NONE',  ( 1.000000000000000000, 0.000000000000000000, 0.000000000000000000 ) ) ;
#1417 = FACE_BOUND ( 'NONE', #555, .T. ) ;
#1418 = EDGE_CURVE ( 'NONE', #990, #1413, #464, .T. ) ;
#1419 = FACE_BOUND ( 'NONE', #598, .T. ) ;
#1420 = DIRECTION ( 'NONE',  ( 0.000000000000000000, 0.000000000000000000, 1.000000000000000000 ) ) ;
#1421 = VECTOR ( 'NONE', #1512, 1000.000000000000000 ) ;
#1422 = AXIS2_PLACEMENT_3D ( 'NONE', #960, #733, #834 ) ;
#1423 = CYLINDRICAL_SURFACE ( 'NONE', #633, 2.000000000000001776 ) ;
#1424 = CIRCLE ( 'NONE', #1041, 2.000000000000001776 ) ;
#1425 = AXIS2_PLACEMENT_3D ( 'NONE', #768, #1395, #1657 ) ;
#1426 = ORIENTED_EDGE ( 'NONE', *, *, #756, .F. ) ;
#1427 = DIRECTION ( 'NONE',  ( -1.000000000000000000, 0.000000000000000000, 0.000000000000000000 ) ) ;
#1428 = FACE_BOUND ( 'NONE', #1361, .T. ) ;
#1429 = LINE ( 'NONE', #513, #609 ) ;
#1430 = FACE_OUTER_BOUND ( 'NONE', #28, .T. ) ;
#1431 = APPLICATION_CONTEXT ( 'automotive_design' ) ;
#1432 = ORIENTED_EDGE ( 'NONE', *, *, #1260, .T. ) ;
#1433 = EDGE_CURVE ( 'NONE', #1106, #1634, #816, .T. ) ;
#1434 = VERTEX_POINT ( 'NONE', #849 ) ;
#1435 = SURFACE_STYLE_FILL_AREA ( #1577 ) ;
#1436 = DIRECTION ( 'NONE',  ( 0.000000000000000000, 0.000000000000000000, -1.000000000000000000 ) ) ;
#1437 = CYLINDRICAL_SURFACE ( 'NONE', #1564, 2.000000000000001776 ) ;
#1438 = DIRECTION ( 'NONE',  ( -0.000000000000000000, -0.000000000000000000, -1.000000000000000000 ) ) ;
#1439 = ORIENTED_EDGE ( 'NONE', *, *, #861, .F. ) ;
#1440 = AXIS2_PLACEMENT_3D ( 'NONE', #1637, #995, #1520 ) ;
#1441 = EDGE_CURVE ( 'NONE', #125, #280, #355, .T. ) ;
#1442 = AXIS2_PLACEMENT_3D ( 'NONE', #1141, #391, #260 ) ;
#1443 = ORIENTED_EDGE ( 'NONE', *, *, #384, .T. ) ;
#1444 = CARTESIAN_POINT ( 'NONE',  ( -34.44984884206949260, -0.1049732852253997123, 42.00000000000000000 ) ) ;
#1445 = DIRECTION ( 'NONE',  ( 0.000000000000000000, 0.000000000000000000, -1.000000000000000000 ) ) ;
#1446 = DIRECTION ( 'NONE',  ( -1.000000000000000000, 0.000000000000000000, 0.000000000000000000 ) ) ;
#1447 = CARTESIAN_POINT ( 'NONE',  ( -20.31583395275860582, 31.51400841871716096, 42.00000000000000000 ) ) ;
#1448 = EDGE_LOOP ( 'NONE', ( #6, #939 ) ) ;
#1449 = DIRECTION ( 'NONE',  ( -0.000000000000000000, -0.000000000000000000, -1.000000000000000000 ) ) ;
#1450 = EDGE_CURVE ( 'NONE', #907, #1320, #487, .T. ) ;
#1451 = CIRCLE ( 'NONE', #958, 1.999999999999998224 ) ;
#1452 = VERTEX_POINT ( 'NONE', #741 ) ;
#1453 = FACE_OUTER_BOUND ( 'NONE', #1353, .T. ) ;
#1454 = AXIS2_PLACEMENT_3D ( 'NONE', #1602, #1054, #431 ) ;
#1455 = ADVANCED_FACE ( 'NONE', ( #1363 ), #115, .T. ) ;
#1456 = CIRCLE ( 'NONE', #1569, 2.000000000000001776 ) ;
#1457 = DIRECTION ( 'NONE',  ( -1.000000000000000000, 0.000000000000000000, 0.000000000000000000 ) ) ;
#1458 = DIRECTION ( 'NONE',  ( 1.000000000000000000, 0.000000000000000000, -0.000000000000000000 ) ) ;
#1459 = CARTESIAN_POINT ( 'NONE',  ( 41.13620667975679623, -23.75000000000234834, 3.999999999999996447 ) ) ;
#1460 = ORIENTED_EDGE ( 'NONE', *, *, #291, .T. ) ;
#1461 = CARTESIAN_POINT ( 'NONE',  ( -36.44984884206949971, -0.1049732852253999482, 0.000000000000000000 ) ) ;
#1462 = ORIENTED_EDGE ( 'NONE', *, *, #1562, .T. ) ;
#1463 = DIRECTION ( 'NONE',  ( 0.000000000000000000, 0.000000000000000000, 1.000000000000000000 ) ) ;
#1464 = FACE_BOUND ( 'NONE', #1008, .T. ) ;
#1465 = EDGE_CURVE ( 'NONE', #60, #631, #518, .T. ) ;
#1466 = FACE_OUTER_BOUND ( 'NONE', #94, .T. ) ;
#1467 = EDGE_LOOP ( 'NONE', ( #1179, #1462, #1061, #486 ) ) ;
#1468 = DIRECTION ( 'NONE',  ( 0.000000000000000000, 0.000000000000000000, -1.000000000000000000 ) ) ;
#1469 = UNCERTAINTY_MEASURE_WITH_UNIT (LENGTH_MEASURE( 1.000000000000000082E-05 ), #664, 'distance_accuracy_value', 'NONE');
#1470 = CIRCLE ( 'NONE', #1296, 3.500000000004971135 ) ;
#1471 = ORIENTED_EDGE ( 'NONE', *, *, #794, .F. ) ;
#1472 = APPLICATION_PROTOCOL_DEFINITION ( 'draft international standard', 'automotive_design', 1998, #1431 ) ;
#1473 = CIRCLE ( 'NONE', #1274, 1.999999999999998224 ) ;
#1474 = DIRECTION ( 'NONE',  ( 0.000000000000000000, 0.000000000000000000, -1.000000000000000000 ) ) ;
#1475 = CARTESIAN_POINT ( 'NONE',  ( -62.50000000000000000, 0.000000000000000000, 47.00000000000000000 ) ) ;
#1476 = ADVANCED_FACE ( 'NONE', ( #1009 ), #342, .F. ) ;
#1477 = FACE_OUTER_BOUND ( 'NONE', #663, .T. ) ;
#1478 = ORIENTED_EDGE ( 'NONE', *, *, #435, .F. ) ;
#1479 = FACE_OUTER_BOUND ( 'NONE', #1488, .T. ) ;
#1480 = ADVANCED_FACE ( 'NONE', ( #603 ), #1117, .F. ) ;
#1481 = ORIENTED_EDGE ( 'NONE', *, *, #1344, .T. ) ;
#1482 = AXIS2_PLACEMENT_3D ( 'NONE', #315, #1346, #1102 ) ;
#1483 = CIRCLE ( 'NONE', #882, 58.50000000000000000 ) ;
#1484 = CARTESIAN_POINT ( 'NONE',  ( 16.31583395274975601, -31.51400841872239411, 3.999999999999996447 ) ) ;
#1485 = FACE_OUTER_BOUND ( 'NONE', #359, .T. ) ;
#1486 = CARTESIAN_POINT ( 'NONE',  ( -29.61898170394697871, 18.13401488930826844, 42.00000000000000000 ) ) ;
#1487 = DIRECTION ( 'NONE',  ( 1.000000000000000000, 0.000000000000000000, 0.000000000000000000 ) ) ;
#1488 = EDGE_LOOP ( 'NONE', ( #1575, #584, #160, #1396 ) ) ;
#1489 = DIRECTION ( 'NONE',  ( 0.000000000000000000, 0.000000000000000000, -1.000000000000000000 ) ) ;
#1490 = ADVANCED_FACE ( 'NONE', ( #121 ), #750, .T. ) ;
#1491 = APPLICATION_PROTOCOL_DEFINITION ( 'draft international standard', 'automotive_design', 1998, #665 ) ;
#1492 = ORIENTED_EDGE ( 'NONE', *, *, #1216, .F. ) ;
#1493 = CYLINDRICAL_SURFACE ( 'NONE', #676, 3.500000000000000888 ) ;
#1494 = DIRECTION ( 'NONE',  ( 1.000000000000000000, 0.000000000000000000, 0.000000000000000000 ) ) ;
#1495 = DIRECTION ( 'NONE',  ( -1.000000000000000000, 0.000000000000000000, 0.000000000000000000 ) ) ;
#1496 = DIRECTION ( 'NONE',  ( 1.000000000000000000, 0.000000000000000000, -0.000000000000000000 ) ) ;
#1497 = ORIENTED_EDGE ( 'NONE', *, *, #682, .F. ) ;
#1498 = ORIENTED_EDGE ( 'NONE', *, *, #669, .F. ) ;
#1499 = EDGE_CURVE ( 'NONE', #1134, #169, #176, .T. ) ;
#1500 = MECHANICAL_DESIGN_GEOMETRIC_PRESENTATION_REPRESENTATION (  '', ( #735 ), #872 ) ;
#1501 = ORIENTED_EDGE ( 'NONE', *, *, #982, .F. ) ;
#1502 = CARTESIAN_POINT ( 'NONE',  ( -37.63620667976147161, -23.74999999999766587, 3.999999999999996447 ) ) ;
#1503 = LINE ( 'NONE', #1110, #473 ) ;
#1504 = AXIS2_PLACEMENT_3D ( 'NONE', #1276, #152, #9 ) ;
#1505 = AXIS2_PLACEMENT_3D ( 'NONE', #1033, #1293, #145 ) ;
#1506 = FACE_OUTER_BOUND ( 'NONE', #546, .T. ) ;
#1507 = DIRECTION ( 'NONE',  ( -0.000000000000000000, -0.000000000000000000, -1.000000000000000000 ) ) ;
#1508 = VERTEX_POINT ( 'NONE', #1400 ) ;
#1509 = ORIENTED_EDGE ( 'NONE', *, *, #1165, .F. ) ;
#1510 = ORIENTED_EDGE ( 'NONE', *, *, #84, .T. ) ;
#1511 = CARTESIAN_POINT ( 'NONE',  ( 33.61898170393812535, -18.13401488931353356, 0.000000000000000000 ) ) ;
#1512 = DIRECTION ( 'NONE',  ( -0.000000000000000000, -0.000000000000000000, -1.000000000000000000 ) ) ;
#1513 = DIRECTION ( 'NONE',  ( 0.000000000000000000, 0.000000000000000000, 1.000000000000000000 ) ) ;
#1514 = LINE ( 'NONE', #1348, #262 ) ;
#1515 = VERTEX_POINT ( 'NONE', #1502 ) ;
#1516 = AXIS2_PLACEMENT_3D ( 'NONE', #1539, #1160, #1020 ) ;
#1517 = VECTOR ( 'NONE', #482, 1000.000000000000000 ) ;
#1518 = ORIENTED_EDGE ( 'NONE', *, *, #1365, .T. ) ;
#1519 = VERTEX_POINT ( 'NONE', #332 ) ;
#1520 = DIRECTION ( 'NONE',  ( -1.000000000000000000, 0.000000000000000000, 0.000000000000000000 ) ) ;
#1521 = DIRECTION ( 'NONE',  ( 1.000000000000000000, 0.000000000000000000, 0.000000000000000000 ) ) ;
#1522 = EDGE_CURVE ( 'NONE', #1320, #1116, #1470, .T. ) ;
#1523 = CYLINDRICAL_SURFACE ( 'NONE', #1647, 2.000000000000000444 ) ;
#1524 = ORIENTED_EDGE ( 'NONE', *, *, #590, .T. ) ;
#1525 = VERTEX_POINT ( 'NONE', #1511 ) ;
#1526 = VERTEX_POINT ( 'NONE', #867 ) ;
#1527 = CIRCLE ( 'NONE', #1083, 3.500000000002521983 ) ;
#1528 = CARTESIAN_POINT ( 'NONE',  ( -2.104973285227183855, 36.44984884206245113, 3.999999999999996447 ) ) ;
#1529 = EDGE_CURVE ( 'NONE', #1328, #559, #1382, .T. ) ;
#1530 = CARTESIAN_POINT ( 'NONE',  ( 1.895026714772817256, 36.44984884206245113, 0.000000000000000000 ) ) ;
#1531 = EDGE_CURVE ( 'NONE', #1508, #810, #1135, .T. ) ;
#1532 = ORIENTED_EDGE ( 'NONE', *, *, #1155, .T. ) ;
#1533 = DIRECTION ( 'NONE',  ( -1.000000000000000000, 0.000000000000000000, 0.000000000000000000 ) ) ;
#1534 = AXIS2_PLACEMENT_3D ( 'NONE', #1461, #1468, #175 ) ;
#1535 = FACE_OUTER_BOUND ( 'NONE', #1002, .T. ) ;
#1536 = EDGE_LOOP ( 'NONE', ( #1550, #455 ) ) ;
#1537 = CIRCLE ( 'NONE', #1534, 2.000000000000001776 ) ;
#1538 = AXIS2_PLACEMENT_3D ( 'NONE', #1078, #807, #822 ) ;
#1539 = CARTESIAN_POINT ( 'NONE',  ( -41.13620667976217504, 23.75000000000234124, 3.999999999999996447 ) ) ;
#1540 = PRODUCT_RELATED_PRODUCT_CATEGORY ( 'part', '', ( #74 ) ) ;
#1541 = ORIENTED_EDGE ( 'NONE', *, *, #15, .T. ) ;
#1542 = AXIS2_PLACEMENT_3D ( 'NONE', #797, #666, #1158 ) ;
#1543 = AXIS2_PLACEMENT_3D ( 'NONE', #1060, #1339, #294 ) ;
#1544 = EDGE_CURVE ( 'NONE', #859, #987, #1583, .T. ) ;
#1545 = ORIENTED_EDGE ( 'NONE', *, *, #457, .T. ) ;
#1546 = SURFACE_STYLE_USAGE ( .BOTH. , #1285 ) ;
#1547 = FACE_BOUND ( 'NONE', #432, .T. ) ;
#1548 = EDGE_LOOP ( 'NONE', ( #1240, #1126 ) ) ;
#1549 = CYLINDRICAL_SURFACE ( 'NONE', #27, 3.500000000002521983 ) ;
#1550 = ORIENTED_EDGE ( 'NONE', *, *, #1522, .F. ) ;
#1551 = ADVANCED_FACE ( 'NONE', ( #533 ), #524, .F. ) ;
#1552 = MANIFOLD_SOLID_BREP ( 'Schnitt-Linear austragen1', #339 ) ;
#1553 = ORIENTED_EDGE ( 'NONE', *, *, #1643, .T. ) ;
#1554 = CARTESIAN_POINT ( 'NONE',  ( -37.63620667976147161, -23.74999999999766587, 0.000000000000000000 ) ) ;
#1555 = CARTESIAN_POINT ( 'NONE',  ( -36.44984884206949971, -0.1049732852253999482, 3.999999999999996447 ) ) ;
#1556 = AXIS2_PLACEMENT_3D ( 'NONE', #1066, #57, #1589 ) ;
#1557 = CARTESIAN_POINT ( 'NONE',  ( -29.51400841872418823, -18.31583395275679749, 0.000000000000000000 ) ) ;
#1558 = ORIENTED_EDGE ( 'NONE', *, *, #22, .F. ) ;
#1559 = CYLINDRICAL_SURFACE ( 'NONE', #1442, 3.500000000005468515 ) ;
#1560 = DIRECTION ( 'NONE',  ( 0.000000000000000000, 0.000000000000000000, -1.000000000000000000 ) ) ;
#1561 = DIRECTION ( 'NONE',  ( -0.000000000000000000, -0.000000000000000000, -1.000000000000000000 ) ) ;
#1562 = EDGE_CURVE ( 'NONE', #290, #990, #1049, .T. ) ;
#1563 = CYLINDRICAL_SURFACE ( 'NONE', #1338, 2.000000000000001776 ) ;
#1564 = AXIS2_PLACEMENT_3D ( 'NONE', #180, #942, #298 ) ;
#1565 = VECTOR ( 'NONE', #646, 1000.000000000000000 ) ;
#1566 = CIRCLE ( 'NONE', #1040, 3.500000000003403056 ) ;
#1567 = DIRECTION ( 'NONE',  ( -0.000000000000000000, -0.000000000000000000, -1.000000000000000000 ) ) ;
#1568 = CIRCLE ( 'NONE', #748, 66.49999999999998579 ) ;
#1569 = AXIS2_PLACEMENT_3D ( 'NONE', #133, #265, #785 ) ;
#1570 = VERTEX_POINT ( 'NONE', #923 ) ;
#1571 = DIRECTION ( 'NONE',  ( 1.000000000000000000, 0.000000000000000000, 0.000000000000000000 ) ) ;
#1572 = LINE ( 'NONE', #925, #770 ) ;
#1573 = EDGE_CURVE ( 'NONE', #238, #914, #915, .T. ) ;
#1574 = DIRECTION ( 'NONE',  ( -0.000000000000000000, -0.000000000000000000, -1.000000000000000000 ) ) ;
#1575 = ORIENTED_EDGE ( 'NONE', *, *, #765, .T. ) ;
#1576 = VERTEX_POINT ( 'NONE', #772 ) ;
#1577 = FILL_AREA_STYLE ('',( #1039 ) ) ;
#1578 = FACE_BOUND ( 'NONE', #1027, .T. ) ;
#1579 = FACE_OUTER_BOUND ( 'NONE', #580, .T. ) ;
#1580 = CARTESIAN_POINT ( 'NONE',  ( -38.44984884206949971, -0.1049732852253999482, 3.999999999999996447 ) ) ;
#1581 = ORIENTED_EDGE ( 'NONE', *, *, #1595, .T. ) ;
#1582 = ADVANCED_FACE ( 'NONE', ( #1171 ), #894, .F. ) ;
#1583 = CIRCLE ( 'NONE', #122, 2.000000000000000444 ) ;
#1584 = AXIS2_PLACEMENT_3D ( 'NONE', #908, #1024, #1427 ) ;
#1585 = EDGE_CURVE ( 'NONE', #113, #1340, #493, .T. ) ;
#1586 = ORIENTED_EDGE ( 'NONE', *, *, #1499, .T. ) ;
#1587 = CARTESIAN_POINT ( 'NONE',  ( 60.50000000000019895, 7.409113134841512751E-15, 47.00000000000000000 ) ) ;
#1588 = CIRCLE ( 'NONE', #592, 60.50000000000019895 ) ;
#1589 = DIRECTION ( 'NONE',  ( -1.000000000000000000, 0.000000000000000000, 0.000000000000000000 ) ) ;
#1590 = DIRECTION ( 'NONE',  ( -0.000000000000000000, -0.000000000000000000, -1.000000000000000000 ) ) ;
#1591 = DIRECTION ( 'NONE',  ( -1.000000000000000000, 0.000000000000000000, 0.000000000000000000 ) ) ;
#1592 = ORIENTED_EDGE ( 'NONE', *, *, #1351, .T. ) ;
#1593 = DIRECTION ( 'NONE',  ( -1.000000000000000000, 0.000000000000000000, 0.000000000000000000 ) ) ;
#1594 = ORIENTED_EDGE ( 'NONE', *, *, #1144, .T. ) ;
#1595 = EDGE_CURVE ( 'NONE', #1434, #1603, #1414, .T. ) ;
#1596 = CYLINDRICAL_SURFACE ( 'NONE', #1356, 3.500000000000731859 ) ;
#1597 = CIRCLE ( 'NONE', #1150, 2.000000000000001776 ) ;
#1598 = DIRECTION ( 'NONE',  ( -0.000000000000000000, -0.000000000000000000, -1.000000000000000000 ) ) ;
#1599 = DIRECTION ( 'NONE',  ( 1.000000000000000000, 0.000000000000000000, 0.000000000000000000 ) ) ;
#1600 = CARTESIAN_POINT ( 'NONE',  ( -37.63620667976147161, -23.74999999999766587, 42.00000000000000000 ) ) ;
#1601 = ORIENTED_EDGE ( 'NONE', *, *, #153, .T. ) ;
#1602 = CARTESIAN_POINT ( 'NONE',  ( -41.13620667976217504, 23.75000000000234124, 3.999999999999996447 ) ) ;
#1603 = VERTEX_POINT ( 'NONE', #511 ) ;
#1604 = DIRECTION ( 'NONE',  ( 0.000000000000000000, 0.000000000000000000, 1.000000000000000000 ) ) ;
#1605 = ADVANCED_FACE ( 'NONE', ( #624 ), #1559, .F. ) ;
#1606 = CARTESIAN_POINT ( 'NONE',  ( 0.000000000000000000, 47.50000000000000711, 3.999999999999996447 ) ) ;
#1607 = CARTESIAN_POINT ( 'NONE',  ( 16.31583395274975601, -31.51400841872239411, 0.000000000000000000 ) ) ;
#1608 = CARTESIAN_POINT ( 'NONE',  ( -31.61898170394698226, 18.13401488930826844, 3.999999999999996447 ) ) ;
#1609 = ORIENTED_EDGE ( 'NONE', *, *, #1229, .T. ) ;
#1610 = CARTESIAN_POINT ( 'NONE',  ( -31.51400841872419178, -18.31583395275679749, 0.000000000000000000 ) ) ;
#1611 = AXIS2_PLACEMENT_3D ( 'NONE', #1090, #674, #451 ) ;
#1612 = EDGE_LOOP ( 'NONE', ( #1492, #1193 ) ) ;
#1613 = CARTESIAN_POINT ( 'NONE',  ( 0.000000000000000000, 47.50000000000000711, 0.000000000000000000 ) ) ;
#1614 = LINE ( 'NONE', #731, #310 ) ;
#1615 = EDGE_CURVE ( 'NONE', #919, #205, #1383, .T. ) ;
#1616 = LINE ( 'NONE', #210, #185 ) ;
#1617 = ORIENTED_EDGE ( 'NONE', *, *, #7, .T. ) ;
#1618 = DIRECTION ( 'NONE',  ( 1.000000000000000000, 0.000000000000000000, 0.000000000000000000 ) ) ;
#1619 = AXIS2_PLACEMENT_3D ( 'NONE', #784, #1294, #254 ) ;
#1620 = CYLINDRICAL_SURFACE ( 'NONE', #789, 66.49999999999998579 ) ;
#1621 = CARTESIAN_POINT ( 'NONE',  ( 2.104973285218350476, -36.44984884206770914, 3.999999999999996447 ) ) ;
#1622 = CIRCLE ( 'NONE', #857, 58.50000000000000000 ) ;
#1623 = CARTESIAN_POINT ( 'NONE',  ( 0.000000000000000000, 0.000000000000000000, 47.00000000000000000 ) ) ;
#1624 = DIRECTION ( 'NONE',  ( -0.000000000000000000, -0.000000000000000000, -1.000000000000000000 ) ) ;
#1625 = ORIENTED_EDGE ( 'NONE', *, *, #883, .F. ) ;
#1626 = ADVANCED_FACE ( 'NONE', ( #128 ), #635, .F. ) ;
#1627 = ORIENTED_EDGE ( 'NONE', *, *, #693, .F. ) ;
#1628 = VERTEX_POINT ( 'NONE', #902 ) ;
#1629 = DIRECTION ( 'NONE',  ( -1.000000000000000000, 0.000000000000000000, 0.000000000000000000 ) ) ;
#1630 = FACE_OUTER_BOUND ( 'NONE', #718, .T. ) ;
#1631 = DIRECTION ( 'NONE',  ( -0.000000000000000000, -0.000000000000000000, -1.000000000000000000 ) ) ;
#1632 = FACE_OUTER_BOUND ( 'NONE', #510, .T. ) ;
#1633 = ORIENTED_EDGE ( 'NONE', *, *, #669, .T. ) ;
#1634 = VERTEX_POINT ( 'NONE', #138 ) ;
#1635 = EDGE_CURVE ( 'NONE', #643, #878, #644, .T. ) ;
#1636 = EDGE_LOOP ( 'NONE', ( #1071, #322, #1306, #389 ) ) ;
#1637 = CARTESIAN_POINT ( 'NONE',  ( 0.000000000000000000, 0.000000000000000000, 5.000000000000000000 ) ) ;
#1638 = DIRECTION ( 'NONE',  ( 0.000000000000000000, 0.000000000000000000, -1.000000000000000000 ) ) ;
#1639 = CARTESIAN_POINT ( 'NONE',  ( 29.51400841871534908, 18.31583395275154658, 3.999999999999996447 ) ) ;
#1640 = CARTESIAN_POINT ( 'NONE',  ( 0.1049732852183500320, -36.44984884206770914, 42.00000000000000000 ) ) ;
#1641 = ORIENTED_EDGE ( 'NONE', *, *, #1342, .T. ) ;
#1642 = ORIENTED_EDGE ( 'NONE', *, *, #229, .F. ) ;
#1643 = EDGE_CURVE ( 'NONE', #810, #1113, #1315, .T. ) ;
#1644 = ORIENTED_EDGE ( 'NONE', *, *, #1433, .F. ) ;
#1645 = CARTESIAN_POINT ( 'NONE',  ( 31.51400841871534908, 18.31583395275154658, 0.000000000000000000 ) ) ;
#1646 = CARTESIAN_POINT ( 'NONE',  ( 31.61898170393812180, -18.13401488931353356, 3.999999999999996447 ) ) ;
#1647 = AXIS2_PLACEMENT_3D ( 'NONE', #1640, #863, #235 ) ;
#1648 = CARTESIAN_POINT ( 'NONE',  ( 20.13401488930650274, 31.61898170393991592, 3.999999999999996447 ) ) ;
#1649 = FACE_OUTER_BOUND ( 'NONE', #45, .T. ) ;
#1650 = ORIENTED_EDGE ( 'NONE', *, *, #570, .F. ) ;
#1651 = AXIS2_PLACEMENT_3D ( 'NONE', #824, #1574, #279 ) ;
#1652 = ORIENTED_EDGE ( 'NONE', *, *, #1297, .F. ) ;
#1653 = DIRECTION ( 'NONE',  ( 0.000000000000000000, 0.000000000000000000, 1.000000000000000000 ) ) ;
#1654 = ADVANCED_FACE ( 'NONE', ( #1208 ), #1075, .F. ) ;
#1655 = CARTESIAN_POINT ( 'NONE',  ( 1.895026714772817256, 36.44984884206245113, 42.00000000000000000 ) ) ;
#1656 = ORIENTED_EDGE ( 'NONE', *, *, #1005, .T. ) ;
#1657 = DIRECTION ( 'NONE',  ( -1.000000000000000000, 0.000000000000000000, 0.000000000000000000 ) ) ;
#1658 = ORIENTED_EDGE ( 'NONE', *, *, #713, .T. ) ;
#1659 = CIRCLE ( 'NONE', #1161, 2.000000000000001776 ) ;
#1660 = ADVANCED_FACE ( 'NONE', ( #1453 ), #1596, .F. ) ;
#1661 = AXIS2_PLACEMENT_3D ( 'NONE', #838, #1604, #37 ) ;
#1662 = CARTESIAN_POINT ( 'NONE',  ( 41.13620667975679623, -23.75000000000234834, 42.00000000000000000 ) ) ;
#1663 = EDGE_LOOP ( 'NONE', ( #303, #1097 ) ) ;
#1664 = EDGE_CURVE ( 'NONE', #349, #103, #708, .T. ) ;
#1665 = DIRECTION ( 'NONE',  ( -0.000000000000000000, -0.000000000000000000, -1.000000000000000000 ) ) ;
#1666 = EDGE_LOOP ( 'NONE', ( #1047, #517, #1149, #1426 ) ) ;
#1667 = CARTESIAN_POINT ( 'NONE',  ( -31.51400841872419178, -18.31583395275679749, 42.00000000000000000 ) ) ;
ENDSEC;
END-ISO-10303-21;
